insert into UTILISATEUR (USER_ID, NOM, PRENOM, MAIL, PASSWORD, STATUT) values (13, 'NHQ8R7U  RQOABA7NMO7EDXA7K0T7MA6 53E6C3YT4SVS2NMBP', 'JRD 9GN0WAA8L9UEYAIBRNQLS JK9P4UGXT7X8XLV5JMD7JNU9', 'AC6C6V6ED FAEDW93GMCEM N71FVDPJIPQBR6LH29GI0GG283SVIEFRONI8U4C5MRQE9TN4VICQVCDT1RSHVHC8V5INSVDEMX0G4', 'ETKVTGWR9Y6X8 2DGXP9BB7AQUBATVNB98FL9JPXHJJNIQ22EX', 68);

insert into UTILISATEUR (USER_ID, NOM, PRENOM, MAIL, PASSWORD, STATUT) values (10, 'SBDO0KNTL611LJ3QWPPEOO8OVHG76CLDW2JSGM15 Q8BFFXRTD', 'DL5JLJ8NLOD0M182TX50 PQUMDJTQQ1WDW3P2O96595B6LDRX0', 'LQ8K8NIWANVS0THDVWVXR3NX3NT3NMO3GBNVEJFKXKMLPJ5K7IVMFMD3MXLP7WBHQOVKYK7 C73MMYVJIA1Q0R4LRLL4UFW45S1H', '6SYST5S84AHG07NW8HTD15M581OWD1VCPGHU4MN81NRI7 DKTG', 79);

insert into UTILISATEUR (USER_ID, NOM, PRENOM, MAIL, PASSWORD, STATUT) values (14, 'YVD2JMEJDNHTFYCLV6 LB4TXRTSUIAYF69TE7U7WDA3P08YSVE', 'M3 0STJOKVCATQ966LXWFC13H4RWUG6DV6BOO9YVVICJS JAV0', 'PHRQ0FY3F95W95U3AGEB4YC3O21EUIYGDE3YSVJ6PYQR9UFL URMS  BP H7DG3CMME9YXW5YWISRTK1LI2GAJDKXM8 Q J2 T2W', ' O28HPTNDW0DUEVOVTCBRO1V6KU MWLH8E2J9UJ23E9PR1YXYB', 51);

insert into UTILISATEUR (USER_ID, NOM, PRENOM, MAIL, PASSWORD, STATUT) values (11, '7WHU2 9 O53VRM86M9VMG3U2E1LLWBT2N6RV6WXAY 1O6JP58E', '2NJQQX93F 09EXB4HGJ46AQ1W81R88L MXXPFN69F9O4 OB55K', '6TNBJ3F7HCQFP569H7 O5OBN883JVVLKLH3 RYPQFH ONU70NBYF461RO56QN0MHMR7IT2NL323SSYE8H12QHDSA8HVOLO0H84M9', 'WD13NK9GP329NHTTHWK2AWBDG4F2VNK8BESU2DD9SPPSQI1I T', 91);

insert into UTILISATEUR (USER_ID, NOM, PRENOM, MAIL, PASSWORD, STATUT) values (16, 'BWTLWYR1OWSNKQQEKEYFR7E8UAHISU1YI1AHAYF9VLM0N1STD2', 'U767C3EL2U6YNVS9BFU3YV6TYR1K5P5TH0K2TM9FQVQH890PRU', 'UFSMCPHQA2504BTGUU5THQXDUNQUQXMNU6P4IS8L931V2V8KNFSFE5PVIYWFS944QT9X8I0GR7QY855YA9NQETA9JXSLK1Q5C3DG', 'DKKSB24D227FCS9KP16XSD5S IAL 8954DKDEYYLCC5RXGKNXM', 4);

insert into UTILISATEUR (USER_ID, NOM, PRENOM, MAIL, PASSWORD, STATUT) values (6, 'O599P39YDPDWCBKYBSF4HJWLSF9P2YW3XDQ0H03DY X0C4P7Q6', 'H63J97HPBO LFITVNA7T61B7 VH2USSNFS32EH8751UT5HHXC9', 'MT9DPV5VXHYO0QQW9LEOS5W9KWP8F35M7F0JYTAUWXQP0I7L74DA4ITVQAXWK4VUWVX272CJAA84EMG1VR9956AEFGYRESY3YGD7', 'IXQG3SP2BSQ6AGLB6ENWRJA1NASXAUX973AG P61K79O5O2YVK', 12);

insert into UTILISATEUR (USER_ID, NOM, PRENOM, MAIL, PASSWORD, STATUT) values (18, 'DI10QE4PADQLY7R9007SDQS2OV4BCPT7T8 0E UE6TTVJNNONW', 'D5XBI2N6EHYOCCFXCMG9LDORQPL5O18H6EGLFE4IXX9 Q8YK3J', '4YN7N7T069 Y8RPTJL8CCE1DA 0X69C6A0OLW2JG9 FMR127RHPQOX0EOWQCM5I84541E23MFLLV8DCP9U 4 LFGRX0YVR7O0IRC', '6YKHD07KCAIXOF45GLF20OFYDE2E4NTMXII8E019WUM8HDQV6E', 15);

insert into UTILISATEUR (USER_ID, NOM, PRENOM, MAIL, PASSWORD, STATUT) values (21, 'BE7VREG9O530655E897XLV4RA3TAFCVB26 289QXY4O7V2E6IO', 'FQD JXKV7CVVLHDMWUKXF0W7SWOB2QKKKJSQ5Q26LK0VBRK4IG', 'X6UPE7H0XA5LB EL8RHAQVYTVIET9JJVN4TVU56XH4S97HJTRK KPPPKYMP1 VMH4GOE9401YY92052XDXG3MQOEU3FPCL9OCGQK', '4Y92W7UCFNSKUFR7W3OG02O62K35848N0YF1O6EPR3KLEQFX7Y', 25);

insert into UTILISATEUR (USER_ID, NOM, PRENOM, MAIL, PASSWORD, STATUT) values (163, 'HAEBX10X2EDOIYQQ46XONPS0YWET9RJITNPM3HRBTU5Y3IFW9J', 'T69U2AO4BHGGTN7WF HD SJSHAXWBJPGIGY82HAV7BKUV0TLB ', '32E8SO5DT4UL8J1MDJB0RNH89WWCP8 MO5Y UXQOJVW2 VK S DM8WI3OE3  N2XAWEBE5YE10E2J7H1K6N 84QRDWMMECAV13OP', 'VLMOT5GANKDOED27CA31K0TT9HOGNY161G1TBXKCP7MF9 JCA6', 10);

insert into UTILISATEUR (USER_ID, NOM, PRENOM, MAIL, PASSWORD, STATUT) values (32, ' H1FUWY5M22EU9W6CHRW8HL1T7SP5V63Y8BYS4XOS6SAXQLJLE', '90W6WGY3PI3Q3CETKEHE5X99E0M82UVMSXC1TNN4H78VD4K5QL', '4LD22LMXDLWNAL4D5G3Q3JDTJSKT1TT84887AT3E9TMQHWXMSR5KFOEMF5J78E1IVUGCA8FVFI37K2D4AS3UW1XOGHHHIFRM91K3', '63U2GH4OEF0Q6QNV4A5XE58G3BE2RK YJMMXNBTG0MY1J0MEBV', 21);

insert into UTILISATEUR (USER_ID, NOM, PRENOM, MAIL, PASSWORD, STATUT) values (101, 'N60V9WU7GBW3T7TBN76B6NME5S61WV3NAAKAOU6KI6G8AWWXR3', 'QWULWGO3W4TIYQ3EODGX3XSN FHEK2Q4738PUWR9EQYVSSRQAI', 'JOF8H2E3WEXPBXU6XJB3HH95MVI8K4R2E90THM9DOE7TTFX6WG3KQSIQAUXIJ8YY7BBNT6432XYD7BKJ0AXATOFS3WW6AANE3KL5', '4XYMKHL88K8LIJJX6YM1EVOXXY818GRE1VKBH7J54NNPBQ3CRT', 31);

insert into UTILISATEUR (USER_ID, NOM, PRENOM, MAIL, PASSWORD, STATUT) values (155, 'FE9S6PE5XH1 XAP6AS X1O43LBUN0 4MWKSC UJRBPA2J4PRIO', '9E9VTJK4FAB1LA5G9L9BNQRGOU155ACYQMI3FL1 FD89YGSO26', 'DE0A333WCEJXFVO TAWVJPFGA 048X9BCTN3Q9PCF8F478CY5JHL0CO5ISVWKMWPGRFMT52A28CVAT1 O4ENU4XKAXQH257DO9D1', 'NVES3E8SHB74ARI1M86D 2BTSMD2VAGFANMSO 15QXLDBT31NW', 57);

insert into UTILISATEUR (USER_ID, NOM, PRENOM, MAIL, PASSWORD, STATUT) values (62, 'FL6N4X MVHB7SRVBM4XC60IO6YUSN4GMCYPGWL6QYYE3IIHCQD', 'Q81RIY9TPW7E0NLUNH3KEAUV O117RVV8Y7L453OAWJHCMOOTR', '5NJTBH4XK74DOGHO9LOJCGRPIB2WJ75JD0NIMX86SC00TT8EDOJET7PDN6KGW64C2S5HUAUFOGCA58UJ8IA39Q2D34VN1N9PQQVF', '7HO1 SOPXV45AY4PE9ISIYHEXXYJBOFGLS137OFSQ8SD5WYUED', 29);

insert into UTILISATEUR (USER_ID, NOM, PRENOM, MAIL, PASSWORD, STATUT) values (120, 'BJK9IKBY4NO97GDJ2SL0MGS47XO0TQ90VKP08VIX1WGASF5H95', ' 9IM7FS4UGC 5M5L7JVATYNUE 8D0EMFWH6V6B73Y45VIWA0MX', '72OLR1W56I5VQJW1MGYMEPCOMT9XQYTJDH8LLUL S8M8RHG6BJ410XH9QMFAES7JFMLDIXJU8RDE2B711V1M9X OWUP6XVCOUAHX', 'CTOEHV6A UH2SHPE3CXPB9W2HGW1SHQ4I8FWK LPTQXNS4C5KW', 73);

insert into UTILISATEUR (USER_ID, NOM, PRENOM, MAIL, PASSWORD, STATUT) values (181, ' 4QYAN6SDAUTHDP94OHBQ8PIEA6YMFKSHYSLGO4I9GG5VDCB4T', '2U7L14QDKKQQ2OC234LA7YMJE9NSUUR4UL355054457YKMDXWU', 'VNY7998A9CJM18QBG7MP01PYE5QRH4D8UL94 NNRY41HU3 7PHEMDJQ1VT 4NIADLO07VOQRMHFPGQ6A4UHBPEQV8CWL0MYE33WI', '6EUJX4D5LITT PDJ2OL3LVMFYMAURR2OMXNCYT0N VI9N11O C', 35);

insert into UTILISATEUR (USER_ID, NOM, PRENOM, MAIL, PASSWORD, STATUT) values (169, '102TM7IE5RQJQS4HX3HV7QQQFN GQ6KYI8T3QIISHXQIV0PRAE', 'GM4SR7UAHRFJKJ8MLN2GUSIEVWX2TX3PU5TIXO1D2X1BOL9AXP', 'UT88LJLXA8DPNL444J9XCIHJOESFB9TQ9BK66RJA4F9K7BR 5MLPWDSW6MSL2YS0UATLJRGH6Y81JX1BQ3NRK745DRN236 2PIPK', 'WBGOAWK UWXPMV8BN YSBP7616VXCYF1OQ PBTXRHU C3IW6F1', 2);

insert into UTILISATEUR (USER_ID, NOM, PRENOM, MAIL, PASSWORD, STATUT) values (15, 'QF3VS9HHML721MGME2BPROTPXMJ1KXVRP4Q35862P9I0RGB2C8', '9ARXDVDWBL324P57FSEKK4NW35CQS5HFM2E44DJTFMA994ROK2', 'TJQO18A9DJO377YMVOV7M5R129R5EON6 CTOSG4HANMTBXQXANNMMV3RIRL W4OJXPEPSK2YTYYJ73VA6A7EIRBIXJ5WI2IRIFBL', 'QWWNIW6JXT8S8F327972O31GV Q4FAQGFU2V3UUVHW9P4IGNID', 36);

insert into UTILISATEUR (USER_ID, NOM, PRENOM, MAIL, PASSWORD, STATUT) values (75, '3V89PPTLPAR1KQ18MD3Y149JTTK3HPGN8WMULS2QPX0A73KIKH', ' EUKJUETGGK6RGH40 50938A6KSHB 8M9W6XBD8WN9AIG ILG7', 'WB3YDGVSG8VDS2D6UHRIMS7P2GG1EMHOCAVR8GRO0RYVBP9 JFD6XWRSN1KM9N2TSRORPJ6U8QYHT71HYVTS0LW1XDIOL5BFATIA', '2JHDI 1QF6KSHSP0RQY238M8P7TH98OVO3UB098IR7W3P6JNLO', 77);

insert into UTILISATEUR (USER_ID, NOM, PRENOM, MAIL, PASSWORD, STATUT) values (67, 'ONIPKYN01570LV7F7PW3GVBYOSH 9DSYHNW2 M YBDMQT00U05', 'S5ON6J50TMK3VFFOTPNQ7P3RLNFPVE8F6G1Y458MFMFG9BBGXQ', 'UJTGY5D0AW3VTQDSXUXUSPMJU3QFADYSQKJ5ANC7MCXSBTYKOY96P6UHEOUAM2ANA2C7VQOWLD7I1N7K7GIJENUUFFF MCFDEQDB', '3X48UKGVUY57YBHP6WVNMY UXUM5DQT5E0CY0G2BPOVG 5KDTE', 64);

insert into UTILISATEUR (USER_ID, NOM, PRENOM, MAIL, PASSWORD, STATUT) values (2, 'U2YEO2QT0Q8MY3UBER157T9GVUBO EMJMFP5EUWKD0RP3 Q06O', 'CNDEPHXCOW17JDGWR0AK7JJX13MVFYK2FE6U21PLDAYI7SMOFC', 'POVYX6RRWLCA96EY4RXY52E1WE FSI0T5I0785MUBRB9LATXGX1AMPUJLA6D4OOH11XM1 VL20N S4UKEER7SOX15RXQ0S1OLV 3', 'J1UKYN41LW01DOM8A1H9P4RTFCQIO20CMUWK7ATW64O4TQGTNP', 86);

insert into UTILISATEUR (USER_ID, NOM, PRENOM, MAIL, PASSWORD, STATUT) values (113, 'GP3IE4WPG2V2CAC4YMFKGC QCIPJQ49X3 TPU8LTRVUL5TYG5P', 'D4EV15KJLFYYP41SGQB4AQS8XJQHMBR0DWVSNAGV84P86HH4HJ', 'QOUBC0M3EDOHE6E6IL3PHER4WNVAFFCNNH  RA24U1PT9 UPMET4WJW65C5PKUP81 WXA0JRGBF77FOBS7TI3A7I3AYUG3IX2YD4', 'W4AXBPWTOC7TVLV 6YXF8X0Y1CEWJ68NFYBHK1IEOE8PG78 IK', 34);

insert into UTILISATEUR (USER_ID, NOM, PRENOM, MAIL, PASSWORD, STATUT) values (112, '5BFE55IJLE42LXY6YWEJR3WAFKLJE WWEYE46R0R2 VD1D62JD', 'BDUDFJQC897LMNSQ9H3K7OXX4MR489YHNIICXLIQKX5K3BH9Y6', 'D88OGRJXXU4JLKXL6L7UX3J8WVSRQJB2SQ0J15WNEB3 J65KO52VPRCT7P9V 4TQS4D48KGP3S4812N9JEMDHHW6YWBDQC3O0QG5', '0QJ  65S0QB324KF GMRQ0W6HUPMSS4YW R311EE6V7LBV803L', 13);

insert into UTILISATEUR (USER_ID, NOM, PRENOM, MAIL, PASSWORD, STATUT) values (145, 'KY4OQ4NAXYHJW8C6QU7CTPTKIHC94XY4HA9Y6MUW4KV829MDC ', 'YHK4LID 58WLWME9BT2ATB4D3MCRRWY4NUEUGC86XA92TQGF89', '0EETVWEYEKRX1LE25S C9J FP7K GP4F8B1C05TTU9XG SHTJGGXLFX8LWR9L0SSN6S65SUJH1S6HSQGDJD1R8I0Y EL9AN3 9CO', 'H2493 BCIHR0MHSWWOCCOT3 J0B8SY6O1HE58URDMRJO2AIBSB', 16);

insert into UTILISATEUR (USER_ID, NOM, PRENOM, MAIL, PASSWORD, STATUT) values (53, 'AXXFV3AY5T8K 0VHPNGNU9OY7GH17STXEWMIRE5B3K6CWN7IVQ', 'R1KG2IJDQ29UVMNPO25R46L484MG9R1D4T5B5AYPR1321 6HMG', 'ETOVE13026KTAEWC4DQ0A7CPP3G7S0ES724JGQUDQD5USOF1A18I0OLRLNN2K8XXG3PDJR38TI6HDAFTE8CUDRCH00CMQY14HAI8', '8F9KNOJWH1XBBJ5TFBUOH4POPEWCI18055TTCQA5HNTWE0I3AV', 47);

insert into UTILISATEUR (USER_ID, NOM, PRENOM, MAIL, PASSWORD, STATUT) values (7, 'TJS2VN1XC7IEG6EV83D0L7LDQ49DKA3GQ5BRKBRJ0VE 672PAS', 'RR7VKQXRK3 5J4E4DUTMPU4WRDGJIRICS65A3GLGDUEFET0YCR', 'F7334I5NDEMYXO0CK2W6F1AVKJXVXTDXPBAYR44E1JS9SYVERJSKOBWSAK17YLQE M7EEUUPJEW 9C6FYDL0388G1 WQ1COJQ0KI', 'S2VTCQXBYAXXVXPVENCTVW2 1ATYRP6HBGWQ1R22HNKUBKOKHU', 6);

insert into UTILISATEUR (USER_ID, NOM, PRENOM, MAIL, PASSWORD, STATUT) values (26, '0AU71BUA5DQVLFTXFLAIPK1R23JJ5NITDDS RRMUYM19JEUTIL', '4K0AMF59OOPGWH2NGFFYMB4N H41HXOKU32Q8XL22USTD7WK4C', 'YYONY2404 WV116DC01WSW8J3J0CBL9WVJQC9UQQFRM7VBG0JJOAIUXAHH4R0SCPXFOVBB60QBLX59JU6L7P1J 5W83U08YMB8VF', 'HS7M8FHVQAG9FB42745S6W5PVQ2P0OY09D400 KUVX1OJ3BT4B', 7);

insert into UTILISATEUR (USER_ID, NOM, PRENOM, MAIL, PASSWORD, STATUT) values (97, '9Y5K2063SP55QVK5W7WFB6KUMKYJPAEIAD8A EQ3TBNYY74BEM', 'N2KVC6T98LL2DJCBX949SVHFOBRD 2X3U149 YOQ2M70TRPAL6', 'XE2A 5PLK6QB6PAD4 KTHLNNEYHVODD6S85LHFIQNOEFU5BFDI2JS87876E602TBI9CD069YTO6OW086DOX2RISPAFETR9L4L8RN', ' 8EH1HXKIES55HRFD3P422OVV673CIMNRO34LTHAY 8JQHTUM3', 19);

insert into UTILISATEUR (USER_ID, NOM, PRENOM, MAIL, PASSWORD, STATUT) values (51, 'L6DD6I5TT6ICB0WF UQ68Y4Y02CK D4 UBBWGY07Y1HJVDAXDL', 'JSUMKX8O0CF57RW973B9YUXJBXT2M5X3YFCXJV5 82PI1JNISK', 'Q8SWHBS4H5RTKDUPSN48II9LRPNVG5K154O9V23A476NCQLAKKI0KJ V8XMUE96LA71O6N6ARNI2Y756B2173VOHTAUFO64 HNSW', 'OV4C9266826PBJK3PLQBYXL2SVTVWHGMJTB4CK4HMC3OGCGNW7', 53);

insert into UTILISATEUR (USER_ID, NOM, PRENOM, MAIL, PASSWORD, STATUT) values (164, 'H5JF BJU7AGJJ1KAWUH88W521X4S7OA6KNUX71IU079VTLKX0S', '34SN015HK3H2QWYM59BR3KPYRP3KUT3EHFU7E11VO897OPBBNU', 'H38TRMBCLHM9LMB2L7MUKUAYEQ4BJCDORPMYU5YWDJAYEKPVJEAW HIUM20AL  SW0VG70B68OL82 5Y9Q73VUUJALT5A2E2PXNI', 'PEFILJYRWE2AAI 0NQBGT4HSSJ1KBTIT77L5WLI9XJ47JVW3J6', 66);

insert into UTILISATEUR (USER_ID, NOM, PRENOM, MAIL, PASSWORD, STATUT) values (57, 'P8I12HP4H57GHKFJVQBU  DNL6QIK9PW0I6VAS69U7C6OWO7PT', 'G5L0T V1P14GFTYQKK3UHV6ONRE1Y1KP6P487PSJW722BKJIYV', 'EP1L3F4KGQCL0O7EJF7H8 ONLV4CUJRXEMCNROLYQHJ6X15EMD5789X1XD8J B8YKU5UYGX HOP33U439RX7YM252GJIMY6FO92P', '9S7F4QE8MMYEFUCQVWJP927LH8H5A7RDUQ7YY4GCF26FS5MOAY', 39);

insert into UTILISATEUR (USER_ID, NOM, PRENOM, MAIL, PASSWORD, STATUT) values (46, 'HG0D4L 1RN8O5SNK8NATC0FFGOEQ3KR2IOJG5EDU0X2TPOBKCO', ' X5RHF00DJXU2MC 1DJ4N4DB4GDYJWQ8W6UAG7B81AH8P6IOLW', 'A87PRHGTHHB4VBG2YNPB9PH86FXO J9V9OMQYY1QYJ4JFN9CQ6NF4I4NY WM16OVCQI7WUDDAX3163KPN9UWN18T76QOUDSFUMGU', '9LACGL6EBYE1IWGDJMMDWEFFK8V7YLJGUAQRUE0R3CIRF63Y L', 45);

insert into UTILISATEUR (USER_ID, NOM, PRENOM, MAIL, PASSWORD, STATUT) values (91, 'IL7KW2 W5TM300XAF K25R8AJJW94HT96IXNC60SD7BQO0V4DW', 'RT FDONSGTQV9VKMJUAK8QOI CFPUIYJXVPUXLYIHIA6K LODA', 'UO287TXSUR8R ADNB88Q3U6RT6T41W3SEUBW9QFIJKS8 YJ5YT5HN36DSDMP0DASLF0YYDMGR7ETO6PFSCP5SBSI IPWV304XCQY', 'WH1K48OF40NQYLY2YLWNBDUH66JFHO2ANXNWR4 V21F8KM4KGL', 69);

insert into UTILISATEUR (USER_ID, NOM, PRENOM, MAIL, PASSWORD, STATUT) values (86, 'M21QXN03ESJ3LQJ8VI7LACB7H1IA313JRFAG32PW 2HXBIOMHY', 'OS0VKT0SNC758C7 6MNF5BLYSC9TJYM0N0OYT27Q412DDKY85Q', 'QSNDH5X946H H1AVF79P008HLGGL7AMMVAUK0NTC8ILW40XTBN 1W  8 3VJQPLLLGOW2R9VTWWR44B63XI53CHYUYST5U5K15RP', 'KP6DH 1I8KWRCHYQW56OTSHCGX0SSMV17R9WSLXLDEEI843GBX', 49);

insert into UTILISATEUR (USER_ID, NOM, PRENOM, MAIL, PASSWORD, STATUT) values (12, 'DY8J9HG2KP2X4GHQEGJJTSOE8A9 NXGB5MXG9WUCE0WRXGK1F0', 'TLE71I7OQLTFQYM4SGHCHV0GK ASQETWEHNFA7X9YNRBAJJQOS', 'U91PLGGPE0R5EKJ3HUUJV8RRJRGA8LWXTSMP7IHD72A0NBYMAXVVNFLDD7BK350 0O3R6PBY8HK2ABQV5VYUNA83JT85IK7TS49U', 'YMHK8H7GNEDD SKSY4IFRS6FK80JE8VL9M4 ELN8ER49T6TI99', 14);

insert into UTILISATEUR (USER_ID, NOM, PRENOM, MAIL, PASSWORD, STATUT) values (54, 'L4EQMMKCDKBMJF7S36CNB1XODGWPUYQ7DWG224JW8SKGQOND3R', 'H4SEX3KSRV7NPR JSKXGQYJCN31TLB7FO1C3V8IMJ 6RTKTAOG', ' YG7KAVLLV3L6Q9FAWQUCXCX6UQXV1KVYGKBP86 RMC1TBHLVLC8HQGPTA0CG61VDOH4KT4LXJY YA3DK I8250EXELM51GVDD7X', '9VQWB RAY9FOX8WET1695IX970F4KHUJLK2DT5W067WXATFPJ1', 41);

insert into UTILISATEUR (USER_ID, NOM, PRENOM, MAIL, PASSWORD, STATUT) values (185, 'H6SRF0V ALDO5UK1TFHTPP334H3Y 6 EH89PO1IFBSDUTLIMBN', 'OBUFT MJWAI3 TU4G78VJE6IM1IHT6Y7FCU4P1QRY0D1AKMKKL', 'FE T2RMSV04TKYQGLU3Y026UXV7X1LTK12O44U2A9OAYUOR1 EIBGEPM5RC5CNNEHPU XHBU870XBNGKK0NHIT45OKLM645DB0OW', 'WPG8I9QK41R008WG954TLTOFNO30YC8K4LP736P9CWT6SOKQVN', 67);

insert into UTILISATEUR (USER_ID, NOM, PRENOM, MAIL, PASSWORD, STATUT) values (109, 'G405V3L1YR4OG73VWJTN0S294PFUAWNXS0SH3AJPO1D6UF C2J', 'TUD 75Q9KDJTA79LS9TU 1EJMYY6K DKVSIC2XSU6X9R75EP1S', '8RFFADAVVKU82SLHD P1NWAIBYWVHE3EM0PEBOUY8H3SNJ2B5VQKR6G0G8OXA4O2PTKTNE0D0PJETWH4TRQFYKSB7GD I5MHW2L5', '5N55HEO60AC3MGH5HYAHYMO4HVT6UYNW42HHDS54YY UHUU5RS', 89);

insert into UTILISATEUR (USER_ID, NOM, PRENOM, MAIL, PASSWORD, STATUT) values (37, 'CEQ5IB6YYTI2EPD RP0BFEWAHR6AN98G9QQOME5XTFJD2O934M', 'FX72L17FL974M0 20G228M LSK3 6SGIGR8O45ESDFW59B7TNC', '0OSCTTPVJ9V0B5EXP3MQ3C349CTAK IGJBU62N8H6UY3FUHVTHYGIV2V57S40Y7AQ0J35EW3HJ1KWY KJ9EVRDMD35QQCQQRL4SH', 'BNDHTT0OC3UUJEQB5A5KEUD02GD77VXV46LXQGY4CTOHK72DF4', 3);

insert into UTILISATEUR (USER_ID, NOM, PRENOM, MAIL, PASSWORD, STATUT) values (50, 'HSLBBKJA31MI3KVTQG4EWDVGD23WPVES1DCUTG3EY 87FQ M3O', 'G5P1XLPYBY6I90HVP3N1W66CXEFHX1T D X0H 7J5L042KQS9S', 'CGP1M67NCV1WIQA94DD6IAGSODBIEX8OTJR7682K98XAT0L1OQ I4IH204APYD63NOB140 L5Y2MV VLHMA06KYC7K70F8K3V3UH', 'G0X41ACUT6N4Q2AMBFG5DCFSA8YYL17IVNBB8E9Y9SJAE10K L', 18);

insert into UTILISATEUR (USER_ID, NOM, PRENOM, MAIL, PASSWORD, STATUT) values (186, 'TCENDGNISM3GKLVRTRH13JOFQS6BQWSLAOQMXQO DFXF 5TN32', '0FUGIPHJCW1GKIUOV2EJ40OOKB D24CI7KRDK7OJGMSJL UMK5', 'UMX1AA3EKBGDIFCY8VPG2LPOC105BDW05XJ7 PQM5E8SKTA19R78BAMHP6QSVC8O7K4ID0VRAITEFTFKP8JKJ5 PVPOG63R O0LA', '6INDVGKP4P8W03UAFBIQVR 9A8J96L2FAOM KCASJ4A93GT14I', 61);

insert into UTILISATEUR (USER_ID, NOM, PRENOM, MAIL, PASSWORD, STATUT) values (199, 'IYWWXQCYH6Q5JE2 7PLDEXY5Y GDDU529D9H B5PNRWPNDL89U', 'XV 5 BSED93GEAF7JD7LJLB6RMBJ8HAUQAXP1VW46Y GRFYNJP', 'H9MX3NFQRNADD4ID9TV5MJDQV2I1IFL1CS6O2K A5UGRF0JLWAM66D36HWQF6UE5S7X52T0Q29QNKBQ6SUOO4MOFGLRCG0V5MGE ', 'XF 9A6ID4 BDW5BBIQ4X4OYEF9A80BKUWH I9D NK7MKQAYN Y', 70);

insert into UTILISATEUR (USER_ID, NOM, PRENOM, MAIL, PASSWORD, STATUT) values (149, 'U9GONY1R5 P4XC80B1SK4C11PN3T7OIGJ14QB841NFL95Q31N4', 'UOX9OL3QRCR7F8S SFO05ULXKSLI9SHFP7Q9DI7SLL42JVLV07', 'ETQNV 3FR7V560O2HJO34D5ELINJJPACSM0OVDM0GLAJ6MCAM5BVPQKT9OYW3EF B6EI94LWI93FUSMTE9EFCJVDGNNSSCT3K60W', 'QROV69TU46OQ0SALWJ XNKOQ UPN0E2RBGH28WXNSXW8VBCAHH', 24);

insert into UTILISATEUR (USER_ID, NOM, PRENOM, MAIL, PASSWORD, STATUT) values (44, 'YX6DBFVUI26QOJY6AIVOFJ  J5LDQ981QX3O61MY7HN9ONQWKI', '9MGDGAGFEIGVADSKJW7J41ANGH7VXR8O2A4WHDXFDTBP1QP4Y7', '45E35O0W5XMN GGI4T0AM9AT2IMHE3QKHPM314D4XNID22NV0Y6CO92N886G6519A9 08Q86YYR0OASBULOXT3VYI4XUME2UANEF', 'D8K3P5UYUBHT63FMWC95Q64AO3P0PU3GC  TATFO5OJQ8K8W9 ', 9);

insert into UTILISATEUR (USER_ID, NOM, PRENOM, MAIL, PASSWORD, STATUT) values (39, '199JIONNTP2YFY01LBICKF4HPALU 67AH93V2DQPCFAY1RESBQ', 'FKTHLFBK8R00RFQEDOGDAWMAI7XGVJQIAW0CXEUXUNNKGG1UU5', '6AACW3V67 COFOXVR06G 1I0WOM49XVFSHUSDIJ0JWGSEEMKJ16UQ4PVJJ60UFMQBPXST2O6XIXKDAGXNYPYNTFUIEUCJT0HF67M', 'LAIPK0XS8XFBRNL3ARFVHTHCHGGPMYRKO517BXG3DM M56UU0K', 46);

insert into UTILISATEUR (USER_ID, NOM, PRENOM, MAIL, PASSWORD, STATUT) values (8, 'FGPFVH95MO7T2ES7KVUN67MJOL923TRL3 H PX9H5AADQEFXGF', 'CQGCU8BRW30YOU08TG M3JDTGTB0OSABFOYBK95D8YGMDGURUF', 'MS9V136WU2FF D8JMVUW6ED4TYIE9UYM43HTWPBS7TL1UOWGD95IBI8912TR9H64IKNA1535RV7AX IKL8QP3EHSFNRCCNGIU592', 'K8K5M8RUIQ3HL053GJ6U13599BNCNPVCLMRK7M0BHOT9PGT2BB', 94);

insert into UTILISATEUR (USER_ID, NOM, PRENOM, MAIL, PASSWORD, STATUT) values (35, 'HV34YAOSPEYODVW2PVKBF7QBI7FYSHQW098JK7WWBYL1HSDELN', '672MCYF 199OMNJ71G89LKO39QE DB OK8ORED20 HA8X5Q5KD', 'A2X1PTN8B9HSSF824MUQ6FBGUN3672 H TVH7LIEJ7  HMBOBFR5CFLXGL1LIRLDRMOK8DHYIBP60YV45V84W0W6BDV8J113QEPD', 'LN85RHHW8DIIRRPJUXVY0RUCL23BLFKVN9NVKGEHKKTAN1L7A7', 17);

insert into UTILISATEUR (USER_ID, NOM, PRENOM, MAIL, PASSWORD, STATUT) values (87, '15HH0YKFYP5BIAVP0EM45XKR4JCU75SNB00RVWM WCP100VYGU', '7EDCCE0K7975LDTWRQCU4N4Y6HEGN23QQ5EBTH3E6G43HIBB0M', 'QMFJKV4BOUXLDU0RQRO2XNTL2WFMGX03K1EAEXAGN OQ7YG9NKJ19VT7QP2ERO9UFOJX7BYM2BHS9MKRCK93L9FM22CC0YUU0U7P', '3 ONICYNKCL7KD6LP62Y24X7UGQVCQ6A9T3 Q 0VWH1U3SKNRA', 74);

insert into UTILISATEUR (USER_ID, NOM, PRENOM, MAIL, PASSWORD, STATUT) values (28, '66BB9MGW2W72C BHIUBF6IEKKMO4AKBX6QH3L51UQ0DEQLL5DQ', '5RVG2Y9OGL8AR717QJYSGLL05JRT2Q1TYX R6VQEN8T FK5MJP', 'HNHWV3TGL01IE7PPQUUHIUU0XVQCV4XD7DXE0VD2K37QB90XTFXDG9BFNALKFCA7PM A9FXE2N1QJODADJ9 6PN6OTRU2Q53RD1R', 'X6 JBOTMCJEW97ORJ98HLMQ3DECTWD1NYX1ACCUQYTNC YKFDI', 52);

insert into UTILISATEUR (USER_ID, NOM, PRENOM, MAIL, PASSWORD, STATUT) values (182, 'G95IB4Q933RR SGHWR7N35BJV R4BOYRORV85S4IY1CNFLSCYG', '6IQHMLCC1SQDFY2SGMD0RJNI71MI2P7X8N6GC71YASNIK0V9RX', 'EWHSB77TDS5XEK 0SYWDYW7H2NGCJD3Y M53X30A14XG9MY5F09LVRJUMTBUM6S6L97Q0CEKOKE1QNO625325D2BT912 1INNR4M', '5R3QNO4FU YTR16ILPALXX81DHDK1Q6CXIN72320NJ32YHPTAU', 30);

insert into UTILISATEUR (USER_ID, NOM, PRENOM, MAIL, PASSWORD, STATUT) values (71, '5AELO4 4P1CQFHEQ2P EK55JJ3DJVK7QU F0KQ8P9L82YS9JXR', 'AUC6B4L6GUP 9Y8 SYQ5MAWVTGT60TSC6SHQNAKURFUCDYS15D', 'YX00C9EB0CAWK WGYHQBL70Y 36PICG9OF23YKXKN5L3RDE0VO5AX8UYG7GODH LGBK9D77IPE4MBFDGT9JPK6A3L0NXG L6WT01', '3X0RY19F745TNUI81YFG0Q3KC6LBS5ANDSW 38F7SRR7OO97NY', 93);

insert into UTILISATEUR (USER_ID, NOM, PRENOM, MAIL, PASSWORD, STATUT) values (104, 'PRR7RQ5P5TAPBR6HC8OJ63HT3CJU13Y PSE2X8IXSQGH75C8X7', 'QYPWOXTJFY8FSB A XUQ4C016WCQU6I94H0QSK04K4FMG1AUMQ', 'C6HGI2XDVKU38DT4868Y XPUTWE15XQXKPA6X S8XJXRWVL1KKQLN77UEKKSOFJGKC824S76XAYTYG12230L0TGF2NHJEW1AUW4Y', ' 61S1XH9L3XG4RBNCLRIDH8KRKA1VILAX BUN8UIQRQ6QNV3  ', 55);

insert into UTILISATEUR (USER_ID, NOM, PRENOM, MAIL, PASSWORD, STATUT) values (84, 'M1L7UITE43PU4R4CYC19AYWKU1U51ILSV1GI89U0K8BPT9REW ', '6SNPAMB47KSGR2MSGEUAAMAQNGUKB02D68YRF1RO19FUIEUC3X', 'RU7662C42L3S6OG5VKC1M OXKOG0TIW9VCK7XGQ46H8U8KJXHYH7RTV6XWL9PIOYU7PCA9VPQ6PWGA 3HE1H2KWYKG0QRLOHK5NM', '7C U6QW NKHYLXBR74JWF3PFXAFHKOCPUOLK0HSQ3JM6017U7C', 87);

insert into UTILISATEUR (USER_ID, NOM, PRENOM, MAIL, PASSWORD, STATUT) values (139, 'LJKQSLQPFGCDGYSJU0YGB L968RD VL5ABU2H7A4BDPM9PQXY7', 'W8BEJ54JGN0BVFGF92UA K76XYXSAS5XBGC 809 6UVDJPT972', 'CMPEJGBO1MMEXY H11RI12W61ODU9Q451WB7UXLV PF48JTS38LN862AL0AKL7I27RWO8XPAAVL29UQ1JGQMI10VB47QLNVJN6WU', 'R4X83KF9 CN0XOA1YPQ0 D4QAKXNHP SOUO6FWB5I00O129G55', 27);

insert into UTILISATEUR (USER_ID, NOM, PRENOM, MAIL, PASSWORD, STATUT) values (63, 'P818WHME6VXTABWD1GJRN7XM XG0WS94LJGM0F9RM9B759F0F9', 'M9A147W9YUF3 LYP9U46KEBJ4SFA73SWI1VNFSC047LH4J1JNH', 'RMHPTRDJBCLXKANBLPVR0QXXRXTQ0CUCVWCXBCAE09X6CN 3N HQG L9XPRWWUFAFIHUIRW2FNWIWNHU7G9Q76BEFCOARFIDNWNB', ' L UDESA0 Y6BA7UP63GUJM04D CNJPJ2J47PFXDN6CD75INLK', 71);

insert into UTILISATEUR (USER_ID, NOM, PRENOM, MAIL, PASSWORD, STATUT) values (70, 'ANT6YKIM2YE08D42O3EYTG3SJ58003RKMDQI72YXVL9SO27BHM', 'XVR0LTN8UKOWGIXMY7VTN8LK0I807ARH7JMJ3LYDY7K51NX3IU', 'YK0G3ACP4R3 7JCLVYHKW275065R8DA95IK0USPJWOYH1CIBV9MGGUNVYFG77YIOHNNP I6V E9VHV6TK9EAKH0QRVTY2I2H9BH2', 'GGDG9R7TW7ICMA05OY04UHUG9MS8ALOOPJGLRC4OVP2I7MFSVS', 20);

insert into UTILISATEUR (USER_ID, NOM, PRENOM, MAIL, PASSWORD, STATUT) values (58, 'G751 JOPJWX 4A5D7YLHFS71FLET6K95HKBP3CE0XINK2154 K', 'ESOP7MTY6QH4IDGX86DL8XW59UTS7JIY1QM0I22WXYCVDU43PQ', '8LIK08G4PRG47FLW5GW5LEOSPLEQP4H6P 7IKP4T9L19XI7KJ4KJF8Q1EOJGYY7KVFBM3OX16MCAVLE5EL B6TPKTV7P 0DDNCMV', 'GF37918LB KRXW0JR3YPBQX4M88ILVPOAQPU87R99AS0XMDK6M', 48);

insert into UTILISATEUR (USER_ID, NOM, PRENOM, MAIL, PASSWORD, STATUT) values (69, '8RFX3FP6FTRW4QMQH4MV377PRCJBH7PPGBUVAXUI S44RE N0H', 'C8BNONAIE953U7363JNPRQNIM9LHHCCIBTNC75G7V5TX8IW76E', ' 9SETWF9XYF0WRR PYMR25TMRRT7F2K9IVP10B C17R2J930POKHO8EC3XMAVN7SV7WOYGFO 8 S9KW VAS9JPM1RJXA5XAI48PI', '0J SW0R6TQGS9W  1FQ93T6MU1 AR2PFICXMM94LLUM D03PWW', 43);

insert into UTILISATEUR (USER_ID, NOM, PRENOM, MAIL, PASSWORD, STATUT) values (100, '7ISI2P08UCQ6WXL40X3RHXDXRVL9LLDKUF533WCRR33N15AQN5', 'GBQ3NOLR1 S8NC1DGS9ILIP9U8E51EAIDQSWDDXL724O8MOPGT', '8QPGG7W3FWRFPGQ0YSUVDW2GSI6IC6N9XCKV2JCHQ9VYO0 9OM24ILKKQSXXDLC7E9A6A H1DG4755A2T0 1MI1WD 9V19M6I9WO', 'FJKQV008 C0PI8GCM4T0J9H5B WUCVGWKEAU7XXVKBWGWC8L55', 84);

insert into UTILISATEUR (USER_ID, NOM, PRENOM, MAIL, PASSWORD, STATUT) values (77, 'I38131OJOEB3AMYMI7T2TYFEH7IJA4WG89HOSD6BO  XIHEUU6', 'MRRLQ9M7VN7V9MJSKDGYOT9FKUW7RE6BW953AK446QACD6SEN ', 'KKHAV22UDCH XNWW3QCAF1IJ2BGIIU1O7IQC8FTJJAO4XYS06RE34OO424 11C0HGGTTSOA0Q023549S1AC7YGHWLAH74URHF8DV', '1N0EVSH8IIO2CT59B59GPXXP2LDKOXCLTXNWKNPCTG5CKWQIN1', 88);

insert into UTILISATEUR (USER_ID, NOM, PRENOM, MAIL, PASSWORD, STATUT) values (43, 'N5NDETEJIKFXAFKJN BT15 7B80GEMU9WH83MP0D9XS8RIH8 F', 'OCC61W04KJ8UP7NN460C AOK9 AHHHLJY0TC09B8CLI7TDAT6L', 'DRX2WU 3E5MLT9F2 O833TEW99W46XA73CXFYBYSTRTTG04LJFV0VVBM97QRM1L0MW3YQAOGYKFYV1 BFL2170 BG45XN6E2VQVH', 'A6S7Y23NK8 XMGLSS2RE6UDAXBK4MM55L85891HG99S01NPIVT', 23);

insert into UTILISATEUR (USER_ID, NOM, PRENOM, MAIL, PASSWORD, STATUT) values (59, 'KPFTK8YD ELASUTM5SI77DUOLMMXMPOOPWXS5BE NQ1WM9HF1K', ' MJ OFBJ1KSYQ2EXEMCC98GVBEYU6 0LR5RKE1S74AGUDX8MR7', 'VX SSVQGV8S8US5H8YBKH9R3 D3NBUEV0NT5PSMU5OEVFG0R1SEEEMSSBU3KQ3F2N5CAH8PNCRWC6UAALVFER 4K7526B1G08EVL', '1ISCM0F54AQ4MCS81E07K3E03CE8DNIKE72IUU6HHXMHPTID5T', 72);

insert into UTILISATEUR (USER_ID, NOM, PRENOM, MAIL, PASSWORD, STATUT) values (66, 'T8GB826CPO9DTQ VJG1R40GF7D X01R5QGW AP213HCLDWVKLU', 'T GCCDU66KLLEX6G9GX86UF7U4SPV40 U4I5KNO18LPGCYLUB0', 'BU6H 7I8HW8KQTROFWD144TCQ3IN3OVYS2WXHXKO6FS0AI XOQOSHU9G FD0GJXSY7GM66LEI0H7X6Q99LXIJPIHI0F4GSS168 8', '27PY2FDU27P1H88H7 BCTJBFJ902MDMDYS0PK0F95MTROBF73H', 50);

insert into UTILISATEUR (USER_ID, NOM, PRENOM, MAIL, PASSWORD, STATUT) values (160, '7UFO0VYD4AATCQVEE8UGXXFXHV9PWFYUBVLH33IA0T6I 36BCV', 'AA3R7R3U1BU1OPLNUHTTS9I JK HOHWPENCS73V35XWGOVTJVH', 'CHBJ4XMP89WF9EOWHDUW5IR14KF5AXEH2OKW1C11QIGP7U2MGSOO5H3WG8W6HX52FSAOP5AUSYKT1EXGF5JC58RSAHFMGKFSF8OP', '7972MUD12S4G SVLNABQJ3BML78T4V7QJQCBV4NH826F5JNELX', 75);

insert into UTILISATEUR (USER_ID, NOM, PRENOM, MAIL, PASSWORD, STATUT) values (194, 'LGLSMCWOB VJR3M9S6KMME6YG3XI27XR532X2TKJ6UNEN13D1W', '0HKW2U48LWL6J 22XBG7L030W1BQWSUJ5TVUN9A3N3UNIE3NWA', '00LSRWK22CR5B0707SUVD8FL6 2EVN1C6FSJT WB1NQKY4J8T1 DERFO43IQLXTEVMDS507X36MI3LL5UMIIYJ6 4MVO8BMA7MKA', 'U4COYBY3B90XOI94E2WXL6V74LGUR0R4W9V03VLBDR3GELA1NP', 37);

insert into UTILISATEUR (USER_ID, NOM, PRENOM, MAIL, PASSWORD, STATUT) values (157, 'IIBOVBSSQRDYWV14H5KA YJPA3MWDNBW4C3W1EP5 8A4P4NH4T', 'ISAONBUXDDXF DGGUNKEV1QKDCQF1NJ39DN9LUYVXMOGCW9M4S', 'Q69TSJVVBQKFJXHIHEH7F204DB9XN85TIX0E32NJ76S8M6IOFEEKQOAXJNNR21N5D KMCYOG6VTB5CXC2X2Q2IV43FVTRF550A5 ', '0Q1T6RDRMSC70OERM0FH94XVTERSCFK0TRJ4ANLBS48U0NBQHA', 22);

insert into UTILISATEUR (USER_ID, NOM, PRENOM, MAIL, PASSWORD, STATUT) values (119, 'BDFIU8183OOJJVU8VN6SQ0HSG4FGCGGSVKRVLD8 V4XIGO5UXA', 'VGJ6M7JHROIQAR0A00LXJ2J2H0YF13QF8MX07L12TRXRQSIKE4', 'C4FKL 9WM6OULKU0XEHMDY7KGJIO476J8BXWP0 R 8EJ4A857XJGKU 27B4L988TM0 GPOX8HUDVN9TI5J3PS0UWKG4VV81WGIXB', 'ADI1PS1HY05HRGG27T70K5JHVRGEXSOAORSVJ306R2AR0XCGXP', 81);

insert into UTILISATEUR (USER_ID, NOM, PRENOM, MAIL, PASSWORD, STATUT) values (133, 'I58H6UW3UXCL4IA3JL4EE 8SQ5QJRC XX4IW7B1 AJRQTXY WE', '643A65F7QFH43I06I8KO2VR9OWL6V4GWSB9U6265GREI1U5EPV', 'M296V3J940GXGDWE3LF7GH9GDBFF7UVLGGAX9VG7E93S8EBOD4NL6M B0XHJLXHC3GEF6UF652S0 DEOHAI8G CH PDWVC5SBY93', 'W98PU9DWTJI7Y59 IOH2DRLY7Y9VFI4J65NY0LI7L0MMCWBC U', 33);

insert into UTILISATEUR (USER_ID, NOM, PRENOM, MAIL, PASSWORD, STATUT) values (96, 'MU9HT1BX0WIG5GXEPYROPKWCPYJHO1R 9GL6L0KHRIEFXLON L', 'Y36I4W0MQKNKJKTMVKAQ41UHRLTYBKU6QWBC3A3M90RBKIKIWT', 'KHBR1RV0MRUJ648VGE21DNGRNHV2T5KWR0OHMYRTHW G3X3OPGK0707TYLDE7FBDHERXDJ0X9VTPRAMH5LWKDBBE6LX2 JIIXHFS', 'OD89LLC6L9YL 6UN4CUFQL4 XCDAV6FYGB0IHX0Q9ONVAHI21Y', 38);

insert into UTILISATEUR (USER_ID, NOM, PRENOM, MAIL, PASSWORD, STATUT) values (140, 'BY6BCH2NC7OTL24DFC3K0FFFL 9S2OC1FN3J02RIFNMPJE4XWR', 'QW93K0P814T24RGRVGI8  D5KM825OFH15AJ3YHVSGM7QGTRLT', 'MPCC3J1JO3HJ6YQTPDK969KBKHEVMT7OMUPOIJX87GGOIJFXV9YR64WGAKDLKS9AKR30GAI3LUIBB305KCLRUIAUCC 93HGDJFQ ', 'IG33NY93XVHVW CNN6O1E8N3L9IDQY AL8BQDOJ9CYHUG4XQDK', 80);

insert into UTILISATEUR (USER_ID, NOM, PRENOM, MAIL, PASSWORD, STATUT) values (122, '4EUE9XEIHBI8OTSUHAY9IH8VITHT5RCTY Y2IMASC774SOC4VF', 'VFQYD6TFRMP4RY7QHNX9KDIVCGODNNQ3CP64UROI5L73A9LRUP', '90DJ2XR9635P9CRO7IMUWOW2 UANJ50RQPSWNPI03X5VF4XFQ KV P0OGKXYEHE1 3RMEH6HGM1XEXOHAMECJSAB2451 CL1LRU6', '9XMLC4BHPQ15MH20VLB5YNBMRJ0U1EWXXOP 0WR1NJQRV5DVQP', 26);

insert into UTILISATEUR (USER_ID, NOM, PRENOM, MAIL, PASSWORD, STATUT) values (118, 'T9 TBHS4T30U7B9JV4BDV7YAY7GP3M2M 9T CMBAR4BC3N44PC', 'D6I93 87WY MSSQU4BF4PF FJ5NT1313O64IR88X9W GT4HQ9Q', '6SB502F8FAQU5U0REPXPTSGTYTGJK1B RGP20WL4OX10 V0KDD974MY4XCXT703LXM9Q0KJ17YN1VQMB21QJSEEWEM5PDMPK9N0A', 'HRSMYTXEEWN0C74EMVJ077TS58SE9NN8Q2H4T59 BDTI63T75 ', 5);

insert into UTILISATEUR (USER_ID, NOM, PRENOM, MAIL, PASSWORD, STATUT) values (3, 'PC NV46CA99 E9EKFT6XBT0SPSSS0JBHL IK331FTY6FIJRF8D', 'Y1VIHMJ5KNPEC4019M7VX5I6 E86R78RFTLWLOW7YC73P7GU1O', '2BTCYORJA6RK2A 41R92UNGJ8HFG995AL2QKURSL5SYXWWTSG2NMKO97D44VED3XDO64M29WRXF0V06 4I9JS874SPAG08CTOMQL', 'YOE08IG8IYY  CWYMKU3MSGKVCC5QB1DHKHCMQQPE 3AR6NK0X', 40);

insert into UTILISATEUR (USER_ID, NOM, PRENOM, MAIL, PASSWORD, STATUT) values (108, 'VMI 3 OX95UD7BU LWXE9FHQDNJGD6K0KFWT1OLUJQU HQ7DF5', 'JVKDB1GASRB7J4 8LFW49OUYKERSXXM88105900GQHKOMRWO4T', '0STMSO2GC 6LF1IVN728XB6VBEL85BNIKFDGE CYGH248CHP7NQ1KPMUGNOUSUSGTPWN3JH8BG9KR W3FYBI G32I3KX34Q15OJ ', 'BWMDB37H4N7WYBDY0SEJ0Y ANPN KEIP1JEDEUDF9P96GE7KWR', 60);

insert into UTILISATEUR (USER_ID, NOM, PRENOM, MAIL, PASSWORD, STATUT) values (1, '7XB9NSHWXQ75KDML06NVRTV1SJXKCEHD1GA KKD LYVQDEHXOO', 'LK3AG37BPBCWFG5YU3TXGSOQNKR O1QIKMV 6WXMJAHO  NXAT', 'STB1 4CHP8385T17Q TBF1GCVSNWVMMRT1A4B 1V365756B8WDJD27MCFDFQ85MTX9LB5U7EFMP92AN4XKS37HITE2J9C46J9B0H', 'M26GW339 0759X5TWE1068W5KF0ILQJF G11Y78PRIYTF67BM4', 11);

insert into UTILISATEUR (USER_ID, NOM, PRENOM, MAIL, PASSWORD, STATUT) values (99, 'BJFIP5QY1PSNA21GVKFT 6VGMC1AUQ7O4ROTLL7YW21 KD77I4', 'CWRPOOAW8AVOGQDVX0I2YVS70F YE36 5A 348WQ5KALOI61HV', '7RX5I94LJMS2NAPCJ2S6VX768Q1TCR0G53DSOHEH00KPA00YNH6CCR7ATD6260P5IHWHLI67WJ08K07W1HNQO51D SO937VHOT10', 'I FGJNFY RB9OSTVBT50BKMT4PEI5ER8YK975LS2LLEJHK5IN4', 54);

insert into UTILISATEUR (USER_ID, NOM, PRENOM, MAIL, PASSWORD, STATUT) values (156, 'HQUJEWONPE3X8S M1YT2AOUCJ0BPIXKNGHKN119HU6J4N QH10', '5R EPMJO94IE19GRFHW6I3LVU98OTSPEXR B54K3TPIH2DB9HU', 'DAS2GJAEJCD325AD6GUAGYRVWAXH3AFKGL7FXNRFMTAJ2SCQJUFVW6WYP0Y3YFXYS 0OFSV5R1B9906XV882V0M25TPCFXGIORI7', 'LC 4V9YERLD65FIQT528C53RWFI9NNKNKL9IG8KP7LNLAH3SHE', 42);

insert into UTILISATEUR (USER_ID, NOM, PRENOM, MAIL, PASSWORD, STATUT) values (20, 'DF2PVJGW6PNTQNG0BRTDAX85K44QLG 7J1TLXP4M5V936MKBB9', '7 W3IMMNDRVWNNUBGJPCHSSHCU22R1QPQ DVPHUCO5F29 279Q', 'X6BV7GK9QQEHOCDQUAMA71KBLU71T1NGEBUFN6QNJ4OIVPMV64U89PL2GIFXDP0XMXE7778JLNWOTJCH6Y915PISUJL3TFU3D355', '2JCJJ75CS8NIICHPOM141SJ56BC7NBSO9AQPX7JANJ5GSD0402', 44);

insert into UTILISATEUR (USER_ID, NOM, PRENOM, MAIL, PASSWORD, STATUT) values (191, 'R647B9LT3X9YXN6LQ17MEUTWIJSYSO148KPNFP8PG7XFUQABDI', 'KXM0JSBQK4PKX5J70L1FXE6 C5F3URLELI7DIG67PCYOWR2JHF', 'D931Q2457XOJ0G3E0MNJLRB 3M2I93CO2V BPDGM6PC5SLOIIW2LEEBKLK7RVLERKBAL5VBCAIPDIMI5OQF3TVKB09HEMGVYNO 3', 'TC91TIJU4DX6D790325BOPX1RSP9TVLBSE466FPG2VOI3Q01Q3', 56);

insert into UTILISATEUR (USER_ID, NOM, PRENOM, MAIL, PASSWORD, STATUT) values (192, 'H43CT2 P631M1U0EQLU09RG1KBK71YSA91XB03NXNJ212ECCHE', '3NEFD72XXVPW7R9UCRCS309L9EQN6M3MHO J2HRAEK9X4TSN2B', 'M643HPTA219LW22CEW3AIHS3VVJ9EUQ3L4L43JE3APQL0O LJH41NTOHW898EGVVFVIAXWSYVOXJA2S6KX2NELAAWC41JXDQEUT ', '1EANSFRUDTVH2LHRD5 745CJHQXLWHIC9JBMV352V28YIW6YN9', 0);

insert into UTILISATEUR (USER_ID, NOM, PRENOM, MAIL, PASSWORD, STATUT) values (34, 'OXJJTLQ4T0RSCFM9H5CAVB1TN 1DRTVH0J62JYPEBEXMVPDPAK', 'TRKUPP92LI6TWFQBIFIC63GM8UTF PBHVSL 6MGDVIREJ45M09', '5K12HCX9CLTEPTGS4 H7X6A97GV3ORN1A3RNLD168B1N3Y KMWR Y25241NADM9WDRA1POP8F51BRIIP209GWJ75HGMQGO5JRNNG', 'NLKSOCVJ1JQ90CG5RQ6AIU6D3XG0RKK V09YK68XP O1HN5XVK', 59);

insert into UTILISATEUR (USER_ID, NOM, PRENOM, MAIL, PASSWORD, STATUT) values (129, '0HFQ EDV UC0J7U7CX6TCOLW6TKRYBRJ9 JWOYSE5FIYQ3 IH8', 'E1S9LTM175BTY0KTINE9B72D AA130ORRMPS78GKKCXSPT8C4S', '3HJWRP3VNW2F1TTEJI5SU8FXTHTF8MHA3B84JH5RNSRFJLWNK2SO5PBBAV2L1D0WSWRGFNSGG6Y2YCL4MN45T07FK0SKQA9O9C5X', '4Y4N6CUIRHS6L7EAU111Y5DSC9SVRS0BIXV0LW0CQPFD2Y7TB7', 95);

insert into UTILISATEUR (USER_ID, NOM, PRENOM, MAIL, PASSWORD, STATUT) values (0, 'LT8K4DA91 G18CLQS8 09JV80EEMAD3O49KNCW7BCILWYIK370', 'UK7QTCCA6HR1U83WMLM70VL6NI897DL3KLCG 7RWRW9P F9I1Q', 'I88JSB534XPQ7 B0L1MS981GDMT0H M691EI6QXW9XPDR0MLQFU W80UBCXFCFKAKLT0494CYRM3K1JTROQMX02VG8ICMLIXR9PN', 'WX8RNDQ6GON OLLQDD67BL2RMVCODL4FIV7KCO9TPP12MN0QTC', 58);

insert into UTILISATEUR (USER_ID, NOM, PRENOM, MAIL, PASSWORD, STATUT) values (25, 'G97HP 6Y29D UEFA6NHV2YXBTX1V0157BCSTBTKW1NWTM4NTN7', '0BP1FMVW4V2IH2CBY4IAJHDNK5PPJVY8IH2OJBRUTHKSS0IS1S', '0 NT9K8TWLN3P0SCOQS7 V6C O68J6Y24BNALAXNWHPC0F9TD0T3JK5X24C  82YNWC7TNSLLUO1GQ Q7K 86FAQBO2DO571OO6K', 'IRK WLTBK0713E YXQC6QXDO2UL7T04I2ASSQU8FVW26HN 9CK', 90);

insert into UTILISATEUR (USER_ID, NOM, PRENOM, MAIL, PASSWORD, STATUT) values (56, 'RX3NL467JJS2GOD 89JJ8D4ABME4BJ41A0PDLFCUFX15DY5VJ ', 'JFE4W7NWVVO3364WSUVS1BO8KVXY75MRE HP 1BPEBP7WOT0S7', '67JTX2N8AJGU5JAWCE5B5EH6HD719VPXA7IESSSG36TV9AWWV5YDXLXQR5LR90NC9RSIY0KQYTXOCG4K25JKTUUU9JH JVXDIO0D', 'RWD5YBTCOIFHUF9T4QJ1PY8LJK GWXCTSCTTMD8 YDPV5TFOV5', 78);

insert into UTILISATEUR (USER_ID, NOM, PRENOM, MAIL, PASSWORD, STATUT) values (80, 'EDOAXU2EB4BWGW2DHOLKRXJNYTIETTOB04PBNXFIRG063J I6N', 'QC5A0J2WOT1IKMHV9XUMBME05VCUFK3XU06T02BI85G OAGJP6', '1YHQBC906YEQJMFKY0VX3CPLTHK7YNJ6O39J HWSH0DSFLS6E9TTU5OFP9QGT1D6C9RU8ROVS3SP6WG412K0GDJFRTTBU26PEJ T', 'KFPOMJD7LXR4NEUM336O6EQ4YKXBRGKWM0EFSLGQSW90 JHCMV', 65);

insert into UTILISATEUR (USER_ID, NOM, PRENOM, MAIL, PASSWORD, STATUT) values (95, 'NJEMNPX7W76LJWO4LX39NI5X5E8UW7NU8A 6GBKU 9P1VOW80D', 'DIAY5BXO6WNKTPEMTXRSM 9EGTNW0Y5R6ARB2ADVO 6CDTVTIP', 'QE15N0LWO3W7R39EA42HF2CJ3P805957JG1NESWD7K9ABC5J4DPK26XB1RJIU3J95RHAESXMIHC7B5LF5UHPWMEHMPPJIXNSEYQ3', '40GJJNSVOME1RATLK0ISS9G QUVRELBWK8PKXBBTLHDKA9QUOB', 82);

insert into UTILISATEUR (USER_ID, NOM, PRENOM, MAIL, PASSWORD, STATUT) values (137, 'TIUA3YUENKIJYE7DURH0HWM9K DU9U1N F10FFOQSMHUA U9 N', '9YH0QRP62X3MBMFJ7MQE6KXCJG8 8 89F4LV27JBF1SKFK0WY0', 'TM2QNRLVD18MW17W47SC5W0I9 54LDX4S5W85347YUQ7E777TY6QAGDVXRT2F9QGDL49X0O6EO S1GLRX5W089E4E M10JJ6FDLH', 'DGMGWN7WUVG3DMB9J0P1 5GPLG39A2V8 A9IQ1AE9YO HBT0FM', 92);

insert into UTILISATEUR (USER_ID, NOM, PRENOM, MAIL, PASSWORD, STATUT) values (52, '9JM22PHBMWKV5LFS631RLTTXCS ST41461YHYWY04LQS8TME49', 'WOHMJ97S0JVBRR12QE5HYI6BBCY7H1BYGQTOV1KHK9ISEDUVWX', 'BSOR001JMM1MCFC4GYDQDQNXTXFFUAD02G8 YG15CCY0VN6HW 59JB67S 1ECBNM9V2VD0ETT A17 41XMA9DDNV8 Q9KRPHHNJK', 'S9QJR1YH87VGVPP59445BPFB81O25FTGA0TAOC6KYM9Y5Q 89K', 98);

insert into UTILISATEUR (USER_ID, NOM, PRENOM, MAIL, PASSWORD, STATUT) values (131, '2WXSGEI8KI9YBIITOXEU2Y91UKKMP3KIRDIL50DFOEMHT5GJ4M', '63L4N 22XV0MF6FM45U V UKB46BHY6BSERF0NKCOOEEDP10R9', '7YK93SS XV4CAU1CERMDV0IA382EO7P5FR7SKPQ2J27E3G95XNUTTY3PDKEO6OARSA672H6KHJNRX0HA8I7PMEPSRYH4R3NK1MET', 'IR86KOGIGO2GYVFSXK HX2PIM9S9 23MTFP5RVT6PR062HMM6C', 76);

insert into UTILISATEUR (USER_ID, NOM, PRENOM, MAIL, PASSWORD, STATUT) values (111, 'TDK5BI4QV8GP85H7GY Q5S7AUB5F55QE54WLKO1C9JC6NOVXED', '4FA XBWUSSGYWX2HFTG6JC0K735UN2HY0TXG5Y89I47SHRG76P', 'UOPS3MTKRWWII2R77TEXKSA3M6RTS30IJKN3KT8EY7BIUCPXYFSFXSXIAFBPLFBP7AYU01MFAXA26ME0L64PXYPRR6NJVHQBAP9F', '4CRI1GIWHCYCPLDF 216 CPP0KA5F44A7V5POIY5O1W5ABUV0D', 8);

insert into UTILISATEUR (USER_ID, NOM, PRENOM, MAIL, PASSWORD, STATUT) values (23, 'QM152F7PLQLS7IMH2D2E2Y89IEA0KMA5QQ3GEPFT2JP BWYMUJ', ' NTS38KJN4SGF2EIRQWENHDK3OI8T9BJJIETJ69IOG3G73Y0PA', 'JEUCXOXYEHD6BUE5LJ1TFIRL KVSPGTB0AVDI 2YDSANN 68T3I63A8853H5N0KXCFW8 35 QP07KXQGEHVUY6ESJWGWUL3SAS89', 'A1RV4QTRN3IDMX 0GUHBB3EFTR37EODJE8262QTT2QT11IXQ A', 1);

insert into UTILISATEUR (USER_ID, NOM, PRENOM, MAIL, PASSWORD, STATUT) values (48, 'VU OOWNCJ7IXIC25B4JHNI6BCI0V9IL6WIM5 Q80OQP XRF0KO', 'T60D HC5RCF2RR0GG9AMTWWYGRQEVSK1K9HKO75 4NXU3V4GCC', 'S2CU4LG4HTYA1T0DLL7N80V3C6MFHND8PODJ17U75HGADH T1S9A7SYCOK2DIHYI LPXXIFTSNE2W61TPPU5AV3QOBY9U6QY76F0', 'I0FJCMLTK4JIB13S052H1XCUB92423WQXBH5XT17CI7SQGY2X8', 28);

insert into UTILISATEUR (USER_ID, NOM, PRENOM, MAIL, PASSWORD, STATUT) values (143, 'VODF6K7DFD0UDG 41LTTAEV8CIP38GM02PK2YTXXTV46VJVPDN', 'TMAJY1SPG33B2149OIC6J7O5GLKEKRIXV0ICDFA43276RPI6MF', '4SNUYSQ62THIF5UOA5SXQSIPVSP EKATTJ6PP2YA7OWKFOUGWSQ4G3MCVQXJ1ROD6NQBEK92KAY6BN3 PAT005SV2MO3XFOQ8697', '0H67AG8SWK44B53D3B46T15DQR8BLM5F81KVIUVT0IJX7SI 98', 96);

insert into UTILISATEUR (USER_ID, NOM, PRENOM, MAIL, PASSWORD, STATUT) values (107, 'C MK7ORNFPFN7CUJIL3M3SLBXTEM8J0L4UKMQCH76TRVW24P03', 'NSH6MHG41XVWLBPDVBI38BVYEX9QXPPATIVJCQUY30KQEFX4IC', 'W2I7AFG374HV8E UXO6 IHENB500 JTDE57FF7GKH2JQU5GE43NG9GMPV61B8EOBJ5IIY 1F04G7VTH WOO2733DNKRTSQ65C989', 'NWJTX7VF 8FEC7F885KLQ4EBALI6TEGVT9Q7Q0SMWVUJ6NQXTC', 97);

insert into UTILISATEUR (USER_ID, NOM, PRENOM, MAIL, PASSWORD, STATUT) values (36, 'SM5TD75U1YL9E62U6NCQ5ECEIA8W 77BXEF8UMW3DRFO8OK45T', 'SA28D9K6X2SXRWSTH6EKXHYA BVMLF5IDLF8M89L4YKI1S4909', 'QDK 2R4 J0KE1HEL67P747XQBQXH9EUHIDG2C91R MC2NANWWSIC4QT8DXME58I104D4VLCA7TKUAPVU09NG JGMG42L8A TS521', 'WLH0F65915VFG LJRASD1UHU3ILAPSNPX WBT2F5HRLEJ3O00A', 99);

insert into UTILISATEUR (USER_ID, NOM, PRENOM, MAIL, PASSWORD, STATUT) values (41, 'TOL3R6P8LWNNNU1N7FX3Q7RC3 9 DNV9W9SLOO 0BBI2A0A2O6', 'G5ETGFG23V277TFS3A0UNT3X P5B2D1AD7DU435MCM96QB 1XV', '5MXB6 77Y46D18JQCUI6XECA8SQQC8HA1V8NPWC2YPBDEMOWBMA754M55UUQ3EOUWSD5LI9Y3DRTILP6EMQ29W6HG92TB0X8DG7N', 'IEKIWVB1M997QKV6YDRQ5FHE57CKC1OSEOQQ1NN5G6RENAYXS4', 83);

insert into UTILISATEUR (USER_ID, NOM, PRENOM, MAIL, PASSWORD, STATUT) values (170, 'ORLN62VLIEN7B87VURQ9MYNP45I JCWGA8TL89Y72UY97Y9410', 'DWLJ RV85LJQ2040CA5 6Y1WDXF40O2 X1LIUK7CHJ0 IGW9AM', 'F4BWIUKQLOGCGEH4FOK33MU 8NMHKV51TB3FUNH4TKXRV9TSMND9BC6AY9B70OAA8WBM12W19C89ACOJRBFUSMVSI QHMFFB10V4', 'TO0DKPS7XFJ VO6EDFD 14G7YDQ986OX 8A76N DQMW9N1P9MB', 85);

insert into UTILISATEUR (USER_ID, NOM, PRENOM, MAIL, PASSWORD, STATUT) values (117, ' 0MEOY504NA9VM4O418AET8QB6TPJ0T9VSKTH7GC8RPMG7PSQQ', 'DWJ9Q83NODEFQ6AJUHMO5U0TRPOX CJ29L626OGIJ8U7BIIM49', 'I4VLVCN6VINSPFO8ME9MUBQ QD 5I1S32P4WK4OG4G 4608DCEEWSYCU2K0RTP96VG044KVJ KK TFDNV5YS2YQSQV983YMLLQJF', '1MEJ610VWWP71SNH09OGB5MRPB B G2UWDI99XHGQNALG6LASV', 32);

insert into UTILISATEUR (USER_ID, NOM, PRENOM, MAIL, PASSWORD, STATUT) values (125, '4M7PE0205SCPS A9QL T2EIQK7H2PT79IOBF661MUJXPP6GV28', '8S020VLNS0V1SO UV59TXAOV29DL06WNET8V4 1I L7R79CJDK', '8V DS4 069I3GYBICL92BV3NC1D47RE1HG GB5FSPF87WWH95HFFQ0K3FI606IX7F2WUODTXR290AT2C HV6DGER75U2AP47FO 3', '9KJJVBULP75QQAD33EJMDGI1R5O40BXE5TJ15HYMKOLD0OLPQF', 63);

insert into UTILISATEUR (USER_ID, NOM, PRENOM, MAIL, PASSWORD, STATUT) values (154, '1J5VWVCVMDXIGYMXGTB9EP6AGUGD3U47FB04U67HIJE4XWEWF ', '0TDOFJN3LLOWCJUXHMF69 9TQDBFRJBPMA32SG1IU4PA8T4OHA', 'GFN3MNI25EG17QD4 5YTD1CMUXMCULMAMN3 FW0JG0LN2OYOPU7FJLUJFHQ VEC2I60CAV  JX3KQ0OO53VV9GK94FEHOYULXWXV', ' E0 6IU0M4J D8D8FQJ98V8YQ7PVD2Y1S38X8N6KBB5IRSV6E7', 62);

insert into UTILISATEUR (USER_ID, NOM, PRENOM, MAIL, PASSWORD, STATUT) values (179, 'PSSO5G044LA660SE4V3IV0N89JD D5RBEU6QBHKXWGHN3AOC5K', 'E94VK4EB5JEQ86FFRNFYOL5ETM0CPS7AYS2 R9BJ S02KW  GF', '6SSL5296CPUKA78FYK0NDO989CYJ2KXF AX3G92VV3VBI8BC04P82VKNM0R4HMWRI82O00246ODDL1P0MMGYFG99JNC48B9SFP34', 'KHK 9M7L1F3466726YY09H AAWBJLATK2NKG6HUDNRVWQ5P6IK', 68);

insert into UTILISATEUR (USER_ID, NOM, PRENOM, MAIL, PASSWORD, STATUT) values (105, 'XHTCHHR20XT91IM10V TYV72MTGJM U XG3HBIFME5KTOJQI5V', 'NBTOO51XQ52CPND684L6QKN20HO2Y6P4EWOGRNV285FO8UCJF6', 'TOID4A3SRCRR V5D6OXJU82SNQ5BE6XQ8DD7D3W3KID05XVJEHS 51FYKOCBXBQA1 54KGVE3S7624S1JQQ62K0Y7QAPF5U5F64O', '78IQ06SXY09G9GD5E BNK I1HCVHWU6YIWAKWOU5ANLUD364X7', 79);

insert into UTILISATEUR (USER_ID, NOM, PRENOM, MAIL, PASSWORD, STATUT) values (175, '1XYUK2 2GGYD7M5LIEEWTKKV7F MAXQB2DB1MN9IYO0YAC0UE6', 'P71EA5I0U44TDBC3DSWN5MUE2D7X T41NUTMHH8O6VH7SCQAWW', '8189P6HQM2CYIXDP1NNO7A2G7WN80E5ISUBU9F44MO1 MGU7GEAIKKFKI4UYRXR9L2PU 3QWQ6KALE2BM60EQGS3HO475R5LU90G', ' HHC37BIQ0K1L53QTICY4VJ25Y 5MGPRDNVX9 EHCTM7MYSFAB', 51);

insert into UTILISATEUR (USER_ID, NOM, PRENOM, MAIL, PASSWORD, STATUT) values (147, 'UGQWX6WT99XIHIBOKXAJL1HUYCDNCYWUQB23BSHOLBH0EMNF99', 'PI70PX2D6ISRDMX SA9EKJRC66N9IY7A 3PEHTGTVOPT0XXRU0', 'HKIMJ SKIQJPPO2TJO637MFIXO67Q84EUWDVKVN3W3G4UUWS8TBOKEVWCACTA21YH2V97VEMPYMB0U3TH3MYHMNU1XT6I3UWAO6E', '6SN9LTHI6V7TVFK34Q7WHDNB5DFY3PP5EEV70IXK12UPAXM1SB', 91);

insert into UTILISATEUR (USER_ID, NOM, PRENOM, MAIL, PASSWORD, STATUT) values (27, 'IYHC7QWHVKEFOI0TX4WCHP2T0NYHN8R2HPVXY2UNDLUK3BIOJK', 'YXLNMUH43Y9K4PQQRQL566420AEWVJ  FY 6LYWYO58LC70DVR', 'RA9H8MJ159CYBL33OA6H1RF570XLH851GPRG92C31UJU87EBVM0DSPLH6PPVR CTF0J V4WDGOQK2JXSL5UN5HJ25FT56YVIPDBW', 'M8X9J6D3OI6A1B6MNEYTVEW0WEG1F1NPJ2RBRDOEERV16HSSA9', 4);

insert into UTILISATEUR (USER_ID, NOM, PRENOM, MAIL, PASSWORD, STATUT) values (121, 'C72PN6L9 THRFNI1209LPALSPF8F1UAHOH2F60L5R30OFM2UTN', '2318 VH8MK 0FUU259GMY399CLK44GY0LSSYNR8HG D6HUTP23', 'OFLP025T50NTCMI0BKYSMN1B8XLV863OMAK 9P3Q3U7NI53M18CL549VTI0PU7X91XK6MH322 WNF3P9AITD4XMR737U9F35Q939', 'AEHN8J3VHKSTKJG8OS 3NY1MMRWLOQD3K X6O1K 6CGGKW7E1U', 12);

insert into UTILISATEUR (USER_ID, NOM, PRENOM, MAIL, PASSWORD, STATUT) values (94, '86B8ERHVQ08JPGC3WQH9F6YJROWURHAMOMDIVN1IYBP9KN6SRG', 'YXGI9H65A1GYARJH3OE0UO88 9OOE1FVODAQDWVT UMEN4VDIY', 'GLT3H7R483P4M925TEDJ3S16740DU0560I2JB2CG32K0V3KXH5U7MKWL6U7H OJ0H0VRUV 307YACDCR72OD94Y OGEK4KLSX3BL', 'TVYTFTL9UTJU1VX9641EVC191CVG3YTRPIHPTUJINO23RG728W', 15);

insert into UTILISATEUR (USER_ID, NOM, PRENOM, MAIL, PASSWORD, STATUT) values (173, '64QSM7WJWHET0L2SJJ54MTWLWUNPH1EIW4BT9V8 CYWBYVIMDV', 'SD761GSSOO01LU3OKQR8DA0RCT5XAPIPG5P7JRKLBLGHJBNTI5', 'SPKFW0NRPA5P1BJ5YXXC32I8OPFMB3QF8IP K8MU2SDVWEA61B9MN3JNFYPLIMJ4SXN8SWYFYN0EL1 M7A WL7PGL UWCKC6ADBP', '62YA5833UES4NT239TWXXDRY9VFEV5WAA 7 952LYGEVVB6YFU', 25);

insert into UTILISATEUR (USER_ID, NOM, PRENOM, MAIL, PASSWORD, STATUT) values (159, 'NB Y738C1TU39T3 2SR5AU30DYHNR19HV 5W7604VQD1H97T2O', '0466N6JRAT3TE1653O5C1RIS WWKO4G11UI62U7D299 JDYRKE', '6EY 8CTHW9S6LPW60EBXS4TQH2WI5490AA0H9729GD13S7CKVWWR0NB9JL5N35OPKGPFRAT1UX85P6E64849QGOR0V5MAAGFE3TU', 'P5USLP57A22DY8JNEEV1A2WWEYGN8RB3QD2SH71M3NML12D3O8', 10);

insert into UTILISATEUR (USER_ID, NOM, PRENOM, MAIL, PASSWORD, STATUT) values (135, 'EE5XVL26CVA0LJFDMFU7FSGQKORWIWLYVRN4D1E1Q95IMI79B2', 'TETNE59L YD5019M51BTL9SFFM1GVVOV96GYB1BNQUWPTAFANI', 'THQ1GT0MPTQ5J8R7QCVJCV5 924V0O7C0E3KQ78CK1QNU TXAULUTWHU VVOMVW 9HXXXHSPGNDWPUEC0931OKQUUUJMAR5FXYTI', ' U2 HGQX06EEFBU5 CL594X1YOPADUM ELI3PHN3TAM4FUCWOJ', 21);

insert into UTILISATEUR (USER_ID, NOM, PRENOM, MAIL, PASSWORD, STATUT) values (162, 'RIKBCJ8MKQ8W1QB79C4WX38B3LI65 K58JHW4JQ9XSHOYJ8E1H', 'EC2L7AV2098VEERYEJMFM TN9 RHQM4D7032JNKRF1GR42C1 P', 'QM0EBEE61F0XIBK3MQI10D5HWJAXYMRUTX48EEMD6CX 70U69Y8TQXGBJFK15SU9KG97DQ33VN0FHVQC6MX12N4CGTEGTKNCGXCT', '2EFBAY6MFS819YHEPGOTVLTGVD2IWSVEX48B4W1BLOU9 7BBNC', 31);

insert into UTILISATEUR (USER_ID, NOM, PRENOM, MAIL, PASSWORD, STATUT) values (74, 'L DETAHBBKEC2R7P2 MJPSK4AF2IJVRH7GLMWBFQ1 9RXT8I6D', ' Q07FTFDUUR1EFJPEW92258D4 NQNQFW4 STKR8K84JTYJ3JSV', '209704B6R2XJTM3G5IIXX1XU22A3VEG1TLAICQ4QRIWRJ4EAF9JC7SJIB2KG59UDAMYUIRT4OXQYLNNCTHW1CXN7G8TGG3WVM1P5', 'PUKAM4 XCRMSX24SJRR60SGC8OJKKG7E8F9TFUMTCF1MXOF5DT', 57);

insert into UTILISATEUR (USER_ID, NOM, PRENOM, MAIL, PASSWORD, STATUT) values (64, 'SY96WVLM7AIVUD6POW96L1K154O LFJ3QOX4Y67YG0YHE6RERW', 'FUOQ730L63XFXWYOM S0HI9MF1XLHX99D3901B 4BJ6HITJWKP', '2SYW2U665XVWMGSDEPYATX64YS75AJOCIMA6 JKI905TLB7U9L8L1CDJNIH98NMD8EOJQ310X7SITXPVSBFH8EPUGRJWSMX8GK65', 'WT319ILX6PN 5IU2TP73IEB10UIDN8X6ON35139AI J38TCON3', 29);

insert into UTILISATEUR (USER_ID, NOM, PRENOM, MAIL, PASSWORD, STATUT) values (132, '4IDBNMPV9O71RGQ6L5E6WIYG J5X J6T3RRS0WO 16LVF46EKL', 'C4RJE58G1H7MYWWPEIEF3M2A E7X375U3MQ4907QS6QJ647ECT', '7B8T158TTYJ P OXXVB489G7OIQXEQYOJUK2DN38JVNQNV9B0ATKP1FW07PJ5XCDD41YLY5PBWKN6MJNTWLEJEQ7D9A4QEVXQABO', 'GH5ARIWP2DEBJ4OBC5UERGKNX0 RMSH2FL0C6EEBKX8 ODS7X7', 73);

insert into UTILISATEUR (USER_ID, NOM, PRENOM, MAIL, PASSWORD, STATUT) values (98, 'L3AK1S3NGOWDHF73GN9BYXPG0J XPWLIK6XP8TB7DLDEB0VHS6', 'R4LRUDMKTX0R8VM3S3N4Y87MC CTUK KKCUNHJ H6NT55756DK', 'CGAQX1HDP35G1TNTAWWWP4HT0M7N2DRJ4VLCH3BINITRTWN3EFL9BX0RUH4C52CRC8A4KMLQ79F3PTWI85L51P84W0MC9YPOBUS5', 'JXQQQL5YY3RGGD 2FQBPNIPAN518FIJGYI WVN87KSY64LNKPX', 35);

insert into UTILISATEUR (USER_ID, NOM, PRENOM, MAIL, PASSWORD, STATUT) values (45, 'VKNSGABOS2 OSRYNBR5TXFLT9GHBWPRMBPY2UB0X4 YBO 3TTY', 'JVI43UAI4FVISC5DCY8BOPXC6MLXIJQX07ADUVPW8UP60VSORV', '4 HQM41MNYEF3HVW 563UMTI0C5MA9K1JBT7X2UYYJR744JFQSHY7Y 8IBOZDBE LK3Y4G79EJ96G2W5BYHYEYLG5QU4M53MGDIP', '406 TQ WEKC6I2S7IB8BR345N4H3MR NLFX3TLIPPOO W8PEFU', 2);

insert into UTILISATEUR (USER_ID, NOM, PRENOM, MAIL, PASSWORD, STATUT) values (177, 'NMQ9IH8MYRL9 BU AXSTB04GNX8MX1NNNLWF4UYAV5JGTKQ 6Y', 'P4XQPF UNY9T3TBL4OIROBNL3FITL2 6X0M70P62W0JSJ7W2AK', '4TN86QUT1KD 2Q6ESU8NUAYJY6N8Q9TCO0T3SO5JS8IGS 7MM3MTUEXM939JFHJOI7LM9QEUIU4LPDT 2HPGTBDYAW9SW2RL8SY2', 'FW3YURCUV0RECXYK93D7E94I0FB78R0UJI55WGQK39I7S2KNX ', 36);

insert into UTILISATEUR (USER_ID, NOM, PRENOM, MAIL, PASSWORD, STATUT) values (123, 'Q 2NVFA5SW4N2L9M H24Y3IWSG5S3JBAFPRKE8742QY03ST5 Q', 'SN34EOBUQXMO 3EWAP85 27J752AA3GB3MU RM0QWXUTXGXH5V', 'YYI8XK2WEB1V54JMU0H OT3V0UA0CH0AM929NREHW1EQVBBXFA7B0EF2XGJVB92MJB9H64CYMI802PGGGP1KSG09B7L5FFLY7M J', 'R0RKWHBT59R8PB 1K3ADOYBI207LXB3HYELWGI19COP04OO4L8', 77);

insert into UTILISATEUR (USER_ID, NOM, PRENOM, MAIL, PASSWORD, STATUT) values (81, 'PLN AYU2NC TKO0PJLJGYKAYDKRGP4A91JE6USJ KPC8WA5F8H', 'O3O5XSQPMM9SM0FVPV3I5ASO463KS72FK5Q6TSAA1XOPAJHJC ', 'YL9GDKE7K6HV8M9AD3UW6C7TXG7QPCT1CFOMEPIU1Y2EH5N61P VYRTYY8OUEKWOK5BPBATF3G2OA6TX0XQPH8GMKUWS4235RKYG', 'YX774A9LEFQTB6ITRSF4WMJT8M YU77 RTG3ITIT1OTWJEQR33', 64);

insert into UTILISATEUR (USER_ID, NOM, PRENOM, MAIL, PASSWORD, STATUT) values (55, '4X6P 4 RX6I0OYNBF6WD5MUB0FKVS5A5UTQA3I03GS0TCFV9XR', 'YX8FWY8OYAOCI006SH0EOO CL0BHLXCV313TCMVI41MWQF3BM ', '7F5M7GH 6GV7EQGC08UWPO L3EX5 RM2H13YS G42EPT5CRC72CX8F5TXYJH73GE0SV55CCCBARI99ER3S0VX0SGPWRXB8RR26AU', 'HA4J21KT7M6IXWH0RVX6YKRS5V69HPBWLLCGTQRNVSR11HRQME', 86);

insert into UTILISATEUR (USER_ID, NOM, PRENOM, MAIL, PASSWORD, STATUT) values (29, 'D7C81ORFSRBXUGBJKM29D20F25W4NTY BE8SFB8H4PLKOA2SVH', '16CS456D0AR86BBG 0XLM6EP5OHEP163VIEI01SX04NR8FNGK7', 'I5KJN673H9775BIXGOG6T32B1200AEVQ09S07TUFKF8T976ADYU45AKI3UTKSJTLOUSQJV4D64P7PX196MVWX 3D10YB1CX5FBH2', '45DR2EWJ1MC80NS4JLGCRI7 3LFA7LM0CD7BEKC996KXP 9G4X', 34);

insert into UTILISATEUR (USER_ID, NOM, PRENOM, MAIL, PASSWORD, STATUT) values (116, 'NAO78GR1EALDG6YI94VT0364TO8MHJWA1844NKA36VYDB ONCR', '3QXGPR4A9QQ0JSWKMS2X FG0KUTIAOWIX29E47T38BVA KU9GK', 'MP5USXYL5OP2ASHQUE1UEEDPWFP95E01SFQQWTHPPEJ3 RVDXNJUJ15RP6APJ4K3U1A2UY SUVHNF7E2NICES9I 3QGEAQLAY9VS', '7AF KE2QMX8CMK78K82JXXGE0DVWFRX904L0HMYSV095IHQU5I', 13);

insert into UTILISATEUR (USER_ID, NOM, PRENOM, MAIL, PASSWORD, STATUT) values (9, 'YQL4QTLMLEX25VUKKEOQ1H4PNDBB1HS1VPBOR8YMHNMX7P1JLN', 'NYD3TPHS48JGGQ7IVBWI 86XT4VGXCYV1MTR Q00AIXJ4IB4 V', 'WU9LHN64S1ILXLUIDNVE80N6YSO5OJ9Y77AGX2VW2HW91C57C6SMMQ01 5HS07TMT388W7IH5 BYNWYKSY R5F9VSYXTDBMWRTCA', 'BTAYNI86SLSP74GAWQNUHW17LBFOD8F6AA699JE2QM0HLVQD N', 16);

insert into UTILISATEUR (USER_ID, NOM, PRENOM, MAIL, PASSWORD, STATUT) values (124, 'N6JUGAAT5CO6A4HDJ3BBCLCEPXTN25DLTFGFT02BFJGHYWBFD2', 'FSONKJ43T PBWQDP9P9EGXAJ2866CXQX9KF1G180JA5FM6Q7US', 'IXOAXCQ1W7MPMGCE5CVPMK1DJPDVV 3JBYNU2L9F818ROGUSEIVKOP05P1GQ H2F6PBO926LLVGVOYOLYT0H2C5DJOUMRH2WIE9E', 'XTSYM5DKLNX2EA11ID29DQURXT3MS AHAQCOSMRUHDOWTYHFE9', 47);

insert into UTILISATEUR (USER_ID, NOM, PRENOM, MAIL, PASSWORD, STATUT) values (60, 'QIL97P77Y9Q7QXBAMX7YWFMNELC2JM JDTY5TO44OI8A8C7U1N', 'EUPY2TQFBY0 5O4Y5XNEK0VXPS9B3HWDHYDKG3XINSPF4KWN6L', '1CWHB1MAB871FVPKSP0R0T9SSFYH13NJUD0L3MS73XXXQ2YWPC8LKH0GM0U6WIDS19802HLWIVHJ8KIMO1MO1D4YNAXKOA0RWHGA', 'BANV64K07A4PABXE4JEBQCLEA 1BI62GMYE9P22UQJX68E54FR', 6);

insert into UTILISATEUR (USER_ID, NOM, PRENOM, MAIL, PASSWORD, STATUT) values (61, '41BQ5QNAC30NCPTT2JJGAC8Y8R MGHVCEXJYB2IXA87BE4SI0I', 'KLDJW348GAB4UD3CQA6GRDNFFDICLR92AOV8RGMDL780983JON', 'S8COW7NOPDOYEX6CN17I6HMRBQO6LSRJ5B0UKEFRA7I2IC H2SKJH8GD709Q67CCJY9RP3XMKLN8J CHBQ6END4J3188O JXQ4CT', 'Y27KQSRF4JW7W21GGQA9QM T34ECFP FKM1CQ5M2PSARFO NA1', 7);

insert into UTILISATEUR (USER_ID, NOM, PRENOM, MAIL, PASSWORD, STATUT) values (146, 'E7GV NRRUKYTFEB4DPC9HAYJ9FYK7J8W23BVI7988 FS5MIUEQ', 'V6GH9DX011D1H7IN42U7UNPAIAYWVPQ74VHSSXIJEYMOFLON4B', 'CCFPKVGPXQP9VROGQ I 6IRF PW TL7FJED L3VR0VNAMIA6OJKW2WO5UA2PFWH25TAXI4JR1UYKSFY0BQI1QGE80SWVIEE6 F0J', 'PK19ME56V2CK A2VVPNLPJ6BACEFCA04L9K4OB75OORKX WNF1', 19);

insert into UTILISATEUR (USER_ID, NOM, PRENOM, MAIL, PASSWORD, STATUT) values (127, 'D56RFS0TP220MDWCGXHRKVCRLMNF34QQFYD8BLVDC0LKGCW9BR', 'M4S7GRRETW6W6LBHDTY6763OTH1PSQTHSHW16TH4W94VTEV4XL', 'HNS36GIM2P9HGHMPL83J2PDRG7VBRDDE43K3HRDIJEH3P3FPF3J1JOM716G 3 GKFOG8W3RSPAGEO4JDIK4MUQYKF0FSI0GNUCQY', 'PRB9ICCRN BUESLT43OC5SSMJ5TW6W7Y7V4GC7V37JMKY070NP', 53);

insert into UTILISATEUR (USER_ID, NOM, PRENOM, MAIL, PASSWORD, STATUT) values (93, 'T Y5YR0SQQIR9JF306JC  D15FD0Q2CJG11CHW62B OCEV886I', 'V0O6N2KQONJ3 E41YXWS3EHJA88A19 P307VD9Q92FCWD5L69D', 'C43MFWS1UBQLE3 AB4TP96LBFDRT6YBRLPUM1LNKKUYS6TV16EU1JWK77CWOO S5A1Q09IXO52CV8P6XKDSJN6H53FJIYTCP3LMF', 'H3FV0MTA 5OINCPM72166P7TAJQQRV7VEY695OUG7QUI3GTA2V', 66);

insert into UTILISATEUR (USER_ID, NOM, PRENOM, MAIL, PASSWORD, STATUT) values (158, 'H74L818AJBO4TJNPYI05IJH7U9BNLG5QW3P6A7IED2PQXFP74H', '7YXKWUOBL  NM9KNTJJP9FFS5CK4DRFOGO76QSL9Q6RA1WM44L', '5K51SM5BFGX K5JOEU7T7EJ02LX G5I7AFGEKIR40MWB348G2H9YLEUGG52LTOI1JLQGIWSUMHG20 3E8FTC9RON 8Y7GJ BAAF1', 'IMG712TLHWMR25518SS21OOCQUUPFNMFEXTK632AML 9LKSB0E', 39);

insert into UTILISATEUR (USER_ID, NOM, PRENOM, MAIL, PASSWORD, STATUT) values (187, 'CHBHIVRNTO5YBWYQTPT1SKTRHCS52CFVVWRKQ2JGCVHD9I9N78', 'D494B9OO5XP5I LB22NJU 5NEHLR1EEDXH0RO485IK1CY57AID', 'JBXIC2KE4OILXTNQ14AWX9GHLBES9KPXGK2RLA H1F0NMM90PG63XI25EVCVL8DY0P9OBR1KERAP5ISYYXXL20 WUCNHUWW0S2PX', 'JCYJYG4J1WH 600HAX88B39SYBDQUGL VDA31ECOQ235FS8RRT', 45);

insert into UTILISATEUR (USER_ID, NOM, PRENOM, MAIL, PASSWORD, STATUT) values (130, 'YA237S8AEVFF52OH1NSBME052HOQS3ASRYGT76X3Q3KB19G93Y', 'JRM706SSSJXAMA71XBYHS307 QNTL JJDPID4KO2BIXACU4EN9', 'PWPWNH9ESY0JD1CCUJ0KX880YXD0EBRQIWNS6MXX5ACMGLCT4PMXF66FAHKU8CXSSR6IALF1CIY5KL0Y7U0S58S8NIXJNDVC17AF', '0A952LK34P9 TI49YYB8IDYHLKILP82 HP0EG3R1O6C61YMEYB', 69);

insert into UTILISATEUR (USER_ID, NOM, PRENOM, MAIL, PASSWORD, STATUT) values (114, 'BS0XKHAGG3Y62I9FA4YV55KLGF4DLCWW83YDGVDONTJPAGA8 X', 'W70UXD9DUGNXY8B3IRYOTI0DXSUHFCVMQY6QDUSQ890LJFQ81E', '7 50UGJ52FLAT6W1QOEH5QJ1XUE66TJX1RILHRJM4OIW0LSLQ1MOGM4E8JILIWAFR474LS0LU8BBBSSCM66XHI3OMGCHQKECCI0G', 'LRBOITF3 4ND HRD2KGGCW3BU3DDJIIU3O4T9W66PT Q3N4QC8', 49);

insert into UTILISATEUR (USER_ID, NOM, PRENOM, MAIL, PASSWORD, STATUT) values (144, ' I41NF6MX65XA9JF8RQBKUEJQCAUNB5M8JT8MV0DD5T300FG X', 'MDSGVGDV2RW1IX2586FOOWV9WIYD2XU5XL4O0K1EI54UNAV0SL', 'UQO4BBPOOBM9R8XVOGIY2 76 OI6KRWYCJXDECJMEERBGKWMT91DGNHMSXUF8UYKLYSF 3VB848KWXAW3M32KEU73RCNW4HQII H', 'RU3OJTUKIRYKYPECYYUWMT2W9W 2YR4NPGNPDVY8W9VRRPKYH9', 14);

insert into UTILISATEUR (USER_ID, NOM, PRENOM, MAIL, PASSWORD, STATUT) values (183, '4VXW3I7G4T1SJ817PC2KENRNX4OI9GQJ1MG58FWAGM34385I3Y', '273H9768SNYJ7K9A84Q133G9MGGAMJ4G62FJBPFCH08WQ2RDG2', 'RJVHAAT258HW5VO74C0X8EJD67VFEHTQF1VC3KUU8RWC 9H2PYWAXUM7H P5 YCEI5EONCF221AJ0QTTU MCCXJS7NQXET6SGQ1R', 'WANGTEOF4MVY6WBIJK2B2GJY7ON2 I12YSC74350TJLEMV9984', 41);

insert into UTILISATEUR (USER_ID, NOM, PRENOM, MAIL, PASSWORD, STATUT) values (24, 'DEW UPH7VBH5FXIO32HLBRMH92UOP9SOYJ8EQ86L2ASVFC96MH', 'HT5ERQTTB23H59I57SB2VIGMRGFT5X01X87K 617RBKGGHSO5C', 'AS7VFUE942OTXDDL26QRLLVD5OO4OYNFRVLE2B8VHRQAAGI70 GUUM4K8 SSF8618CJXLTW8S59N5SNRLGJR OQ4 X54VARIAQSM', 'AFLF50S3DNIQMKCDYKHK69C70M 6U14IT0852KA5XQD6V4HCUN', 67);

insert into UTILISATEUR (USER_ID, NOM, PRENOM, MAIL, PASSWORD, STATUT) values (176, 'MT8NLO K2390C71GCGYTBLMLXGHPMBRHMFXH1JLY4LT4Y8UU89', ' FCB UQ5QRTX2WRBOKB8L3H8MQ8QK22 EQEI8BCFIMVHMQYHD9', 'K PQ3C88N8FFLIG914094I2I43N8XCMSDR2BT79GTWQW5VD4VIJLTHHD5XA6I90QEELGTDMRL8JDW 36BOYFNFY5UD9UUDMSVC13', 'W5XVXE6Q6915H6NG7CBVD6G87542JBK3R0BLL3BELCHYGTVM2J', 89);

insert into UTILISATEUR (USER_ID, NOM, PRENOM, MAIL, PASSWORD, STATUT) values (126, 'GWUKSOX8SRMB5HNB0K9DBTJTPPFFER5HKQFTR6W4W2WEB2 UK1', 'KNJBAKCHEJD40W4M6RD02A X0NPXLSJ6A40 7J6LIJLT2V2LKU', 'FB8LVW1NS5382S3ILMSC17B74AQAYEAT99OGCWKY9EI8P8X318VFFLCVXHBOPMGOF78VQHK54J41RRM0Q5R0NXFVB5 C4DP7EXQF', 'L5KT8I3RARN2T1T1R6CMRQ DGT5FS T07NA2OJGU LVSG79YGE', 3);

insert into UTILISATEUR (USER_ID, NOM, PRENOM, MAIL, PASSWORD, STATUT) values (83, '7L9Y1XQQBMPHF838CRM62JTXUTO80Y1QIKHIGK2UQJOKK958JT', 'C5EATXKL35VQRPLFWED0YQREKIM8JX J285G1RMHME8E4 DD49', 'L5PJL6BMNCHMX0QM7URTPAYR19FK3 SODRQ19O8YQ7XT5ALVIDPVVO6F977ESQK9IFN069M07YL0F8YEXPSP2V8UGDOV8BYU8HJF', '2K2HH5X7KATFSW4PW3EQ64J15UGSO772KRUUO7GILXKHU20NME', 18);

insert into UTILISATEUR (USER_ID, NOM, PRENOM, MAIL, PASSWORD, STATUT) values (38, 'EVXFWEDVM6D39CFQXXT AKH12WAQB8LFXV09YD6YCETBJAWLGW', '39YD SHS3TBLNME15F68UGXU6E1Y1SFHU6USPEHI5YIGB 2NHB', 'SVUV8D957UYWPDPIY8DK99OPHLH4RNMRW60KVKTP9XH1 6A1KUF74K963BBR8TD RRT71YEOU30KT7JKBM0BIDK0 XAJL9CO2VMX', '64I0TKB 1I23H1JC KJWB917Q6445TOSV85PFM55HQUNE7LQG ', 61);

insert into UTILISATEUR (USER_ID, NOM, PRENOM, MAIL, PASSWORD, STATUT) values (152, '9YE52YMMDHKLS22 436HID1O92JSHLTD5QUML5X5UQAF19HB3G', '1 LTL1GVCARHJA84PY4YMTJLP3GGOFASXGTQ3SVGCIAE 4020P', 'L76NKNQ85ULU399MO VJHOV8TG9UUKHWC8LMHSFUVQR8673QUYPKCM9NN6 4KR3AYB590FL8QRIM7QYE67NIOK7NWJLM31QCYYMO', 'FAFYM9919JHM2BK378MRALA6SOQG8NDV5CD5XF74AJMISCIA3D', 70);

insert into UTILISATEUR (USER_ID, NOM, PRENOM, MAIL, PASSWORD, STATUT) values (22, '66DIS2QGDUGANMX4DTUKI7UC9MVKUA1F PBUIXI2G9O9K69H7B', '19S675TV6YR   JU8KU4IDNV4F9T5FNMY4UA9K9 AFS80OY33L', ' 8E8F7GC8T3COVI822725UA PUHBVXTIPQKQKIEDSB9CBD77GKCUYRDG4DXH3CQ0T7KPLG84QS07WGVC86FWR7FODLE5XJMVDNI0', 'AKCV395SXRX33MWOCDJFR3K2UXOG1 RP LRSOTJE22YA039R8A', 24);

insert into UTILISATEUR (USER_ID, NOM, PRENOM, MAIL, PASSWORD, STATUT) values (31, '94SPNNNUKJMK5L  MT3UW0RLQ21UXP0JWS2 QK3J RA4S50V8W', '4GICBEAJTDP7W3YCK5 CRD6U4E43O E64D7NVYLOW6YWH9WTL2', 'Y32LDMFQ64Q54VU6XC1  9WOJ5QCUY4PXS5BE BTUM6OCCQPPN33VY0H24M84OVSP4UBWR5CFJTGF4RI8XKBBY1XINVVH9R9G0R7', 'T8A1 Y1BLKPSHKWHYG AYMXEKTSP8ULI51COQQTA5V6V02WV68', 9);

insert into UTILISATEUR (USER_ID, NOM, PRENOM, MAIL, PASSWORD, STATUT) values (141, 'CSHWJ6TCFRV6SMKMMKOGK MX56HPBVPNXWY I5SQ0A6UYKLLK9', 'PIIPY6 X21L3RO U3166GWRTAKH17EHK2N3JBGKKUS0PHJP1SU', 'FP18EPCLFHENM6JK2EVGT6C3MUK86ML2VAPH59NPOHN7TPD5856KSJXANEMTSF7JJSM1 LQW1 8AQ5G0BV5R5PRD1O0545MT7ATX', '5LVGVSWG5E8YLPQFL6GQEBYUC E5JGMTD64M0B0D1O3U3KR5VB', 46);

insert into UTILISATEUR (USER_ID, NOM, PRENOM, MAIL, PASSWORD, STATUT) values (196, 'ABI6QOGAWJIBAKGN4XSF6Y1346D14S 7HLPW5PD7XBNDU9ET0 ', 'HEW7I69TF602PIRTI5QRWEL8NWH67G4YITPP6GKP951QN1NM4K', '0EUWNLJ25DFK91PKL24SQ6FDXU0L M18EN9X6QJQQJ0SFUEKM7GJ176QWSQ3FDP04LJPMM I4267KCGCP0A3OUAEIKA4G UD3QBH', '73O0J86D7G  F553XL01VXJI05LUAB6BFP60A1URCI15KF TYP', 94);

insert into UTILISATEUR (USER_ID, NOM, PRENOM, MAIL, PASSWORD, STATUT) values (90, 'WP6OJ456AKTCRRBAERDRY2IC6XYD6ESXSFLOLLSDCH2CTM1 84', '761PMPNNC2BV0PDE7HN43X88QFKJS8ROFTS3C4IJBQSAM1JVGP', 'F64MSQYTSARI7NDISXFPA2AXGM4G4XE4E60C6JL8PATRDLNCV5WVKELD78YHW8SWS5A0LQHH8OUSDK3QWXPAM14STLBM31KQ8F8X', '94ASWHM7AA8AN0Y95WJMNH5K8R 6MH90TQ2XHM 6YPIPMP37EF', 17);

insert into UTILISATEUR (USER_ID, NOM, PRENOM, MAIL, PASSWORD, STATUT) values (78, 'JK58UEYNSI4PR2QWXP21STLTVYWR2Q74I TB6U9 7CGDE8I3BM', 'TWVM5H55OOCBM3TU GEY61BP836DXS5JET2H4R2X1GO4B8DFAX', 'AW58RLNABK B7FGANN03W8V48010S3TIDXAN3XR16WM7KOG8QAKQGF 8Q2ONX1M5VWREDFBTU5J44EMLU55LTAMBXF04HW 9R8KP', 'GK3ECMPLH7 MBCB1VKUKIY3WUIK9HTG98PRU3H8KSJ2D E59A7', 74);

insert into UTILISATEUR (USER_ID, NOM, PRENOM, MAIL, PASSWORD, STATUT) values (82, 'T714IF EOCW4RNQSQ91HP8RM98BTAUL7J6LF  OWQXAASGCULA', 'I40EWJ8U3QVEN5160SONTWP4BCVAQTB0M6QMAU7H0L2SYSAK8A', '8K4F36FBG7LSWUE7TOEN3LUER5SBVNWBMKNRN44JIEKAP62LN9NMEC21E NU 41J I0N4EL2P2IMY91AWGALVRR3IFRBQWI53711', 'PF3ATQYW1273H5U8GQYTAGJK2FJJAOSNXWXMX4FEV2QUBV9K5H', 52);

insert into UTILISATEUR (USER_ID, NOM, PRENOM, MAIL, PASSWORD, STATUT) values (161, ' RFDK2LFBOKR7EVBLC9U NJB2WI151 WULW8HFFGCAB881C9G4', 'RKH5I6VAP7B7LDS4HHC8J4M0OVPPMVD9SPRTCG6ROR1XJ29JVK', '1Q PS4 CAJCCMGY2H544K81CPIXJ683VS2LUY9608M8F6BWF56J9G 2IES2JV0B3POWCUX087J2NGR06LQJ6H11E5TWK7PGP14GM', 'VX08AVEXP EKR I5O8VYQQ PYOG7AFV3704TGFHMIQR9IKNWG7', 30);

insert into UTILISATEUR (USER_ID, NOM, PRENOM, MAIL, PASSWORD, STATUT) values (188, '19K0HLA6KMKBDUIEYE JJ GKWEH3GWNFF7P9W22T3APL6637Y8', 'MEG8TJ8898F67KF1 2V172 HK9FCFHS9906KNBNBJNX QJXA75', 'FB0NIHCOMDXVJ T0EISPA ILK8VSY83N3ICYG0SQCGU1LE8I9AV3  61VDODG4QVPAWT4V8JO6NA8RRWL4GADPAYALKLI5EBG85Y', 'Q7A G 6X00QUX0Q 35EE2RIIE281NFQCAUDHID2SS481PAML09', 93);

insert into UTILISATEUR (USER_ID, NOM, PRENOM, MAIL, PASSWORD, STATUT) values (142, '77P1Y247EJHGVIWFERYFS3HUCVP9UIJWYBMV7R4D1CQEW7CG9W', 'RB34AP8KJSSMON5SS5BXAC8CB 12U 2AHX3AMHY7Y824ANRI88', 'M7MC2FW6V3L DFD1EFGTI8WJ 0DI0OA6WD60CVSESO00VI331NERMARDMO1JCS49S05ST 6M94HVUCTB34 B1PRB4BY0YI30411L', 'D9X5JVWE1B0IC8XV8UL S69GBMRHHCL5KS21 5JOYMEILCPCYY', 55);

insert into UTILISATEUR (USER_ID, NOM, PRENOM, MAIL, PASSWORD, STATUT) values (172, 'SLXSOXU55O4CVBORS2T8IE4JDGRS3NK2DQ38XXBHOBJBF7GGPH', '7KWBLPQ5GL4FWQJUOIHQDKRU4MS09YEFUXOYK53QC36QPS88G9', '30KJEBOWGSBIAX9NN1AL2IS1NIEAIOFSA 6W7EC19E1K9GEDQRBFX1GAPAR0LE4BVPRHMSFN6M4DIATQ 2J52YX S4O2V02MQRU2', '9CSTIYHFUN9I8W0 LBHF9BXEK86REBK06K16AJ3KSGD50LQ7TD', 87);

insert into UTILISATEUR (USER_ID, NOM, PRENOM, MAIL, PASSWORD, STATUT) values (47, 'GJ8K37FOL4U28PNC49X HY8ERJ434DR71CQ  FXFMKRNVBH8YA', 'Q3Q3V1YDS6GX4LV84TR3CCC SR3TUM4IL00A5GQ49ESA2U499A', 'I91RMJBVJD FGW71UMFTX37FOJAP6IKIMRFUB520OVJPP1CGEP82NY42EC31V4POMKYWG5FT7ADBK2KRV3UJTEU 60VPXJQG1A9I', '8MNSPFI27IDX0G9BUJ18GGO0M4LCK172PEYM4SBX6BMB52ISW ', 27);

insert into UTILISATEUR (USER_ID, NOM, PRENOM, MAIL, PASSWORD, STATUT) values (167, 'S4PNTDOMA70H8NLRRFHCQ9D1B0RDKDQ7 00P8YBRNM9T9JBHKK', 'G2AS6C65D6HSMTSPRLC4R6NRFWVMLAGFIJL6QPYCI89S17D77K', 'M16B8DEME84EA1XIORF86G5BWGQRDQ0SS4PJV6SGXPYTK 9VY9LWDVNWODIK 14AEG2L3 U67BOGIOT0RTQ3RPA6KJFV5ML77VYM', 'U1QSO072ECBCBVU64CQR9B NWMNT3MECE00I4NQCEPPBXR06NJ', 71);

insert into UTILISATEUR (USER_ID, NOM, PRENOM, MAIL, PASSWORD, STATUT) values (134, ' 2M1EYHMQFJ5NGH75B77VND6KF0SIPRTISB HCKQF2 571J EO', '5AKAQ15P1ME4I4I3YX353K2F4YK9U8AR3HQVQVCM0TW4K3P9TP', 'RFYQTSIUW7PTK6WX4O09B2LN24M6F0QROESIPIEIBW6QAVRL8T2W2SR0TKKHO9F6K03H5RU0CBNR97N9PGRBD990F5XT VQ4 RR7', '4 S4YVI282E4V858BVIP97BPBEY7YGSRRBFXS1HVFCW 813TKF', 20);

insert into UTILISATEUR (USER_ID, NOM, PRENOM, MAIL, PASSWORD, STATUT) values (42, 'FENK ICEFOQ7BDPREIJMCB UB8YGXGU0F467E0MUGQM8Q6Y7DC', 'H91SD8YYK43FISOI3R9M4M3II69S PNH87LTA4JNLFF348AIKD', 'YJ4YGEQE78M746L95Y7RSFCGSR TGCVN9N3 YA5P8UBOYT82S19FP8N8VO4JERNFLM9R5GS8WO1XJJGI0GR5WNTGJ7VM5BHLYUTX', 'JG6KFLNAHASSEO YYQO0GBPJ7KVYYWIY0NB8SL40QI3R0X2D94', 48);

insert into UTILISATEUR (USER_ID, NOM, PRENOM, MAIL, PASSWORD, STATUT) values (72, 'MWY6CFWNMQQG2LO92W1U4XVR LS 7ENI O X0G0R3GJOFOJY6I', 'DH9QI7UPMEU0SGVN16FNJ9CDKDYS7T9NGD5YFRNO  HWH74TY7', '7MP245SC6R801YS600 0DLGEWLXTPGMA7T3VAG6818PEE2XPK0EAG0W7TFO7MC5J3BBS3MH17W4534L20LI88ASIXXLHV8LHTPXJ', '3FSOET6OJY2PXLUOYP022V30UOU859E70QFATKROESHDFO8EOB', 43);

insert into UTILISATEUR (USER_ID, NOM, PRENOM, MAIL, PASSWORD, STATUT) values (195, 'M 6SFVSNQC4OK9 4CV5NUDGQ8HWN9MFCB7TNQE687L CD77SG5', '0BK7OML5K3N4F1E1UEW9WI8CS0VISEE2XQ4AJH254WOEILF015', 'RDO4N1Y7I6OINYXAL3DO5KNU2LPX5UJCTADYB9Q1F3WDRLFGSVM8D 137P0RSV1Y8OR1 B9O2KI1IBUAHU4NC62GOLMTC7DOFOTU', 'ECOE4FEQPADNKLR30H4J2G1 U7JVG7K5XS4HHVJS3VOT3G4JTO', 84);

insert into UTILISATEUR (USER_ID, NOM, PRENOM, MAIL, PASSWORD, STATUT) values (76, 'NPGGW6734T2YYBP0PRB2FRASTS55BV2PYETCR 6IDK101VRO6E', 'U4N9K174 GVPUMPIMI5PVUFYBT2S6J5B5 4GMG  TFII4LKAD7', 'CDDN00HWX5BSS12GPE9RA2A0CKPA553Y2T62AMED1G1K56E7267CARGB6WC7LTSYMCWIBFJYNUDQIWMIWCO4828P8IQ9D3TEHWU4', 'EPDFFTHFP5W0337SF911GL5RYEJJ7USBNC4JYEEC9N7B4SHTK3', 88);

insert into UTILISATEUR (USER_ID, NOM, PRENOM, MAIL, PASSWORD, STATUT) values (178, 'MQ 6ET5FYA51C88HUKKTCILD4 3XVC7U0OFXFDBORYRJX7CTB0', 'SLCG00HWUQQP62KTQ6FQUE8116IEDRKXX 910W0GO KETMSU00', 'W6T2L8V 5H0YJ0OG73D5OYGWG8PYYPLLBFTAJT8FR3D8BKABMU8PP0B1B8MAABT55JS532AUHN90FMR5C1XGCS86PXG4MJCHGMK7', 'S7QMQR06L NIJSS0VBEL7BGY33WPPACPX1D3AQKD0MDWBLLJER', 23);

insert into UTILISATEUR (USER_ID, NOM, PRENOM, MAIL, PASSWORD, STATUT) values (136, '0X8NDM9HP VVFGODI0MU80DXA4TVP7XTX1U8 U9BN2WW4KUL5Y', 'ERC6 8XIOBMMDK88QE7GMJOPI8F6DLO3FAK6S8QXOCIMSBF8B5', 'QP0FTTU  6J K65GJQACWWP51F6VPLR4WSMYO3YYYF5B JAV5HP1HHI6HCG3Q3IJUMDRFP3N9WC8N8CVYYVDJTPYT HJTMQ3USSO', '017PFSIU31GRJ3RWR3XK7BVQR529S1MEC7CVA9IOTT PTISJQF', 72);

insert into UTILISATEUR (USER_ID, NOM, PRENOM, MAIL, PASSWORD, STATUT) values (138, 'PHGXL421CAFKBF9HKDBJSMTQLUALJEFTPA9Y2TK4DACT H726 ', '2JXIYJVM  SUL3RSBA6IAD0BTIRKHGYOQ3H YNCR4CHPR71J0F', 'TPEWRD0C030LMGCWGVRBU8Q1MEWI05G2YWOK5W7QYRNCPGUS4AS57BUY8H7KDW6TEWEH2U33RN9BQQ8PRMMBIQK83OG UGWE32NK', 'F5GS83M3AC WJCFA8A NA4JT6QQGMCGP8FQQG44G9EPTE6OA6E', 50);

insert into UTILISATEUR (USER_ID, NOM, PRENOM, MAIL, PASSWORD, STATUT) values (4, ' 7IS90YYHYQ5J542INDJEP4GVVD105UP6HYH6KE704AHV4VBSL', 'PUIAKT3451HU23Y0QW4S M7LPID6BKSJPBINM7E9PRPWDD691F', '2V2M3YHT3FHU24OQ89TC4J5KBJPPFK7RKUL 2OM51UUX3S2DSXP8LHF6H4UA6CJ0X CH6JNOSMK7AII7G3IH8M2O2JQ5I3OCFQ6W', 'DN8C5LLESR16MAFEDF NVNU1DRL1W 1N84WY HFCDK1F7ES1LE', 75);

insert into UTILISATEUR (USER_ID, NOM, PRENOM, MAIL, PASSWORD, STATUT) values (165, 'Y4FP662PRA6M61RYHOXISDSK19YC8GAF8OIGLMPBFUAV67B9IM', '56B051NWQ84QEMJ7H VNLS10JL18GVN1VM7FM2HTD6AM8PE6UB', 'A47SHP7GKWH8HCK24WIXKAYU DDR7W2IRQJV4BC17B I MGLR1XWH96HME2CCI379GMEMVTTVXS4Y2X74J0J7LCNSBR6TUMBY70T', 'E3VYLVCYLMDWEMA9Y6PNK7Q7O2NXOEKIHFJEOMUW44PFJU4J9P', 37);

insert into UTILISATEUR (USER_ID, NOM, PRENOM, MAIL, PASSWORD, STATUT) values (166, '3JA1CTLPH1XLVSHKT TQ7SIH4UA8018TBULI FMAAV2M2DWGLO', 'G13MRBKKP6JUPI8G07V45FVC3MDSE469U50PCJHUBIU9BWEHFG', 'T7L4OQ85C5SIHN7T MFIBW6EIJ1RCN NFCRV5GFR M4OKGLR03NQETP47H 0E8FE3LKK6M 3MH2FJSXFEYDKMGCKMT70E6WODKH5', 'G IP3E8JSM6KBU64OQYY1G 9XNAW7PSRQ5GIK04VW00LSSJ6JK', 22);

insert into UTILISATEUR (USER_ID, NOM, PRENOM, MAIL, PASSWORD, STATUT) values (33, 'NAM41CL1AWP1T2F5QXI LPE4692WLA8LDQNH TTGESW BHFQ46', 'UMN83L9YJ K76W G4Y4T6299E7GHM3K152Q0Y9WJ3DTVQW67UD', '2HADV2  Y9KW5G1P10SWC M94HM2Q514J6DTCYC4QAJA55DG2HCGVQBTQYH7IK0JRJUOH0U581LQ8T5MKL0FM1I7R60P 7A 982A', 'YM O7CIG8E SQ4IO7E5CWKMDKOV1T5Q9TCMXX4BKK0Q4E42RA4', 81);

insert into UTILISATEUR (USER_ID, NOM, PRENOM, MAIL, PASSWORD, STATUT) values (110, 'K3W2YK5XO4KBC9LEOY6J NA9RLOEHENY9FVM9GDXFSQ0MPFCPP', 'EJODCAYR VE7YO W6SLBG443 WTF6I8 DE6GT8T4PYB8JRBQNW', 'NC9V8I2F2JDJPWG6X8KJ6HDCCTWJXN0Y3FJOVEYLCQ427P 00U1GE1ERMF2T61A00 TFR9YFK1QM23IC0QN35PNRTC51PC6VIYEJ', 'QVBP STWAIF39XC TUGYKF4DP99L5GUI6D9WI4IIRHVLMK1ADD', 33);

insert into UTILISATEUR (USER_ID, NOM, PRENOM, MAIL, PASSWORD, STATUT) values (88, 'EIHOYH3PRIWHKPIMP TPJAEQW5YJAFHYCXX5UCD4EO4TKPTEK1', '86W7ACUAO6452U4C1J8I1HAW46NKN3MYCUI4XA1CLDJSO0OOQB', 'VEE86DL3RYPJX185M974U4NUPDNYKNO0KW8AI C05YS1R6SUF4WOHMAIRMAO2L8BOM4YUCQAIIQBCUHXKK88G TSSHDKUNVGC8CL', '9P BG703XWXMOF6XR80 YPUFVUNT16XQXQL7P9OS6XXS7PEV0E', 38);

insert into UTILISATEUR (USER_ID, NOM, PRENOM, MAIL, PASSWORD, STATUT) values (92, '8MTTGSTUEX3AAWKCY6TLRQ76RTOYCIGXA4Q31T4G5G3B6TJIGG', 'N9B1D6QJ129KMUIS0X363N4SES5NWVX4HIY1GG8BV2 TYQF2KI', 'A9MJIV4WF0OOENAPCMAX82S4LXF 86VKXR4Q9159OYTXR6V O9TST73WXT YCNABQ8GI7SR N5J WSE1VWPPSMKFD0Q12NWBL9  ', 'SS5R05BGK63I3EA0WXPBMR 44CL9CVDKJRRXOR6N2YO7D58XS2', 80);

insert into UTILISATEUR (USER_ID, NOM, PRENOM, MAIL, PASSWORD, STATUT) values (153, '4P0DSGMEEAXPB2XNAI9RBKKD RRYOIG6FXK0NBN0N91T0896S9', 'EAH3UR0D6VMRHQK0XRXRV3O5CHX3 AOH6WKTM26H4VKFAH49YI', '9PGOVHMRDT T9QFKPS0CDG3B9YL2AR8SQ3IXN11O9GDB3DKSLW1A8DJH44X2GXV4B4QFC6WMYOXMHMWBU TY8CSRBH6UR8TN5OPU', 'Y5QREFVIL0HTCGCV3K4KO475W851UJK0JLRRQCY5N 5XMCOV40', 26);

insert into UTILISATEUR (USER_ID, NOM, PRENOM, MAIL, PASSWORD, STATUT) values (180, 'WIV34DUKDNAQ32SCKK7SVNOASN9DI527D159JQ5IYAJTRCOQQ1', '5E YGNJAPMAHBAFBN7E32V TCAJ9UL9MBY4JJQEWBDHCS4QXV1', '4LF3B6RQILDNAV6 H4NVV670OE0OPGJV2723LGKT3O1R53N52S5283K7KINYYX3A78D4GUQY3J4722D7YRE69WH1TT0S7CVVH73B', 'J946GMHKPDEBWWBKB1CXJ1T3MM0 HAGM2Q LP U6BUACXNQW 6', 5);

insert into UTILISATEUR (USER_ID, NOM, PRENOM, MAIL, PASSWORD, STATUT) values (171, 'P7LT7H13QS3N85RDEJL6V457KNVV RGFE76LCR7001M7XJTJRO', 'AQ81F IXHGP4UIK800QAG4TM 1V F3D8KEOCSNHCL 8PBJYDH2', 'XE9BB5221W6Y NRI83R6LXK08Q1FNX47I V4DPDXJIJ7XDMXSWYD2R 04YCRHFGX17VKWRRYFNLTH6OT1C7C7F0NGKATM2C5SIAX', 'TO7NUG1QGO1IEUP6XO7L36192540UJ90VQXA51I85B2KU3D3RA', 40);

insert into UTILISATEUR (USER_ID, NOM, PRENOM, MAIL, PASSWORD, STATUT) values (89, 'A28Q8TDG4W SVSEO7ILWDDIYQW4PXJCQR90F5KWQBCD0N6QTDQ', '71UQ2Y97QNF924O2SU23MQEB90X5FTKWKGCJU704XMCVX976CF', 'C34RXR5O8IN3F9DU DMD7XYFKI32H3RG4RFLO4LPO7I9V7XO9BV6P85KSM9E6XLIJ6V5TS2V79B9NJ PR91IRFA6NMGDERSEQXSP', 'OOWLXVFVGGHGHNDO40R0 HC8PEFVW9ET86OKV396790MYJDOKN', 60);

insert into UTILISATEUR (USER_ID, NOM, PRENOM, MAIL, PASSWORD, STATUT) values (68, 'VCC3OPDC6O5J3 A3B4GYX7CJ9D7QB1KUHEJ6QMKPXA7MW2BHNH', 'WN5LQG2HNTT9F9SSHEVK2JFAFEPFWSIPJP9QGWAB10VNCFA2B6', 'RLB550BLGGDR6HIEI7FAD0KS06XKWYN1E6RJN4XDEVIS0KVFK3CW5HI DGAC G5H1VG3WGP40HKNSBUOWCF315GR5PV8YX0VCW4V', 'EGC2IDGMDM1P 5CTG7ROL74HI2UA2FIUFIDU859QKYEQSSX4XP', 11);

insert into UTILISATEUR (USER_ID, NOM, PRENOM, MAIL, PASSWORD, STATUT) values (189, 'GG9YEF4MJK04S2730OWGGOL8GYLUGV X0MHAOGW9DUJ3825AHL', 'REFRMRLD5SNF 5 M05NQ2JBBA9U9V6PS1F6KAWFBVQH7OYTVC8', 'V6CY6S8CUVARW2QY19PIHU6OM48MF750JSQJ93YUHN9TD3YK HO5WIJ6Q3XLTJLMO0V1YFT7WBXJJ0G5QN 4C5SBW5CADD4V3U 5', 'BOLNCYRU9YS4J0VES1AJGXMEK08NBEG87CMSEB417Q0HNCEC71', 54);

insert into UTILISATEUR (USER_ID, NOM, PRENOM, MAIL, PASSWORD, STATUT) values (5, 'A5FFQUWOTIH9MPP06UNKWL1SJ884VLD1UY QFD836GA3BTQ8RH', 'IKVXF8MMK1RN073NPCMD4TDWOO35BV5LGGL2VECK9PJWCC9CDY', 'ENKF5VN50AAUXXED41JLPXXOF230FND36CJMAJXDS33V6STF14 OKB88QNI76XJO7YUW6UEHBE8I0YCA78 5VG01D01RVM56TN5F', 'L1T9QKYDVA8P11XA5C9 MSK6FTBSDJ2L7PGGQ3X0GPSXBE0ETO', 42);

insert into UTILISATEUR (USER_ID, NOM, PRENOM, MAIL, PASSWORD, STATUT) values (65, 'VBTQKML4AYAFP4HERV2QTD7GYG830XND4QTHLM4O2WSY702ALN', '7OKH4BK1 GE475 3IAWEU6WMB4HAT0VU30BXE6OXMHM573TMCP', 'NMWAFXO TE5K6Y4OVT6MXT0XTV FTETCEYE4C93NXGOBXLIYR5Q4BGD3C20SDXUV371VQORTLNG6UB1QKFX6V4SKMXD41SY9922X', 'A3 662VXC4QBVQC2Y57LSEWIJPMLRSHJ7MJFRJ95 W6YVOF8AO', 44);

insert into UTILISATEUR (USER_ID, NOM, PRENOM, MAIL, PASSWORD, STATUT) values (79, 'IQKTAIPVX20P1 8DFJG2J CR447UAQGDYW7RSVXGD3YB51ACLB', 'CWFVLQF7T UIXXMFKUH1PKNJ8IQVRT89RM99LISXDKGXGOOQ5Y', 'MBOVWV6AO27RC 3XEUIROGCWS9ERAFX8G0E8X8ODNH5SXES2 DI2LXB11G8PKI985G9BM5 NB3ON4IMT99DY7WX2J81EBVSWX24L', 'CUO88SEGYYHW1C7CCQXYRCUD SB2 TT5XHOKO6QEXTDGOYVR1D', 56);

insert into UTILISATEUR (USER_ID, NOM, PRENOM, MAIL, PASSWORD, STATUT) values (198, '493H3WGQRUR3GX3I0IW56TYBOG1JHAN08L XF8D9H901VQXPXG', 'JNGP3R5SB8UUOLB7GBA MSX4JOK5FGKXK5YKE0UKB78KL8UH1A', 'SA9UO5A7OGH 6UDXB6WXJ958Q7ESI2NJ8OT84O2C5OBT38DGOX49MXHLUN6YXH0QMK6OIITY2VA5UA04WIO2SIOVMID P24OHGXH', '7YNW0P48CQO0AIIBSNJUBISLIFMT66 J1HDRYQ6N SFHXH74W3', 0);

insert into UTILISATEUR (USER_ID, NOM, PRENOM, MAIL, PASSWORD, STATUT) values (184, 'R645EOOWPT7DCL1FA9N6U1QCHH6PYBK E3N3XU3F1GX9UUJ7 S', 'BNK3TR EHUJ  LLVC F1LJ3477CET5VNCLOW2NK3LU1H8PFHXA', '09Y V PCKQGGHLR0GY KYFB PFK0B7VI9ALEVC09V0M4U6Q7H2B6MAJM9VJCIVY7ASG8BGSBSC1PDH5B2E96AAS22JVACVAIJP I', 'FH9KKPU4CVHP4LSQHEI4GH7N6FBHVPRRXA63SLC1DMM73VO9SS', 59);

insert into UTILISATEUR (USER_ID, NOM, PRENOM, MAIL, PASSWORD, STATUT) values (197, '6N95HFKOYA118KTBRX3BRTU9C8QCADY1L6EHDTF2XIFBTMSIMC', 'G98CTKANM5E3U6ADG1D0XYGRCVS3WX6A4X9QOF18MAD3N 66Q6', 'B5VIPRWW91OLV915LWU09C5L0V4UTR79YJ48G21EON5PWTKO0URQBYHXNSW9EHUN60NK8U YPDJ MXDEX7N 6WR27V6AX49RU9O0', 'YBV7U05NFTXX5RX30GQPQ1I2RB7PVS6HYK0BNVMEPIJNMJE45R', 95);

insert into UTILISATEUR (USER_ID, NOM, PRENOM, MAIL, PASSWORD, STATUT) values (115, 'YB5 SEB0YDKF2VNRINPVAI1USCYO4OIOVXDQIASWX39T E8Y43', '30OIRPCTRNMDPGJ3UEMTBWVE82XE7LTQ7YAKED8VY79C9N5JT4', 'PFVA9M16XBMWP9V36DFRNLOYHSJRP7MOV K870XN0F8WILUV2FOURS9VHBBVF3047GIMDGP9LHP3I49P W95BI16UDXAMGKHJIT9', 'BMS9NQJHFHFFOIMT4CAH3HWDGTPSG8DV3U42TRXXCOCHKGFX3U', 58);

insert into UTILISATEUR (USER_ID, NOM, PRENOM, MAIL, PASSWORD, STATUT) values (193, 'F07 CE85T9G2 ON 62INWPED 6B ETB15O4W2R8IDYD8MRJ12U', 'O7 1AU2W61QVDWD456DXQ8TP8LTDVUOQMB7NBUOIXUAPINWTKP', 'D7YDQK67PYUHHDOKW45JUCE9R24H4NA3UQGXXFH12JKNI71Y27Y34GD380Q8M5E 9T4D1O5EELJ5GK3A9Q MTN63BMJJ428X0I3P', 'CC79A24BTIGQWIBY858PEM7QGL7H9DHEABQLGWM7BXSKA3VKJH', 90);

insert into UTILISATEUR (USER_ID, NOM, PRENOM, MAIL, PASSWORD, STATUT) values (19, '8G0TLVX0MDD HI4AWUK0O 4AC 7R4I220 H223 XBGJLF8ACDR', 'T4W0G4 6GKYEK18477OAGVG ICPQRDQT4760LESGFR5D8W5YDP', 'CP93H5YH1FBJTVVCDPRM8LVM18IWF5LGLNN YGAOHHQN12H1R6Q13T99B8OWOC MUFQ D22AC83P25S08EESWHAS7HSYX VTNRN0', 'BQPC 3KO46ELHNIIMWG4PEFN44LV8BEAII5O7CDW QMN 8A905', 78);

insert into UTILISATEUR (USER_ID, NOM, PRENOM, MAIL, PASSWORD, STATUT) values (174, 'ETVXAXSEQ3GKYR1Q0WV8NMQIEBFS7D7R8DJGQIXWAOX55YHLB9', 'JXH01 8KUQK7RER GUNKW031JN68 AAQI8JXUJFPAXLPNOCR1W', '8U0FMYURY3V5IFPAL3T3E5L659Y6W550WW0NPR VP93SQ670 EQI07GOBM4AXVN0NO36EF8677VVGC5GUG7YJDEJ9UCCH 90OTGM', 'OLT09G6C6VOU23K8CY40FQOXYGHUT94R04Y2VGXPVV WOPAOAA', 65);

insert into UTILISATEUR (USER_ID, NOM, PRENOM, MAIL, PASSWORD, STATUT) values (106, 'DB7Q31MD2I4W EYDSH Q0441G PPEMCNE5FXLV3GFJWK6DI14P', 'PODR1XM HY42OEJJ O P8KPGTBD4PDLDISAV KCVX00CFA3UWD', 'WN0V7VSSJBH6RLHXV65 PWU2NCN12AF9US92FDMJDDRRBF CDW16A4YO1J98UDJS82P0H5BNPH5RXTAQPN2EM45YJ 4NVKEIIGN ', 'MNAY6X R677GEQN6VN81E8WHP6A8O2IK8XBJNIMYW2G2DNB1YX', 82);

insert into UTILISATEUR (USER_ID, NOM, PRENOM, MAIL, PASSWORD, STATUT) values (30, '8B41N47LB4P8617BU 92RUYR4Y9Q37HLB 9TGHVADBB31 E6MN', 'CTYK86RJOIS887E1KTSL0JXEXJKJW2 5WG1MESRTDWO9H4GJ0B', 'V W3OHKT0 462AWV3P46JVXG PW7IO47 TMHUXJMSBF6XFUV42N7T51UWVX8FAR16 VW668UGL7V9IWSYLOCHKG09GOGYLUSN16Y', '7WVGV2 HU V7SH6GUUE16D45HLTJ0T62K QFVQNJ8O7FFICW3G', 92);

insert into UTILISATEUR (USER_ID, NOM, PRENOM, MAIL, PASSWORD, STATUT) values (103, '11TDHUYOIS057EOID186I3WGX5BJ0VKQUDICA9AH53PO05IR8F', 'G6D4J60C9V7SL3EJ245PNR3KPV7OBGEF71JEJCEQVGLFRGJ7S2', '2CI72TNWERPXS1DJ6NW7L3EA4PCUJT8U8DVGNA6F55IOPEY7UQNOBPIMDHVMXGX7XYGE1K95LF9HPWX9VVOQRKOYLMPIPE8AOK2V', 'WBE 0C3UL07CA7XJIRBF58865L3W6078TPGMDG2VR6S9LMX1XM', 98);

insert into UTILISATEUR (USER_ID, NOM, PRENOM, MAIL, PASSWORD, STATUT) values (128, 'XTLVKQANKCHC61E1DM1AL0ALV71OMIL3JI BREX4HHO9JEF8YK', 'T60VB682Q5D DGDE10902YW2465FWW6Y482SLLVDSLMEHXE0WC', '2JLAC7LSO4T82YOQ84K92IS0QBBUJG6NFB LDQR2EWD4LLW0U653FFOMS6J5VOXPQCGD16NUMCJH4AAYNSHGSBNVI9C0I23VIB4F', '1VNFHQ94VNWH5CV4UWNCY0HP104K1ATNBJXYMUEV7LA4X82 L7', 76);

insert into UTILISATEUR (USER_ID, NOM, PRENOM, MAIL, PASSWORD, STATUT) values (190, 'SW31 E8LVLFO3D9WXRGOCBYOT5IRHG362YKC5YRBG8259WG86H', 'SAXJ0 70491C9T9MO57 CSJXQX6R07EMTASB0 OOM8BJ98RXEK', '5FTMYVBDM7I1NBR N0JBI2DSN73558B4W5J1X5YFHDROPCDRV2YJ8GECXI0H0BFCVSNOY4USLJ0EMTVGRS352IF3C3NVB55I2LP5', 'YYDX5SMQHAME81SOER49FD0BWPCLF90N35QJ94OG040PCIID7T', 8);

insert into UTILISATEUR (USER_ID, NOM, PRENOM, MAIL, PASSWORD, STATUT) values (102, 'AVXC03LAH02GPUP0JON JA4RBUJLN6RELAYJRG2OK3KBUK1F4X', 'GTJWGR0UU3YSBRP9EBVFQPCN3SL9LJDSHTJTJIFIQD84UJGCC ', 'C1G459SO1WX91DTUBMH D CD7J6KWLV5EFHMSVD3L2DVTOM95GWGTU71PLH 6K2D93T0KJM8R28JLEQ5PX1JY7X TQ4R53QJX5DL', 'D0GKL6S26FAGV8G E0H MXPFDUGC0F32OHQ LCT321 KDM4DLT', 1);

insert into UTILISATEUR (USER_ID, NOM, PRENOM, MAIL, PASSWORD, STATUT) values (151, '7GT1P5LQANI07BBAOKL0P5I0BCSVRE3YJP KB30URIUHEQ485C', 'Q63FKVLOSK5JIIF I63FNA19Y3JGRT6YVMQX98X0I96W8H7NU4', 'X43OYXN1C1X9XAIRFDWBDLDHFK2FEWD5PB04IY NCTRCT216AE5755K514UUK1216L67LRM8DSC74 HE05CUSMAFGNLL5HY2165N', 'M4FP4LVR2B4HFK99ON6QFOL 453DVEIQOWC2L0GMUQ5WCC89T6', 28);

insert into UTILISATEUR (USER_ID, NOM, PRENOM, MAIL, PASSWORD, STATUT) values (73, 'YLDDQRI7XSYTYM49NFK4A65 MXN18JF2JHEPBD9QTX5FRVHYIR', 'WGWJUSD5EVWXC4PP63165 O3VAQIRC1D3D6P57Y8SSW06RVV8L', 'D796KRHQL6WJG9THWI7FHWFJVFNNB337VHOCGCMQWYH8W5LCYN9TFC4JAEWPJ6UM1YS61VW6I LP10CPC4ESW84KX5OPK0UQOEON', 'U1OQ73EC1P248SR556044XJHRWJFMNVNHTD7AHPPKQSLQB67XV', 96);

insert into UTILISATEUR (USER_ID, NOM, PRENOM, MAIL, PASSWORD, STATUT) values (17, 'FHSTG2 7O9MOE83KFB YL56D8PBO0YG4C9MTQ48OMCV2YLL6K6', '537Y98U7UEV S5AQ28V39TH6ECWC347UKIYMFG1V  7NW8EUTK', 'MK3YY5ROXUCXE8T2 MJJ5P2MOY9BLSM80CL1INLD4DKB9NUW5D3GAGA L6VBEE1 DWJGG  LH6NA2AY4A29AJ QUFK6JNTHFBRM7', '1EMG5Y2DE0CWPQGAX43L3EHBPYUWE07UUDR8S0L4Y59QDKHJFG', 97);

insert into UTILISATEUR (USER_ID, NOM, PRENOM, MAIL, PASSWORD, STATUT) values (49, '3LGWVSLX00XMIO2BHCTPT9 W89R66AC0PGNQXBW5YWGNU4S9PI', 'R91XQLODPNA0R2TV4 H1XDB6GTDVUVC9KT744JOEORIK A7PFB', ' VUNCJU8UET0P42416 QOV7 VWNOS89C4DCDEM4KIE7G1P81S9RT9LSKDPGB7CI VTS5R81TW24SFQ64PNXQH0BAHPWJCY284RLW', 'V2P4018DFF 0XIDK4MO58MV2370WOFKBNWX3RCD142Q5F56I96', 99);

insert into UTILISATEUR (USER_ID, NOM, PRENOM, MAIL, PASSWORD, STATUT) values (150, 'IQBDQFMSHC2BNDHOYNIPB8VDP0UO6ICIICI055K7OOP9TITG  ', 'YS9ILV14CWEO8UW7TGN70XQ0 DCAKMD3F2AW90GM4P8XOWA22K', '04WHQHM C0VIO3HM45W6EJ7 GOA8O5E10OJ2NX FQ03DENM7AW7A57PV5Y8764XK56K571N5V14XJKPPITOOSXV EYKC934Y5L6B', 'ABA7KYIK0XLISQHC91RES4K9IYGRHVOT61HW 01GTF793U9XC8', 83);

insert into UTILISATEUR (USER_ID, NOM, PRENOM, MAIL, PASSWORD, STATUT) values (168, ' 5ER4KN Y1892KF CN12B3S2OLKJP2CBUF26RJ72WJDH6YRETB', 'RL DR03JRMI6H7QQLWEK J44 4L16CCL9HG8JNDRIM7 5PS69P', 'UQ7NJ60ENH7XRCCH8AFKNNLVGT196Q98Y4DXTBD167S4EOWV814ERTC44BW0S5BJRO1M82L4IY856QP KAYVYYFCMT4CY8KXG69R', 'E6TX8QGG5368OP3C NTJ5P4PUS7TRG HKGGOKHR63SR9KBWTA0', 85);

insert into UTILISATEUR (USER_ID, NOM, PRENOM, MAIL, PASSWORD, STATUT) values (148, 'IYQ46QQD BSPFIQUONIG62GYFWQWXK8M6FCY32Q6OGEQOPF714', 'SKWF1LMFHWVC56DE01S6I6CGIPM QEO9T0B4K2LXJ4LI7KQPXB', 'SVK1X3ID9AS0UF2TVE6X6Y7U13T54K91RX02LDSO7VT9L3PNK9J8XKVPSNMWQ7DLY85OLR9G1S3X89CAHD4NVR MGM206M45IJX7', 'DT8HPM94HSQ064GQDQWTS995ENICOJDHN6J7JGN X T 11PCUF', 32);

insert into UTILISATEUR (USER_ID, NOM, PRENOM, MAIL, PASSWORD, STATUT) values (85, 'PIA3LMN3BQ8TXMXSC8QTQ3IFHFABXX9CEW6JGEOCATWOGY77JP', '20CIB0 13PSTPBI APN0ODNFKQBGFJ2PWWW 0YSPQUDGKBNLRM', 'XKFP34LD53K7HF7M0 JRKH0BAP6V0E 6HAVW7R0WJ44EVVQM5VPX5HWLQKDLE5J03TA1KBMVL5XDBX952HTDMNVT4NQJ2XJ9F8MO', 'FA4B B 5JUN6J88Y8KQ6LW8MJ0UMFET3ARGH180HP34UK9GKGL', 63);

insert into UTILISATEUR (USER_ID, NOM, PRENOM, MAIL, PASSWORD, STATUT) values (40, '60YSWFQ6I2CUXV7UD0CPJRKI30IRQLH5EYREKFDCD  E20HNAH', 'DF4EAJS0H5UR ROWAFASRFGK3TYMKYMH VJBN87SUEV3U5QBV3', 'R8CPE607VK1PF BXRUOTYOCLTLJG5XWWTRSTVLNH1L VS VXSMSKPLJ1TTQ6QMCB5V9NW07BPLM8NA98BFA1ONRTO310N8C3LCNP', 'K616O1A22S0SX6IDMHNKLGVONBMB8E5KHFEVAGHB90C4G22IMI', 62);

insert into COMPOSANT (COMPOSANT_ID, KCAL, GLUCIDE, PROTIDE, LIPIDE) values (63, 20, 56, 29, 43);

insert into COMPOSANT (COMPOSANT_ID, KCAL, GLUCIDE, PROTIDE, LIPIDE) values (130, 63, 17, 88, 31);

insert into COMPOSANT (COMPOSANT_ID, KCAL, GLUCIDE, PROTIDE, LIPIDE) values (38, 6, 92, 65, 90);

insert into COMPOSANT (COMPOSANT_ID, KCAL, GLUCIDE, PROTIDE, LIPIDE) values (17, 18, 48, 93, 6);

insert into COMPOSANT (COMPOSANT_ID, KCAL, GLUCIDE, PROTIDE, LIPIDE) values (138, 82, 80, 25, 11);

insert into COMPOSANT (COMPOSANT_ID, KCAL, GLUCIDE, PROTIDE, LIPIDE) values (84, 23, 74, 23, 10);

insert into COMPOSANT (COMPOSANT_ID, KCAL, GLUCIDE, PROTIDE, LIPIDE) values (27, 49, 90, 40, 13);

insert into COMPOSANT (COMPOSANT_ID, KCAL, GLUCIDE, PROTIDE, LIPIDE) values (198, 75, 64, 49, 35);

insert into COMPOSANT (COMPOSANT_ID, KCAL, GLUCIDE, PROTIDE, LIPIDE) values (74, 35, 50, 12, 71);

insert into COMPOSANT (COMPOSANT_ID, KCAL, GLUCIDE, PROTIDE, LIPIDE) values (15, 45, 82, 84, 25);

insert into COMPOSANT (COMPOSANT_ID, KCAL, GLUCIDE, PROTIDE, LIPIDE) values (49, 40, 67, 53, 47);

insert into COMPOSANT (COMPOSANT_ID, KCAL, GLUCIDE, PROTIDE, LIPIDE) values (40, 42, 65, 39, 19);

insert into COMPOSANT (COMPOSANT_ID, KCAL, GLUCIDE, PROTIDE, LIPIDE) values (3, 48, 71, 3, 16);

insert into COMPOSANT (COMPOSANT_ID, KCAL, GLUCIDE, PROTIDE, LIPIDE) values (16, 4, 76, 48, 34);

insert into COMPOSANT (COMPOSANT_ID, KCAL, GLUCIDE, PROTIDE, LIPIDE) values (7, 80, 13, 45, 61);

insert into COMPOSANT (COMPOSANT_ID, KCAL, GLUCIDE, PROTIDE, LIPIDE) values (25, 55, 99, 22, 37);

insert into COMPOSANT (COMPOSANT_ID, KCAL, GLUCIDE, PROTIDE, LIPIDE) values (28, 1, 49, 24, 79);

insert into COMPOSANT (COMPOSANT_ID, KCAL, GLUCIDE, PROTIDE, LIPIDE) values (115, 10, 61, 57, 91);

insert into COMPOSANT (COMPOSANT_ID, KCAL, GLUCIDE, PROTIDE, LIPIDE) values (192, 3, 57, 78, 28);

insert into COMPOSANT (COMPOSANT_ID, KCAL, GLUCIDE, PROTIDE, LIPIDE) values (129, 34, 44, 83, 93);

insert into COMPOSANT (COMPOSANT_ID, KCAL, GLUCIDE, PROTIDE, LIPIDE) values (34, 57, 78, 20, 9);

insert into COMPOSANT (COMPOSANT_ID, KCAL, GLUCIDE, PROTIDE, LIPIDE) values (164, 62, 83, 0, 86);

insert into COMPOSANT (COMPOSANT_ID, KCAL, GLUCIDE, PROTIDE, LIPIDE) values (104, 53, 29, 41, 56);

insert into COMPOSANT (COMPOSANT_ID, KCAL, GLUCIDE, PROTIDE, LIPIDE) values (24, 37, 0, 47, 42);

insert into COMPOSANT (COMPOSANT_ID, KCAL, GLUCIDE, PROTIDE, LIPIDE) values (161, 26, 69, 76, 66);

insert into COMPOSANT (COMPOSANT_ID, KCAL, GLUCIDE, PROTIDE, LIPIDE) values (41, 9, 43, 50, 41);

insert into COMPOSANT (COMPOSANT_ID, KCAL, GLUCIDE, PROTIDE, LIPIDE) values (112, 92, 38, 94, 65);

insert into COMPOSANT (COMPOSANT_ID, KCAL, GLUCIDE, PROTIDE, LIPIDE) values (79, 97, 97, 86, 69);

insert into COMPOSANT (COMPOSANT_ID, KCAL, GLUCIDE, PROTIDE, LIPIDE) values (85, 25, 9, 69, 98);

insert into COMPOSANT (COMPOSANT_ID, KCAL, GLUCIDE, PROTIDE, LIPIDE) values (67, 58, 2, 5, 76);

insert into COMPOSANT (COMPOSANT_ID, KCAL, GLUCIDE, PROTIDE, LIPIDE) values (62, 61, 4, 74, 17);

insert into COMPOSANT (COMPOSANT_ID, KCAL, GLUCIDE, PROTIDE, LIPIDE) values (78, 7, 10, 58, 67);

insert into COMPOSANT (COMPOSANT_ID, KCAL, GLUCIDE, PROTIDE, LIPIDE) values (177, 99, 77, 34, 95);

insert into COMPOSANT (COMPOSANT_ID, KCAL, GLUCIDE, PROTIDE, LIPIDE) values (0, 2, 24, 35, 14);

insert into COMPOSANT (COMPOSANT_ID, KCAL, GLUCIDE, PROTIDE, LIPIDE) values (52, 8, 15, 19, 92);

insert into COMPOSANT (COMPOSANT_ID, KCAL, GLUCIDE, PROTIDE, LIPIDE) values (173, 0, 25, 37, 44);

insert into COMPOSANT (COMPOSANT_ID, KCAL, GLUCIDE, PROTIDE, LIPIDE) values (50, 94, 81, 8, 40);

insert into COMPOSANT (COMPOSANT_ID, KCAL, GLUCIDE, PROTIDE, LIPIDE) values (189, 72, 88, 98, 23);

insert into COMPOSANT (COMPOSANT_ID, KCAL, GLUCIDE, PROTIDE, LIPIDE) values (158, 50, 94, 81, 53);

insert into COMPOSANT (COMPOSANT_ID, KCAL, GLUCIDE, PROTIDE, LIPIDE) values (99, 73, 34, 87, 99);

insert into COMPOSANT (COMPOSANT_ID, KCAL, GLUCIDE, PROTIDE, LIPIDE) values (134, 39, 27, 55, 46);

insert into COMPOSANT (COMPOSANT_ID, KCAL, GLUCIDE, PROTIDE, LIPIDE) values (156, 46, 52, 28, 24);

insert into COMPOSANT (COMPOSANT_ID, KCAL, GLUCIDE, PROTIDE, LIPIDE) values (53, 77, 89, 36, 7);

insert into COMPOSANT (COMPOSANT_ID, KCAL, GLUCIDE, PROTIDE, LIPIDE) values (39, 74, 14, 42, 70);

insert into COMPOSANT (COMPOSANT_ID, KCAL, GLUCIDE, PROTIDE, LIPIDE) values (80, 24, 66, 75, 58);

insert into COMPOSANT (COMPOSANT_ID, KCAL, GLUCIDE, PROTIDE, LIPIDE) values (100, 76, 23, 43, 1);

insert into COMPOSANT (COMPOSANT_ID, KCAL, GLUCIDE, PROTIDE, LIPIDE) values (97, 78, 55, 80, 60);

insert into COMPOSANT (COMPOSANT_ID, KCAL, GLUCIDE, PROTIDE, LIPIDE) values (56, 52, 12, 13, 51);

insert into COMPOSANT (COMPOSANT_ID, KCAL, GLUCIDE, PROTIDE, LIPIDE) values (12, 59, 33, 71, 74);

insert into COMPOSANT (COMPOSANT_ID, KCAL, GLUCIDE, PROTIDE, LIPIDE) values (23, 81, 18, 59, 3);

insert into COMPOSANT (COMPOSANT_ID, KCAL, GLUCIDE, PROTIDE, LIPIDE) values (4, 69, 51, 6, 94);

insert into COMPOSANT (COMPOSANT_ID, KCAL, GLUCIDE, PROTIDE, LIPIDE) values (146, 68, 63, 27, 96);

insert into COMPOSANT (COMPOSANT_ID, KCAL, GLUCIDE, PROTIDE, LIPIDE) values (157, 51, 19, 56, 4);

insert into COMPOSANT (COMPOSANT_ID, KCAL, GLUCIDE, PROTIDE, LIPIDE) values (197, 56, 93, 14, 83);

insert into COMPOSANT (COMPOSANT_ID, KCAL, GLUCIDE, PROTIDE, LIPIDE) values (73, 71, 58, 46, 15);

insert into COMPOSANT (COMPOSANT_ID, KCAL, GLUCIDE, PROTIDE, LIPIDE) values (101, 95, 91, 18, 36);

insert into COMPOSANT (COMPOSANT_ID, KCAL, GLUCIDE, PROTIDE, LIPIDE) values (126, 29, 6, 85, 26);

insert into COMPOSANT (COMPOSANT_ID, KCAL, GLUCIDE, PROTIDE, LIPIDE) values (110, 31, 68, 15, 77);

insert into COMPOSANT (COMPOSANT_ID, KCAL, GLUCIDE, PROTIDE, LIPIDE) values (117, 83, 5, 68, 75);

insert into COMPOSANT (COMPOSANT_ID, KCAL, GLUCIDE, PROTIDE, LIPIDE) values (152, 64, 96, 79, 82);

insert into COMPOSANT (COMPOSANT_ID, KCAL, GLUCIDE, PROTIDE, LIPIDE) values (132, 89, 54, 60, 32);

insert into COMPOSANT (COMPOSANT_ID, KCAL, GLUCIDE, PROTIDE, LIPIDE) values (57, 13, 3, 64, 21);

insert into COMPOSANT (COMPOSANT_ID, KCAL, GLUCIDE, PROTIDE, LIPIDE) values (29, 88, 42, 62, 30);

insert into COMPOSANT (COMPOSANT_ID, KCAL, GLUCIDE, PROTIDE, LIPIDE) values (94, 54, 86, 99, 57);

insert into COMPOSANT (COMPOSANT_ID, KCAL, GLUCIDE, PROTIDE, LIPIDE) values (188, 66, 8, 90, 64);

insert into COMPOSANT (COMPOSANT_ID, KCAL, GLUCIDE, PROTIDE, LIPIDE) values (194, 67, 45, 73, 54);

insert into COMPOSANT (COMPOSANT_ID, KCAL, GLUCIDE, PROTIDE, LIPIDE) values (113, 28, 30, 95, 22);

insert into COMPOSANT (COMPOSANT_ID, KCAL, GLUCIDE, PROTIDE, LIPIDE) values (120, 87, 21, 63, 5);

insert into COMPOSANT (COMPOSANT_ID, KCAL, GLUCIDE, PROTIDE, LIPIDE) values (90, 27, 7, 91, 80);

insert into COMPOSANT (COMPOSANT_ID, KCAL, GLUCIDE, PROTIDE, LIPIDE) values (88, 85, 59, 44, 50);

insert into COMPOSANT (COMPOSANT_ID, KCAL, GLUCIDE, PROTIDE, LIPIDE) values (109, 70, 28, 89, 62);

insert into COMPOSANT (COMPOSANT_ID, KCAL, GLUCIDE, PROTIDE, LIPIDE) values (193, 60, 53, 9, 68);

insert into COMPOSANT (COMPOSANT_ID, KCAL, GLUCIDE, PROTIDE, LIPIDE) values (58, 47, 47, 51, 38);

insert into COMPOSANT (COMPOSANT_ID, KCAL, GLUCIDE, PROTIDE, LIPIDE) values (124, 19, 31, 21, 8);

insert into COMPOSANT (COMPOSANT_ID, KCAL, GLUCIDE, PROTIDE, LIPIDE) values (93, 41, 20, 31, 78);

insert into COMPOSANT (COMPOSANT_ID, KCAL, GLUCIDE, PROTIDE, LIPIDE) values (68, 90, 1, 72, 39);

insert into COMPOSANT (COMPOSANT_ID, KCAL, GLUCIDE, PROTIDE, LIPIDE) values (21, 12, 62, 61, 27);

insert into COMPOSANT (COMPOSANT_ID, KCAL, GLUCIDE, PROTIDE, LIPIDE) values (75, 32, 87, 92, 85);

insert into COMPOSANT (COMPOSANT_ID, KCAL, GLUCIDE, PROTIDE, LIPIDE) values (86, 33, 70, 16, 12);

insert into COMPOSANT (COMPOSANT_ID, KCAL, GLUCIDE, PROTIDE, LIPIDE) values (9, 91, 37, 1, 52);

insert into COMPOSANT (COMPOSANT_ID, KCAL, GLUCIDE, PROTIDE, LIPIDE) values (142, 93, 11, 70, 2);

insert into COMPOSANT (COMPOSANT_ID, KCAL, GLUCIDE, PROTIDE, LIPIDE) values (20, 11, 32, 32, 49);

insert into COMPOSANT (COMPOSANT_ID, KCAL, GLUCIDE, PROTIDE, LIPIDE) values (69, 65, 85, 96, 20);

insert into COMPOSANT (COMPOSANT_ID, KCAL, GLUCIDE, PROTIDE, LIPIDE) values (91, 15, 40, 26, 88);

insert into COMPOSANT (COMPOSANT_ID, KCAL, GLUCIDE, PROTIDE, LIPIDE) values (199, 98, 73, 7, 97);

insert into COMPOSANT (COMPOSANT_ID, KCAL, GLUCIDE, PROTIDE, LIPIDE) values (169, 16, 41, 17, 87);

insert into COMPOSANT (COMPOSANT_ID, KCAL, GLUCIDE, PROTIDE, LIPIDE) values (87, 30, 26, 77, 73);

insert into COMPOSANT (COMPOSANT_ID, KCAL, GLUCIDE, PROTIDE, LIPIDE) values (42, 21, 35, 38, 81);

insert into COMPOSANT (COMPOSANT_ID, KCAL, GLUCIDE, PROTIDE, LIPIDE) values (148, 17, 39, 10, 63);

insert into COMPOSANT (COMPOSANT_ID, KCAL, GLUCIDE, PROTIDE, LIPIDE) values (121, 86, 75, 52, 48);

insert into COMPOSANT (COMPOSANT_ID, KCAL, GLUCIDE, PROTIDE, LIPIDE) values (82, 96, 95, 30, 55);

insert into COMPOSANT (COMPOSANT_ID, KCAL, GLUCIDE, PROTIDE, LIPIDE) values (55, 14, 16, 67, 84);

insert into COMPOSANT (COMPOSANT_ID, KCAL, GLUCIDE, PROTIDE, LIPIDE) values (64, 5, 46, 82, 72);

insert into COMPOSANT (COMPOSANT_ID, KCAL, GLUCIDE, PROTIDE, LIPIDE) values (131, 43, 98, 97, 33);

insert into COMPOSANT (COMPOSANT_ID, KCAL, GLUCIDE, PROTIDE, LIPIDE) values (11, 36, 36, 66, 89);

insert into COMPOSANT (COMPOSANT_ID, KCAL, GLUCIDE, PROTIDE, LIPIDE) values (168, 22, 79, 54, 45);

insert into COMPOSANT (COMPOSANT_ID, KCAL, GLUCIDE, PROTIDE, LIPIDE) values (81, 44, 22, 33, 29);

insert into COMPOSANT (COMPOSANT_ID, KCAL, GLUCIDE, PROTIDE, LIPIDE) values (31, 79, 60, 4, 0);

insert into COMPOSANT (COMPOSANT_ID, KCAL, GLUCIDE, PROTIDE, LIPIDE) values (153, 38, 84, 2, 18);

insert into COMPOSANT (COMPOSANT_ID, KCAL, GLUCIDE, PROTIDE, LIPIDE) values (122, 84, 72, 11, 59);

insert into COMPOSANT (COMPOSANT_ID, KCAL, GLUCIDE, PROTIDE, LIPIDE) values (119, 20, 56, 29, 43);

insert into COMPOSANT (COMPOSANT_ID, KCAL, GLUCIDE, PROTIDE, LIPIDE) values (178, 63, 17, 88, 31);

insert into COMPOSANT (COMPOSANT_ID, KCAL, GLUCIDE, PROTIDE, LIPIDE) values (181, 6, 92, 65, 90);

insert into COMPOSANT (COMPOSANT_ID, KCAL, GLUCIDE, PROTIDE, LIPIDE) values (6, 18, 48, 93, 6);

insert into COMPOSANT (COMPOSANT_ID, KCAL, GLUCIDE, PROTIDE, LIPIDE) values (89, 82, 80, 25, 11);

insert into COMPOSANT (COMPOSANT_ID, KCAL, GLUCIDE, PROTIDE, LIPIDE) values (140, 23, 74, 23, 10);

insert into COMPOSANT (COMPOSANT_ID, KCAL, GLUCIDE, PROTIDE, LIPIDE) values (184, 49, 90, 40, 13);

insert into COMPOSANT (COMPOSANT_ID, KCAL, GLUCIDE, PROTIDE, LIPIDE) values (59, 75, 64, 49, 35);

insert into COMPOSANT (COMPOSANT_ID, KCAL, GLUCIDE, PROTIDE, LIPIDE) values (19, 35, 50, 12, 71);

insert into COMPOSANT (COMPOSANT_ID, KCAL, GLUCIDE, PROTIDE, LIPIDE) values (18, 45, 82, 84, 25);

insert into COMPOSANT (COMPOSANT_ID, KCAL, GLUCIDE, PROTIDE, LIPIDE) values (37, 40, 67, 53, 47);

insert into COMPOSANT (COMPOSANT_ID, KCAL, GLUCIDE, PROTIDE, LIPIDE) values (43, 42, 65, 39, 19);

insert into COMPOSANT (COMPOSANT_ID, KCAL, GLUCIDE, PROTIDE, LIPIDE) values (151, 48, 71, 3, 16);

insert into COMPOSANT (COMPOSANT_ID, KCAL, GLUCIDE, PROTIDE, LIPIDE) values (36, 4, 76, 48, 34);

insert into COMPOSANT (COMPOSANT_ID, KCAL, GLUCIDE, PROTIDE, LIPIDE) values (175, 80, 13, 45, 61);

insert into COMPOSANT (COMPOSANT_ID, KCAL, GLUCIDE, PROTIDE, LIPIDE) values (30, 55, 99, 22, 37);

insert into COMPOSANT (COMPOSANT_ID, KCAL, GLUCIDE, PROTIDE, LIPIDE) values (13, 1, 49, 24, 79);

insert into COMPOSANT (COMPOSANT_ID, KCAL, GLUCIDE, PROTIDE, LIPIDE) values (35, 10, 61, 57, 91);

insert into COMPOSANT (COMPOSANT_ID, KCAL, GLUCIDE, PROTIDE, LIPIDE) values (150, 3, 57, 78, 28);

insert into COMPOSANT (COMPOSANT_ID, KCAL, GLUCIDE, PROTIDE, LIPIDE) values (26, 34, 44, 83, 93);

insert into COMPOSANT (COMPOSANT_ID, KCAL, GLUCIDE, PROTIDE, LIPIDE) values (102, 57, 78, 20, 9);

insert into COMPOSANT (COMPOSANT_ID, KCAL, GLUCIDE, PROTIDE, LIPIDE) values (107, 62, 83, 0, 86);

insert into COMPOSANT (COMPOSANT_ID, KCAL, GLUCIDE, PROTIDE, LIPIDE) values (22, 53, 29, 41, 56);

insert into COMPOSANT (COMPOSANT_ID, KCAL, GLUCIDE, PROTIDE, LIPIDE) values (123, 37, 0, 47, 42);

insert into COMPOSANT (COMPOSANT_ID, KCAL, GLUCIDE, PROTIDE, LIPIDE) values (172, 26, 69, 76, 66);

insert into COMPOSANT (COMPOSANT_ID, KCAL, GLUCIDE, PROTIDE, LIPIDE) values (103, 9, 43, 50, 41);

insert into COMPOSANT (COMPOSANT_ID, KCAL, GLUCIDE, PROTIDE, LIPIDE) values (92, 92, 38, 94, 65);

insert into COMPOSANT (COMPOSANT_ID, KCAL, GLUCIDE, PROTIDE, LIPIDE) values (143, 97, 97, 86, 69);

insert into COMPOSANT (COMPOSANT_ID, KCAL, GLUCIDE, PROTIDE, LIPIDE) values (195, 25, 9, 69, 98);

insert into COMPOSANT (COMPOSANT_ID, KCAL, GLUCIDE, PROTIDE, LIPIDE) values (45, 58, 2, 5, 76);

insert into COMPOSANT (COMPOSANT_ID, KCAL, GLUCIDE, PROTIDE, LIPIDE) values (174, 61, 4, 74, 17);

insert into COMPOSANT (COMPOSANT_ID, KCAL, GLUCIDE, PROTIDE, LIPIDE) values (159, 7, 10, 58, 67);

insert into COMPOSANT (COMPOSANT_ID, KCAL, GLUCIDE, PROTIDE, LIPIDE) values (136, 99, 77, 34, 95);

insert into COMPOSANT (COMPOSANT_ID, KCAL, GLUCIDE, PROTIDE, LIPIDE) values (44, 2, 24, 35, 14);

insert into COMPOSANT (COMPOSANT_ID, KCAL, GLUCIDE, PROTIDE, LIPIDE) values (180, 8, 15, 19, 92);

insert into COMPOSANT (COMPOSANT_ID, KCAL, GLUCIDE, PROTIDE, LIPIDE) values (160, 0, 25, 37, 44);

insert into COMPOSANT (COMPOSANT_ID, KCAL, GLUCIDE, PROTIDE, LIPIDE) values (33, 94, 81, 8, 40);

insert into COMPOSANT (COMPOSANT_ID, KCAL, GLUCIDE, PROTIDE, LIPIDE) values (166, 72, 88, 98, 23);

insert into COMPOSANT (COMPOSANT_ID, KCAL, GLUCIDE, PROTIDE, LIPIDE) values (83, 50, 94, 81, 53);

insert into COMPOSANT (COMPOSANT_ID, KCAL, GLUCIDE, PROTIDE, LIPIDE) values (47, 73, 34, 87, 99);

insert into COMPOSANT (COMPOSANT_ID, KCAL, GLUCIDE, PROTIDE, LIPIDE) values (1, 39, 27, 55, 46);

insert into COMPOSANT (COMPOSANT_ID, KCAL, GLUCIDE, PROTIDE, LIPIDE) values (135, 46, 52, 28, 24);

insert into COMPOSANT (COMPOSANT_ID, KCAL, GLUCIDE, PROTIDE, LIPIDE) values (70, 77, 89, 36, 7);

insert into COMPOSANT (COMPOSANT_ID, KCAL, GLUCIDE, PROTIDE, LIPIDE) values (179, 74, 14, 42, 70);

insert into COMPOSANT (COMPOSANT_ID, KCAL, GLUCIDE, PROTIDE, LIPIDE) values (32, 24, 66, 75, 58);

insert into COMPOSANT (COMPOSANT_ID, KCAL, GLUCIDE, PROTIDE, LIPIDE) values (77, 76, 23, 43, 1);

insert into COMPOSANT (COMPOSANT_ID, KCAL, GLUCIDE, PROTIDE, LIPIDE) values (76, 78, 55, 80, 60);

insert into COMPOSANT (COMPOSANT_ID, KCAL, GLUCIDE, PROTIDE, LIPIDE) values (54, 52, 12, 13, 51);

insert into COMPOSANT (COMPOSANT_ID, KCAL, GLUCIDE, PROTIDE, LIPIDE) values (171, 59, 33, 71, 74);

insert into COMPOSANT (COMPOSANT_ID, KCAL, GLUCIDE, PROTIDE, LIPIDE) values (61, 81, 18, 59, 3);

insert into COMPOSANT (COMPOSANT_ID, KCAL, GLUCIDE, PROTIDE, LIPIDE) values (162, 69, 51, 6, 94);

insert into COMPOSANT (COMPOSANT_ID, KCAL, GLUCIDE, PROTIDE, LIPIDE) values (105, 68, 63, 27, 96);

insert into COMPOSANT (COMPOSANT_ID, KCAL, GLUCIDE, PROTIDE, LIPIDE) values (48, 51, 19, 56, 4);

insert into COMPOSANT (COMPOSANT_ID, KCAL, GLUCIDE, PROTIDE, LIPIDE) values (71, 56, 93, 14, 83);

insert into COMPOSANT (COMPOSANT_ID, KCAL, GLUCIDE, PROTIDE, LIPIDE) values (14, 71, 58, 46, 15);

insert into COMPOSANT (COMPOSANT_ID, KCAL, GLUCIDE, PROTIDE, LIPIDE) values (141, 95, 91, 18, 36);

insert into COMPOSANT (COMPOSANT_ID, KCAL, GLUCIDE, PROTIDE, LIPIDE) values (165, 29, 6, 85, 26);

insert into COMPOSANT (COMPOSANT_ID, KCAL, GLUCIDE, PROTIDE, LIPIDE) values (139, 31, 68, 15, 77);

insert into COMPOSANT (COMPOSANT_ID, KCAL, GLUCIDE, PROTIDE, LIPIDE) values (66, 83, 5, 68, 75);

insert into COMPOSANT (COMPOSANT_ID, KCAL, GLUCIDE, PROTIDE, LIPIDE) values (95, 64, 96, 79, 82);

insert into COMPOSANT (COMPOSANT_ID, KCAL, GLUCIDE, PROTIDE, LIPIDE) values (60, 89, 54, 60, 32);

insert into COMPOSANT (COMPOSANT_ID, KCAL, GLUCIDE, PROTIDE, LIPIDE) values (185, 13, 3, 64, 21);

insert into COMPOSANT (COMPOSANT_ID, KCAL, GLUCIDE, PROTIDE, LIPIDE) values (98, 88, 42, 62, 30);

insert into COMPOSANT (COMPOSANT_ID, KCAL, GLUCIDE, PROTIDE, LIPIDE) values (108, 54, 86, 99, 57);

insert into COMPOSANT (COMPOSANT_ID, KCAL, GLUCIDE, PROTIDE, LIPIDE) values (182, 66, 8, 90, 64);

insert into COMPOSANT (COMPOSANT_ID, KCAL, GLUCIDE, PROTIDE, LIPIDE) values (176, 67, 45, 73, 54);

insert into COMPOSANT (COMPOSANT_ID, KCAL, GLUCIDE, PROTIDE, LIPIDE) values (114, 28, 30, 95, 22);

insert into COMPOSANT (COMPOSANT_ID, KCAL, GLUCIDE, PROTIDE, LIPIDE) values (51, 87, 21, 63, 5);

insert into COMPOSANT (COMPOSANT_ID, KCAL, GLUCIDE, PROTIDE, LIPIDE) values (183, 27, 7, 91, 80);

insert into COMPOSANT (COMPOSANT_ID, KCAL, GLUCIDE, PROTIDE, LIPIDE) values (10, 85, 59, 44, 50);

insert into COMPOSANT (COMPOSANT_ID, KCAL, GLUCIDE, PROTIDE, LIPIDE) values (167, 70, 28, 89, 62);

insert into COMPOSANT (COMPOSANT_ID, KCAL, GLUCIDE, PROTIDE, LIPIDE) values (116, 60, 53, 9, 68);

insert into COMPOSANT (COMPOSANT_ID, KCAL, GLUCIDE, PROTIDE, LIPIDE) values (2, 47, 47, 51, 38);

insert into COMPOSANT (COMPOSANT_ID, KCAL, GLUCIDE, PROTIDE, LIPIDE) values (149, 19, 31, 21, 8);

insert into COMPOSANT (COMPOSANT_ID, KCAL, GLUCIDE, PROTIDE, LIPIDE) values (106, 41, 20, 31, 78);

insert into COMPOSANT (COMPOSANT_ID, KCAL, GLUCIDE, PROTIDE, LIPIDE) values (196, 90, 1, 72, 39);

insert into COMPOSANT (COMPOSANT_ID, KCAL, GLUCIDE, PROTIDE, LIPIDE) values (133, 12, 62, 61, 27);

insert into COMPOSANT (COMPOSANT_ID, KCAL, GLUCIDE, PROTIDE, LIPIDE) values (144, 32, 87, 92, 85);

insert into COMPOSANT (COMPOSANT_ID, KCAL, GLUCIDE, PROTIDE, LIPIDE) values (191, 33, 70, 16, 12);

insert into COMPOSANT (COMPOSANT_ID, KCAL, GLUCIDE, PROTIDE, LIPIDE) values (111, 91, 37, 1, 52);

insert into COMPOSANT (COMPOSANT_ID, KCAL, GLUCIDE, PROTIDE, LIPIDE) values (147, 93, 11, 70, 2);

insert into COMPOSANT (COMPOSANT_ID, KCAL, GLUCIDE, PROTIDE, LIPIDE) values (72, 11, 32, 32, 49);

insert into COMPOSANT (COMPOSANT_ID, KCAL, GLUCIDE, PROTIDE, LIPIDE) values (128, 65, 85, 96, 20);

insert into COMPOSANT (COMPOSANT_ID, KCAL, GLUCIDE, PROTIDE, LIPIDE) values (137, 15, 40, 26, 88);

insert into COMPOSANT (COMPOSANT_ID, KCAL, GLUCIDE, PROTIDE, LIPIDE) values (118, 98, 73, 7, 97);

insert into COMPOSANT (COMPOSANT_ID, KCAL, GLUCIDE, PROTIDE, LIPIDE) values (5, 16, 41, 17, 87);

insert into COMPOSANT (COMPOSANT_ID, KCAL, GLUCIDE, PROTIDE, LIPIDE) values (46, 30, 26, 77, 73);

insert into COMPOSANT (COMPOSANT_ID, KCAL, GLUCIDE, PROTIDE, LIPIDE) values (186, 21, 35, 38, 81);

insert into COMPOSANT (COMPOSANT_ID, KCAL, GLUCIDE, PROTIDE, LIPIDE) values (145, 17, 39, 10, 63);

insert into COMPOSANT (COMPOSANT_ID, KCAL, GLUCIDE, PROTIDE, LIPIDE) values (170, 86, 75, 52, 48);

insert into COMPOSANT (COMPOSANT_ID, KCAL, GLUCIDE, PROTIDE, LIPIDE) values (65, 96, 95, 30, 55);

insert into COMPOSANT (COMPOSANT_ID, KCAL, GLUCIDE, PROTIDE, LIPIDE) values (163, 14, 16, 67, 84);

insert into COMPOSANT (COMPOSANT_ID, KCAL, GLUCIDE, PROTIDE, LIPIDE) values (96, 5, 46, 82, 72);

insert into COMPOSANT (COMPOSANT_ID, KCAL, GLUCIDE, PROTIDE, LIPIDE) values (154, 43, 98, 97, 33);

insert into COMPOSANT (COMPOSANT_ID, KCAL, GLUCIDE, PROTIDE, LIPIDE) values (190, 36, 36, 66, 89);

insert into COMPOSANT (COMPOSANT_ID, KCAL, GLUCIDE, PROTIDE, LIPIDE) values (8, 22, 79, 54, 45);

insert into COMPOSANT (COMPOSANT_ID, KCAL, GLUCIDE, PROTIDE, LIPIDE) values (187, 44, 22, 33, 29);

insert into COMPOSANT (COMPOSANT_ID, KCAL, GLUCIDE, PROTIDE, LIPIDE) values (125, 79, 60, 4, 0);

insert into COMPOSANT (COMPOSANT_ID, KCAL, GLUCIDE, PROTIDE, LIPIDE) values (155, 38, 84, 2, 18);

insert into COMPOSANT (COMPOSANT_ID, KCAL, GLUCIDE, PROTIDE, LIPIDE) values (127, 84, 72, 11, 59);

insert into SPECIAL (SPECIAL_ID, BIO, CHOLESTEROL) values (85, 89, 83);

insert into SPECIAL (SPECIAL_ID, BIO, CHOLESTEROL) values (147, 77, 146);

insert into SPECIAL (SPECIAL_ID, BIO, CHOLESTEROL) values (48, 149, 155);

insert into SPECIAL (SPECIAL_ID, BIO, CHOLESTEROL) values (70, 88, 197);

insert into SPECIAL (SPECIAL_ID, BIO, CHOLESTEROL) values (47, 20, 59);

insert into SPECIAL (SPECIAL_ID, BIO, CHOLESTEROL) values (39, 194, 46);

insert into SPECIAL (SPECIAL_ID, BIO, CHOLESTEROL) values (80, 10, 14);

insert into SPECIAL (SPECIAL_ID, BIO, CHOLESTEROL) values (57, 0, 186);

insert into SPECIAL (SPECIAL_ID, BIO, CHOLESTEROL) values (119, 143, 115);

insert into SPECIAL (SPECIAL_ID, BIO, CHOLESTEROL) values (98, 199, 13);

insert into SPECIAL (SPECIAL_ID, BIO, CHOLESTEROL) values (197, 42, 107);

insert into SPECIAL (SPECIAL_ID, BIO, CHOLESTEROL) values (23, 158, 12);

insert into SPECIAL (SPECIAL_ID, BIO, CHOLESTEROL) values (79, 99, 104);

insert into SPECIAL (SPECIAL_ID, BIO, CHOLESTEROL) values (8, 109, 47);

insert into SPECIAL (SPECIAL_ID, BIO, CHOLESTEROL) values (52, 168, 34);

insert into SPECIAL (SPECIAL_ID, BIO, CHOLESTEROL) values (92, 159, 32);

insert into SPECIAL (SPECIAL_ID, BIO, CHOLESTEROL) values (105, 120, 130);

insert into SPECIAL (SPECIAL_ID, BIO, CHOLESTEROL) values (163, 103, 94);

insert into SPECIAL (SPECIAL_ID, BIO, CHOLESTEROL) values (171, 185, 53);

insert into SPECIAL (SPECIAL_ID, BIO, CHOLESTEROL) values (97, 6, 19);

insert into SPECIAL (SPECIAL_ID, BIO, CHOLESTEROL) values (91, 29, 176);

insert into SPECIAL (SPECIAL_ID, BIO, CHOLESTEROL) values (44, 141, 95);

insert into SPECIAL (SPECIAL_ID, BIO, CHOLESTEROL) values (161, 138, 121);

insert into SPECIAL (SPECIAL_ID, BIO, CHOLESTEROL) values (15, 44, 49);

insert into SPECIAL (SPECIAL_ID, BIO, CHOLESTEROL) values (106, 4, 58);

insert into SPECIAL (SPECIAL_ID, BIO, CHOLESTEROL) values (167, 54, 51);

insert into SPECIAL (SPECIAL_ID, BIO, CHOLESTEROL) values (155, 172, 124);

insert into SPECIAL (SPECIAL_ID, BIO, CHOLESTEROL) values (51, 17, 183);

insert into SPECIAL (SPECIAL_ID, BIO, CHOLESTEROL) values (67, 41, 70);

insert into SPECIAL (SPECIAL_ID, BIO, CHOLESTEROL) values (148, 59, 164);

insert into SPECIAL (SPECIAL_ID, BIO, CHOLESTEROL) values (141, 97, 78);

insert into SPECIAL (SPECIAL_ID, BIO, CHOLESTEROL) values (7, 80, 137);

insert into SPECIAL (SPECIAL_ID, BIO, CHOLESTEROL) values (125, 140, 50);

insert into SPECIAL (SPECIAL_ID, BIO, CHOLESTEROL) values (182, 170, 188);

insert into SPECIAL (SPECIAL_ID, BIO, CHOLESTEROL) values (49, 142, 145);

insert into SPECIAL (SPECIAL_ID, BIO, CHOLESTEROL) values (14, 105, 33);

insert into SPECIAL (SPECIAL_ID, BIO, CHOLESTEROL) values (94, 192, 170);

insert into SPECIAL (SPECIAL_ID, BIO, CHOLESTEROL) values (50, 33, 44);

insert into SPECIAL (SPECIAL_ID, BIO, CHOLESTEROL) values (154, 110, 27);

insert into SPECIAL (SPECIAL_ID, BIO, CHOLESTEROL) values (77, 122, 195);

insert into SPECIAL (SPECIAL_ID, BIO, CHOLESTEROL) values (158, 49, 45);

insert into SPECIAL (SPECIAL_ID, BIO, CHOLESTEROL) values (146, 118, 143);

insert into SPECIAL (SPECIAL_ID, BIO, CHOLESTEROL) values (63, 128, 87);

insert into SPECIAL (SPECIAL_ID, BIO, CHOLESTEROL) values (183, 114, 57);

insert into SPECIAL (SPECIAL_ID, BIO, CHOLESTEROL) values (93, 104, 154);

insert into SPECIAL (SPECIAL_ID, BIO, CHOLESTEROL) values (132, 16, 133);

insert into SPECIAL (SPECIAL_ID, BIO, CHOLESTEROL) values (130, 130, 129);

insert into SPECIAL (SPECIAL_ID, BIO, CHOLESTEROL) values (73, 83, 100);

insert into SPECIAL (SPECIAL_ID, BIO, CHOLESTEROL) values (133, 129, 67);

insert into SPECIAL (SPECIAL_ID, BIO, CHOLESTEROL) values (84, 69, 86);

insert into SPECIAL (SPECIAL_ID, BIO, CHOLESTEROL) values (194, 187, 190);

insert into SPECIAL (SPECIAL_ID, BIO, CHOLESTEROL) values (58, 22, 138);

insert into SPECIAL (SPECIAL_ID, BIO, CHOLESTEROL) values (124, 190, 31);

insert into SPECIAL (SPECIAL_ID, BIO, CHOLESTEROL) values (29, 123, 89);

insert into SPECIAL (SPECIAL_ID, BIO, CHOLESTEROL) values (159, 135, 52);

insert into SPECIAL (SPECIAL_ID, BIO, CHOLESTEROL) values (3, 186, 65);

insert into SPECIAL (SPECIAL_ID, BIO, CHOLESTEROL) values (164, 47, 90);

insert into SPECIAL (SPECIAL_ID, BIO, CHOLESTEROL) values (153, 14, 55);

insert into SPECIAL (SPECIAL_ID, BIO, CHOLESTEROL) values (113, 152, 20);

insert into SPECIAL (SPECIAL_ID, BIO, CHOLESTEROL) values (129, 7, 39);

insert into SPECIAL (SPECIAL_ID, BIO, CHOLESTEROL) values (99, 154, 38);

insert into SPECIAL (SPECIAL_ID, BIO, CHOLESTEROL) values (41, 91, 169);

insert into SPECIAL (SPECIAL_ID, BIO, CHOLESTEROL) values (100, 53, 109);

insert into SPECIAL (SPECIAL_ID, BIO, CHOLESTEROL) values (20, 167, 93);

insert into SPECIAL (SPECIAL_ID, BIO, CHOLESTEROL) values (136, 5, 180);

insert into SPECIAL (SPECIAL_ID, BIO, CHOLESTEROL) values (11, 25, 132);

insert into SPECIAL (SPECIAL_ID, BIO, CHOLESTEROL) values (62, 24, 151);

insert into SPECIAL (SPECIAL_ID, BIO, CHOLESTEROL) values (143, 108, 72);

insert into SPECIAL (SPECIAL_ID, BIO, CHOLESTEROL) values (165, 58, 111);

insert into SPECIAL (SPECIAL_ID, BIO, CHOLESTEROL) values (199, 90, 60);

insert into SPECIAL (SPECIAL_ID, BIO, CHOLESTEROL) values (21, 183, 73);

insert into SPECIAL (SPECIAL_ID, BIO, CHOLESTEROL) values (42, 116, 88);

insert into SPECIAL (SPECIAL_ID, BIO, CHOLESTEROL) values (118, 86, 30);

insert into SPECIAL (SPECIAL_ID, BIO, CHOLESTEROL) values (33, 113, 17);

insert into SPECIAL (SPECIAL_ID, BIO, CHOLESTEROL) values (160, 188, 126);

insert into SPECIAL (SPECIAL_ID, BIO, CHOLESTEROL) values (127, 160, 142);

insert into SPECIAL (SPECIAL_ID, BIO, CHOLESTEROL) values (83, 127, 194);

insert into SPECIAL (SPECIAL_ID, BIO, CHOLESTEROL) values (198, 43, 118);

insert into SPECIAL (SPECIAL_ID, BIO, CHOLESTEROL) values (31, 76, 116);

insert into SPECIAL (SPECIAL_ID, BIO, CHOLESTEROL) values (169, 71, 23);

insert into SPECIAL (SPECIAL_ID, BIO, CHOLESTEROL) values (18, 74, 139);

insert into SPECIAL (SPECIAL_ID, BIO, CHOLESTEROL) values (88, 15, 41);

insert into SPECIAL (SPECIAL_ID, BIO, CHOLESTEROL) values (139, 81, 6);

insert into SPECIAL (SPECIAL_ID, BIO, CHOLESTEROL) values (162, 136, 24);

insert into SPECIAL (SPECIAL_ID, BIO, CHOLESTEROL) values (78, 177, 75);

insert into SPECIAL (SPECIAL_ID, BIO, CHOLESTEROL) values (120, 193, 15);

insert into SPECIAL (SPECIAL_ID, BIO, CHOLESTEROL) values (71, 100, 158);

insert into SPECIAL (SPECIAL_ID, BIO, CHOLESTEROL) values (103, 62, 80);

insert into SPECIAL (SPECIAL_ID, BIO, CHOLESTEROL) values (168, 79, 117);

insert into SPECIAL (SPECIAL_ID, BIO, CHOLESTEROL) values (116, 196, 0);

insert into SPECIAL (SPECIAL_ID, BIO, CHOLESTEROL) values (16, 56, 56);

insert into SPECIAL (SPECIAL_ID, BIO, CHOLESTEROL) values (126, 60, 84);

insert into SPECIAL (SPECIAL_ID, BIO, CHOLESTEROL) values (191, 148, 113);

insert into SPECIAL (SPECIAL_ID, BIO, CHOLESTEROL) values (110, 31, 191);

insert into SPECIAL (SPECIAL_ID, BIO, CHOLESTEROL) values (55, 45, 152);

insert into SPECIAL (SPECIAL_ID, BIO, CHOLESTEROL) values (111, 107, 184);

insert into SPECIAL (SPECIAL_ID, BIO, CHOLESTEROL) values (185, 57, 76);

insert into SPECIAL (SPECIAL_ID, BIO, CHOLESTEROL) values (114, 125, 148);

insert into SPECIAL (SPECIAL_ID, BIO, CHOLESTEROL) values (4, 19, 82);

insert into SPECIAL (SPECIAL_ID, BIO, CHOLESTEROL) values (104, 65, 10);

insert into SPECIAL (SPECIAL_ID, BIO, CHOLESTEROL) values (131, 94, 74);

insert into SPECIAL (SPECIAL_ID, BIO, CHOLESTEROL) values (27, 184, 192);

insert into SPECIAL (SPECIAL_ID, BIO, CHOLESTEROL) values (28, 137, 4);

insert into SPECIAL (SPECIAL_ID, BIO, CHOLESTEROL) values (123, 84, 1);

insert into SPECIAL (SPECIAL_ID, BIO, CHOLESTEROL) values (166, 182, 178);

insert into SPECIAL (SPECIAL_ID, BIO, CHOLESTEROL) values (81, 133, 110);

insert into SPECIAL (SPECIAL_ID, BIO, CHOLESTEROL) values (142, 166, 37);

insert into SPECIAL (SPECIAL_ID, BIO, CHOLESTEROL) values (177, 32, 168);

insert into SPECIAL (SPECIAL_ID, BIO, CHOLESTEROL) values (0, 139, 149);

insert into SPECIAL (SPECIAL_ID, BIO, CHOLESTEROL) values (34, 40, 102);

insert into SPECIAL (SPECIAL_ID, BIO, CHOLESTEROL) values (17, 55, 172);

insert into SPECIAL (SPECIAL_ID, BIO, CHOLESTEROL) values (75, 96, 29);

insert into SPECIAL (SPECIAL_ID, BIO, CHOLESTEROL) values (174, 126, 105);

insert into SPECIAL (SPECIAL_ID, BIO, CHOLESTEROL) values (187, 161, 166);

insert into SPECIAL (SPECIAL_ID, BIO, CHOLESTEROL) values (109, 102, 28);

insert into SPECIAL (SPECIAL_ID, BIO, CHOLESTEROL) values (12, 28, 171);

insert into SPECIAL (SPECIAL_ID, BIO, CHOLESTEROL) values (140, 68, 11);

insert into SPECIAL (SPECIAL_ID, BIO, CHOLESTEROL) values (156, 70, 54);

insert into SPECIAL (SPECIAL_ID, BIO, CHOLESTEROL) values (25, 163, 193);

insert into SPECIAL (SPECIAL_ID, BIO, CHOLESTEROL) values (195, 63, 63);

insert into SPECIAL (SPECIAL_ID, BIO, CHOLESTEROL) values (117, 34, 108);

insert into SPECIAL (SPECIAL_ID, BIO, CHOLESTEROL) values (149, 37, 174);

insert into SPECIAL (SPECIAL_ID, BIO, CHOLESTEROL) values (64, 48, 97);

insert into SPECIAL (SPECIAL_ID, BIO, CHOLESTEROL) values (128, 175, 64);

insert into SPECIAL (SPECIAL_ID, BIO, CHOLESTEROL) values (90, 21, 2);

insert into SPECIAL (SPECIAL_ID, BIO, CHOLESTEROL) values (82, 2, 106);

insert into SPECIAL (SPECIAL_ID, BIO, CHOLESTEROL) values (6, 151, 173);

insert into SPECIAL (SPECIAL_ID, BIO, CHOLESTEROL) values (60, 38, 198);

insert into SPECIAL (SPECIAL_ID, BIO, CHOLESTEROL) values (134, 95, 61);

insert into SPECIAL (SPECIAL_ID, BIO, CHOLESTEROL) values (137, 66, 36);

insert into SPECIAL (SPECIAL_ID, BIO, CHOLESTEROL) values (53, 23, 120);

insert into SPECIAL (SPECIAL_ID, BIO, CHOLESTEROL) values (45, 106, 135);

insert into SPECIAL (SPECIAL_ID, BIO, CHOLESTEROL) values (108, 173, 5);

insert into SPECIAL (SPECIAL_ID, BIO, CHOLESTEROL) values (74, 164, 8);

insert into SPECIAL (SPECIAL_ID, BIO, CHOLESTEROL) values (24, 27, 147);

insert into SPECIAL (SPECIAL_ID, BIO, CHOLESTEROL) values (61, 155, 122);

insert into SPECIAL (SPECIAL_ID, BIO, CHOLESTEROL) values (1, 176, 21);

insert into SPECIAL (SPECIAL_ID, BIO, CHOLESTEROL) values (178, 85, 182);

insert into SPECIAL (SPECIAL_ID, BIO, CHOLESTEROL) values (144, 12, 163);

insert into SPECIAL (SPECIAL_ID, BIO, CHOLESTEROL) values (19, 145, 99);

insert into SPECIAL (SPECIAL_ID, BIO, CHOLESTEROL) values (152, 169, 22);

insert into SPECIAL (SPECIAL_ID, BIO, CHOLESTEROL) values (59, 26, 131);

insert into SPECIAL (SPECIAL_ID, BIO, CHOLESTEROL) values (5, 171, 160);

insert into SPECIAL (SPECIAL_ID, BIO, CHOLESTEROL) values (107, 75, 161);

insert into SPECIAL (SPECIAL_ID, BIO, CHOLESTEROL) values (22, 111, 66);

insert into SPECIAL (SPECIAL_ID, BIO, CHOLESTEROL) values (32, 36, 91);

insert into SPECIAL (SPECIAL_ID, BIO, CHOLESTEROL) values (192, 147, 71);

insert into SPECIAL (SPECIAL_ID, BIO, CHOLESTEROL) values (54, 144, 98);

insert into SPECIAL (SPECIAL_ID, BIO, CHOLESTEROL) values (36, 115, 42);

insert into SPECIAL (SPECIAL_ID, BIO, CHOLESTEROL) values (175, 92, 185);

insert into SPECIAL (SPECIAL_ID, BIO, CHOLESTEROL) values (87, 93, 144);

insert into SPECIAL (SPECIAL_ID, BIO, CHOLESTEROL) values (69, 30, 127);

insert into SPECIAL (SPECIAL_ID, BIO, CHOLESTEROL) values (112, 39, 177);

insert into SPECIAL (SPECIAL_ID, BIO, CHOLESTEROL) values (40, 64, 179);

insert into SPECIAL (SPECIAL_ID, BIO, CHOLESTEROL) values (170, 35, 140);

insert into SPECIAL (SPECIAL_ID, BIO, CHOLESTEROL) values (186, 9, 9);

insert into SPECIAL (SPECIAL_ID, BIO, CHOLESTEROL) values (176, 78, 103);

insert into SPECIAL (SPECIAL_ID, BIO, CHOLESTEROL) values (189, 82, 81);

insert into SPECIAL (SPECIAL_ID, BIO, CHOLESTEROL) values (172, 179, 16);

insert into SPECIAL (SPECIAL_ID, BIO, CHOLESTEROL) values (193, 1, 18);

insert into SPECIAL (SPECIAL_ID, BIO, CHOLESTEROL) values (184, 72, 128);

insert into SPECIAL (SPECIAL_ID, BIO, CHOLESTEROL) values (151, 87, 196);

insert into SPECIAL (SPECIAL_ID, BIO, CHOLESTEROL) values (181, 132, 134);

insert into SPECIAL (SPECIAL_ID, BIO, CHOLESTEROL) values (121, 146, 69);

insert into SPECIAL (SPECIAL_ID, BIO, CHOLESTEROL) values (173, 119, 187);

insert into SPECIAL (SPECIAL_ID, BIO, CHOLESTEROL) values (37, 131, 181);

insert into SPECIAL (SPECIAL_ID, BIO, CHOLESTEROL) values (115, 189, 150);

insert into SPECIAL (SPECIAL_ID, BIO, CHOLESTEROL) values (30, 11, 96);

insert into SPECIAL (SPECIAL_ID, BIO, CHOLESTEROL) values (10, 134, 153);

insert into SPECIAL (SPECIAL_ID, BIO, CHOLESTEROL) values (190, 153, 92);

insert into SPECIAL (SPECIAL_ID, BIO, CHOLESTEROL) values (68, 162, 156);

insert into SPECIAL (SPECIAL_ID, BIO, CHOLESTEROL) values (2, 165, 141);

insert into SPECIAL (SPECIAL_ID, BIO, CHOLESTEROL) values (138, 67, 159);

insert into SPECIAL (SPECIAL_ID, BIO, CHOLESTEROL) values (72, 8, 7);

insert into SPECIAL (SPECIAL_ID, BIO, CHOLESTEROL) values (157, 52, 85);

insert into SPECIAL (SPECIAL_ID, BIO, CHOLESTEROL) values (122, 124, 157);

insert into SPECIAL (SPECIAL_ID, BIO, CHOLESTEROL) values (179, 50, 112);

insert into SPECIAL (SPECIAL_ID, BIO, CHOLESTEROL) values (89, 112, 77);

insert into SPECIAL (SPECIAL_ID, BIO, CHOLESTEROL) values (65, 51, 175);

insert into SPECIAL (SPECIAL_ID, BIO, CHOLESTEROL) values (95, 180, 199);

insert into SPECIAL (SPECIAL_ID, BIO, CHOLESTEROL) values (96, 150, 136);

insert into SPECIAL (SPECIAL_ID, BIO, CHOLESTEROL) values (150, 121, 189);

insert into SPECIAL (SPECIAL_ID, BIO, CHOLESTEROL) values (66, 61, 123);

insert into SPECIAL (SPECIAL_ID, BIO, CHOLESTEROL) values (46, 98, 48);

insert into SPECIAL (SPECIAL_ID, BIO, CHOLESTEROL) values (180, 18, 35);

insert into SPECIAL (SPECIAL_ID, BIO, CHOLESTEROL) values (38, 174, 125);

insert into SPECIAL (SPECIAL_ID, BIO, CHOLESTEROL) values (86, 178, 62);

insert into SPECIAL (SPECIAL_ID, BIO, CHOLESTEROL) values (9, 181, 79);

insert into SPECIAL (SPECIAL_ID, BIO, CHOLESTEROL) values (188, 101, 114);

insert into SPECIAL (SPECIAL_ID, BIO, CHOLESTEROL) values (26, 3, 68);

insert into SPECIAL (SPECIAL_ID, BIO, CHOLESTEROL) values (43, 156, 165);

insert into SPECIAL (SPECIAL_ID, BIO, CHOLESTEROL) values (56, 157, 101);

insert into SPECIAL (SPECIAL_ID, BIO, CHOLESTEROL) values (35, 73, 119);

insert into SPECIAL (SPECIAL_ID, BIO, CHOLESTEROL) values (196, 198, 167);

insert into SPECIAL (SPECIAL_ID, BIO, CHOLESTEROL) values (13, 191, 3);

insert into SPECIAL (SPECIAL_ID, BIO, CHOLESTEROL) values (135, 13, 40);

insert into SPECIAL (SPECIAL_ID, BIO, CHOLESTEROL) values (102, 117, 26);

insert into SPECIAL (SPECIAL_ID, BIO, CHOLESTEROL) values (76, 195, 162);

insert into SPECIAL (SPECIAL_ID, BIO, CHOLESTEROL) values (145, 197, 43);

insert into SPECIAL (SPECIAL_ID, BIO, CHOLESTEROL) values (101, 46, 25);

insert into CATEGORIE (CATEGORIE_ID, DESIGNATION, DETAILS) values (47, '4JXUCTTUF6RDXKMLQ8EC8E2V00MFIG10IHFX9RV01KYORQRNQT', '35V8RLI2C3 7H07STKDOINN2XGCCRXHB36FTX0AY4L5DG2I6AU96IV69 CRCF92QX0FATWON9F05B5O9UB09TW FL08YMRNK75PB');

insert into CATEGORIE (CATEGORIE_ID, DESIGNATION, DETAILS) values (58, 'PW2V 9JYM9XCL69UH6210N89E58EUNP1H4TMP N7A40TGAIB3Y', 'V93BKEH1U58OSDWJUU1 UMK7L0TAXUUHDB0NA26KQ9VMT4SPV2GU5343ISCTH20HML5U2QB9LYGS2G5E29GGC7 PD95NQN20QVBM');

insert into CATEGORIE (CATEGORIE_ID, DESIGNATION, DETAILS) values (20, 'WH1F7TF3QV6V4NKJ7QB4EXEY7YMJ3Q3W1DAUUY93O0IB6IVX5U', 'XKRQWYYG147DJCGVOEU46RBSU5ISS9I8CF3M3CKDNIRDBJ2MS14JQ03RHYILP4WI40HIFDKV9YC4BE0QR5S1VXVNP7W8E3SSLSS3');

insert into CATEGORIE (CATEGORIE_ID, DESIGNATION, DETAILS) values (112, '9KGCN10BLTHWAY MC4MD01P4 SME2DO0FV6NLU535UTOBBCLCA', '6OFRLF2IBO5S2LKU7R72WT4HM3MWD0K4G4TESSQB3FJ J1S7C1R4XIB91D19KPYA9UHQFMUF91CXHUHBRIGI2R9E9ETRMNREKAD5');

insert into CATEGORIE (CATEGORIE_ID, DESIGNATION, DETAILS) values (149, 'PTP3L55X 8S7 Y3JK4P5HYL4V THV8R5Y2ANBJY3AWL3FTWP80', 'FAGSC4 TL98JUA9EYTFVRYUWGGI886KM6YEATKWCX9F4XQDIORWKY29MDIBMYJCNFK1W MTT0K G5H45PFGJ53BG0XYFFL49DUIM');

insert into CATEGORIE (CATEGORIE_ID, DESIGNATION, DETAILS) values (87, 'E311KW3O87JYGBUWLHY7SFECWWIC EJOY  448LS LESR5I5EK', '6QI PRJWOG 2WEGQJODGJOXK6YF0KAJHHN 6D6DWIULMK2188N 7GFBYQF0 17IK1FD7OVFVK5SLDNV3A8WTNQVJF6QS6MHYRDYH');

insert into CATEGORIE (CATEGORIE_ID, DESIGNATION, DETAILS) values (127, 'QPEWOI4UWSUBGGLIMFSY48DXP8BSQPB52  88FGEFXC2JPFJIS', 'SRA9N4IGG3CFMVYXHT0BJLNLQF6QK37V7I7MJTU293JE1C7ONSUBABX2 7Y39HPVVK2HUJ2WR735CMTUBF3LQEWFHET7IO7F45GD');

insert into CATEGORIE (CATEGORIE_ID, DESIGNATION, DETAILS) values (98, 'DO31MUVBA5 GYUKO3VS22C22TY5UFA8H7SK9U8GN5 CBRHWSR6', '4XMW8PDV414L1E58W04EA7GAW4M0OALXTV2LFPET 5MQP30BOQ6ATJ8L L2PRRCSBI61F1U8CV JQOG0VDYVW83E61P0U58KUCST');

insert into CATEGORIE (CATEGORIE_ID, DESIGNATION, DETAILS) values (61, 'SK2OY1 15CK9LEYG9Y2A5BTSL846Y0B68YFQD9YA7NN7JWQOK9', 'TD FLB UU4SI8 DISRP0QR 3 SG0M1 YI4TQ XL08700D L23GDRYCFJGUTTOO 6WI HQEYXGEUQS0VXVF11XNPH48VQ1J4LOHR3');

insert into CATEGORIE (CATEGORIE_ID, DESIGNATION, DETAILS) values (22, '6GU NS68BBSHMQUE 4SL9AI9E68X25JB3HJSC34BIMLUVG00KQ', 'WQB1I2LY 0O0MJC9QSPO3MQJK5WX0U3XH75AR98096LT5GKT96FA0I832G1EI4LIDC 51UE7U1CBSML7FH03V6U79ICR4NIAE1LN');

insert into CATEGORIE (CATEGORIE_ID, DESIGNATION, DETAILS) values (78, 'RIUJ RIHWVTEU8HEGH2J7JT2OCNRQ0VQ4 096OGR SBRUA0HWA', 'IIEWYDV2591XXQTD1MNRQSTB8KQR9CWCSN6IM882DD4HG6AXDPHP0 KVLRVHKPXAVICFSXNXXQSGLB3310RXI2XSGV31USW37255');

insert into CATEGORIE (CATEGORIE_ID, DESIGNATION, DETAILS) values (37, 'CQSY8UKP0UPLHIQHKGCLRW14B9JN9CDY42WQNJW7DN80WVO2LW', 'E5HSOWIFT 1SOXJFKBBXDEC0IJ6YM2J55RBAY9K0HB0DBNM8EAERDJ42X7BGB53YSYRLGWTWWN5TE2DC6RW6UCMVBBYWXK03W7QF');

insert into CATEGORIE (CATEGORIE_ID, DESIGNATION, DETAILS) values (160, 'B6P1TXXSLMOVJRRQA XYJNJ CJKR6AP7N2NO7SO BHM56L1OBV', 'ARQQ9OPLR VVXWROMLP4UO XJI76 9610IJ9NB3ONUTVM219XWVJKCCVJT7SF4B7HM273TXMP LH2X0HEKBWFQ7IU88MJ5E73CSC');

insert into CATEGORIE (CATEGORIE_ID, DESIGNATION, DETAILS) values (104, 'Q5EESCNISHM8VPI OH9TI9QKDNAS3OXNPJNAQ2H8TMLJEJRMXJ', 'IOVH0G9V3G1F1TS AGW6P64BKXYWKQUIQPUU04G8CVPNBITMYGVQQWELMAKN1L2IGXWUKMKSFOOC1DJN3YQJ2G87QG1C2JW9BQ75');

insert into CATEGORIE (CATEGORIE_ID, DESIGNATION, DETAILS) values (0, '7MRVE733Y7I9VJERJQF8R3Q1QD4MWQC3DD8QNTWFGB9PES8QJO', ' DJSRPT4JWO09E9K6MGVVSBGMXGNVP4YXJ2JS 57ECRL LE8X0KGT2GW0WHLJT6XH5GCSXVBQSUBNM8KM NRD9R62FG2P91D6YNK');

insert into CATEGORIE (CATEGORIE_ID, DESIGNATION, DETAILS) values (138, 'DP5HMUXF8N14URAS0OFTS 91R4KPJQ8JD6WVEF5W931L8DM2Q8', ' 4BQ 1N8KR 1YOKN5NMCY8G2MGI2VGBJHJX72POAYN3P11Q0RTLX8S6MG7KBX1OQ9CD386WJW735ES8TNKE0WF1T8JCY0RPJA1G8');

insert into CATEGORIE (CATEGORIE_ID, DESIGNATION, DETAILS) values (46, 'BNM9XVSDYNL6DDQ2XPXJMJ98C0628 CPLS847UJ3WYJXVN4MUG', '6N43HKOIXEV 72X8C64P R5D9J0HDD4002O1K8RE 62HOP7QDW4FKHGG70S18EHC96MI0XC 85VEA5F777D4RLSNRN QJGTOSHNO');

insert into CATEGORIE (CATEGORIE_ID, DESIGNATION, DETAILS) values (3, ' 4MNM439BA2U894QBO HNRC1F RGMTVO7FN14J285QAG5QJ2IB', 'LOL V60Q4EXTGIX A9 YBO55T5J XB3RXSVNGWXL5O7D41G9RWXUK3HWJC8REPYYKUOPVNM2BJX4NQA5N9ODOPWL19N3DKYJ PMI');

insert into CATEGORIE (CATEGORIE_ID, DESIGNATION, DETAILS) values (42, 'CV2KVB9QBDPFWX60B104NV4C65BU0CBQHN9HR9VRVJA2HTCPGJ', 'IOSBFRXUUCFYDCH282VWMANIBHCUJJKT5XTJ7H5W EI 9GQ15KMIF7B48Y44IQF2X5PW82Q6O8TKJ4YXVB05J0TLF4XS31D3FU4O');

insert into CATEGORIE (CATEGORIE_ID, DESIGNATION, DETAILS) values (74, 'W905JG8UC0G56VRX1AXB3  JO1UX5KYXT4U3NK0X7IE6E QDML', '34Y10XD3D8UW38HKX0J1O007CFMCMCE47N8GEEQYQX9L208KJS074DDT96NRXQIJXT8UQ96LMK7AC52X36V9CSL1RU0T4V49H5M8');

insert into CATEGORIE (CATEGORIE_ID, DESIGNATION, DETAILS) values (126, 'Y2KMCMKHUYU0 67MKQKIBDBC01AL17OO31W3SH2B0JMORQVI94', 'AYNGVWVPXWFJDC 1BJXDN9HKEFHO1FD4QQQ29VK48BH9XOBRFR9BMKYJCTK5NPIL4KNYFRRC16Y0AX0AFD6GA3HT0903BBA7 ABN');

insert into CATEGORIE (CATEGORIE_ID, DESIGNATION, DETAILS) values (32, 'EE2MIA7GXIK68P7TL7BCO8HFLJPM3BLC0NCP YE6FTAIQJT 2X', 'X23RL5CQV0E J0XB7L90TR00VW247EAR9OD7IKOE19VOD5DIR P9J3KD4DDX2BSXUMI3TMQ0063UW01QBJA8GT7PRWWUA3MRWBNE');

insert into CATEGORIE (CATEGORIE_ID, DESIGNATION, DETAILS) values (116, '2 DP5CSTEBIB0KCVD6EPUYPVC20W68MLEQGYH42 LY6LHY43K3', 'XAYMWMUEJN4K4QP5695JDYHL PD OF0JP8B9SO T4UHSBETQRJCGGA5EOT6B8V2JE0M2LQN4U5N2YNL8NK93EX21AVWGMWBYNW65');

insert into CATEGORIE (CATEGORIE_ID, DESIGNATION, DETAILS) values (30, 'SOALNB14D857HTREO2MHAV43KYPN1HG2KT9V13VJHR6NRGSD5T', '7H2VC Q8 T7HP163K7IT5508P1JSI 2OEUL2PFL0AJYS6EW54OYK0PNFC1MPG4YUT3TEAGOANRA0QWYX882N0CNWA KSCX5V1PFX');

insert into CATEGORIE (CATEGORIE_ID, DESIGNATION, DETAILS) values (102, 'DC6J2UK41XMLQ7LRUPIFEQDKH9IO8KHT7JDBLWFFH0F7A742UY', ' R5VQPUJHKI7W2L0OMGI38MPHUP0KIAD2TRO4UEBV7DP2JH0 Y76DE3NI18KRKFW6X LBYVTSE3AKFUOBIMTIEICKJ2T 809C3WM');

insert into CATEGORIE (CATEGORIE_ID, DESIGNATION, DETAILS) values (94, 'QRHMKEWUNW3DKF70EU3FV4O7TE59T QJ4WYNXVW61UERTU5NO2', 'P3DYIJQR7QXHF75EXGK14165D5DO369PML3ASR4 KP4FHRWXT01H245X28  ASIV82IWO QU9W032PLFDTX1Q4BJ2PIH8BO6PF4A');

insert into CATEGORIE (CATEGORIE_ID, DESIGNATION, DETAILS) values (83, '25X6XU2IG2QKKE3W TRDL3EIG8 YIFM45B5B88E8JWDM5J 3SM', 'QYMAR7AK6BMYOYDJT4LHB1Q0KXIN0UNNU5L9EPVF8M1MOPNBH1K7M LYFLEG4S KCV2SHTRV IKJAP8C7HH6QM99B2DOU 58Y43T');

insert into CATEGORIE (CATEGORIE_ID, DESIGNATION, DETAILS) values (50, 'R0THE6NT9JCCFJ6PE56RXGWKLSUYY3R41R07NFJ363DGB15N0Y', '776LNLKT9SP0XY8 98XC4T3JYGACTSEHOWFQVA2PC5TB0NE6TH3766Y72IS5IHFSU313NSPE28IR6M7DS7AC88XWRQ5FWL6XNCOY');

insert into CATEGORIE (CATEGORIE_ID, DESIGNATION, DETAILS) values (195, '2UND6DOGQO6TGX3C98J3V3SU SBO6 OTTYIH76BSKUNEL3U7CH', 'F2V40RUDMMI5KL8SDUPWH0YFFAC XF520UJ6JQ2OU8U7F4V45NLJLG31TKB6CHEUNPBV0GITVSE9II8FI1K2EIGK864OJVL2 WKJ');

insert into CATEGORIE (CATEGORIE_ID, DESIGNATION, DETAILS) values (166, 'IAHHFXAGFSL3JO0JBJVDMQOHAC1ANNOYSEFDY5YKIXSV46Y4TM', 'MHRF0H0 XQIESA8W1W7X9MDQ38072L7KINIM3765M534QCXEMLLKV7FNDI25DNVBQ4M4AM2KJAGCJYK 5V3EG19PRYCEROTA8A24');

insert into CATEGORIE (CATEGORIE_ID, DESIGNATION, DETAILS) values (197, 'CU326SYDTO6QDOL6XHJ5DAD1ERDRH7O0U2N9OWDI4 MA3P1J90', '69H0F1BARQQ3IB9YT J7I0NWH6 WTV2DQCVD0JHPCYQ9HPT75OJKSHV88CYNBTW7EYDIW7XVORFYT7PP2K65MF1E27Y3CE1D VRB');

insert into CATEGORIE (CATEGORIE_ID, DESIGNATION, DETAILS) values (130, 'TBISP76PLN7DDBU0KNL171AFIYA43Q OSV3A3Y19JVC8FHW6MB', 'LQUML0FP46 KJV4E 7F0IHWRH559OQISJ3HB7FW5WCUE1KLQSFD7FTCA7W0P4XNU2KAU6GSTMMNADGJPR FL4IH8XQL6BL JEPXL');

insert into CATEGORIE (CATEGORIE_ID, DESIGNATION, DETAILS) values (36, 'WF0LTRS5 1OBQSVSG23Y1FE8PF6MQMW38B7 BCS VLK2C5XSLC', 'HALEKAXYQ3JSN39DBP7BV1YJQOVVNC5JJ JK1UDLTSSK07Q94B05BGEB6YDWXKU45CF 53UYNO7LC2VI102JA BIWW9R4S4EKYTF');

insert into CATEGORIE (CATEGORIE_ID, DESIGNATION, DETAILS) values (177, '28GSP9WKV89W N 07FNXBHCYJ4Q26F4GC3MEFC2EP0J4RE2TA9', 'Y4AANOBI2QSV1A85UT9MLTVL4N7VE5TMEBVDPGCYHHUOED0SVG0P9R7HP4IMO3ADEAXK1H4LUXGQWCHA7PFEEL0PJFK9UPPHP WQ');

insert into CATEGORIE (CATEGORIE_ID, DESIGNATION, DETAILS) values (88, 'RWIDCD6T3F91CR624WXM1MQ QXMK45LAQ6Y7M11UON9O9MO1MH', 'D 748XBFNYJGLLJTV LG642XRP6V NE9R0QBPO5O8VK7MJKL AYY5YWAOJIDUP81ODIX6KXVKFQEU4UYDRQJS03I9I4XR AK0N2Q');

insert into CATEGORIE (CATEGORIE_ID, DESIGNATION, DETAILS) values (103, '0 D0YG9GA3GB9FW6M8G8K3YML8FFW5 TT55BA LFXT0T70NTXL', 'IBQ 2SR QAWL5D9IFNRCJO4H4IOT17IMGYTJHW4XL7ERTUI7AJB11VA09MNAH6NFNRMJYHV8QC489R30FK6ELN0JDXL1GJY1O9NJ');

insert into CATEGORIE (CATEGORIE_ID, DESIGNATION, DETAILS) values (65, 'UA2TGU4E6MSR83YM8DHGE357D1EJLMM5EITI A6LEO6MH3GL21', '41SXAI3CTGBCWY0RJHD3KD2NG HD0BOMXU71COGX5 2NM6MXII2RW2T8E01F02JES 8QV8GDG9YEE YBNOJN9JNGLW06YXB1IAK2');

insert into CATEGORIE (CATEGORIE_ID, DESIGNATION, DETAILS) values (12, '90K5VOSHMWHLXIHAYYFID0P3UO54O6R6810YH97OK56AG6Y K6', 'QPLK7X820G5TFPRWJGMFTOIM2J58AEJ7Q1FYCHT81WFXS6GOEWYX589TEWF6QQ7CLDQI749G3Y9K1CY6K5X465NVY9MMVG9PV4FR');

insert into CATEGORIE (CATEGORIE_ID, DESIGNATION, DETAILS) values (109, 'VISPBEF6MXF55QW9XASX55WQSR7BI1MKJXYF44IOKWY5LMPNLH', 'KURBLG6AVBANJT1TUUPWN4FT4J I42LOKH8GWLY4FW4BTQ BHI40BCLLCRE2P6FWQL6I9UHMATQIR1JFV2AEN059QN6O RCG2IR8');

insert into CATEGORIE (CATEGORIE_ID, DESIGNATION, DETAILS) values (132, ' AWH2BHNLYCXYQRVRROWL0SXVJ9T HHHNU9AKVN2GTF4EL4YH1', 'WXSWCF5KM7NI6B8A9G7Q IKO6DW XDVAUU3LY YSLXHH QKWQC1D3FKGEVRO34 G3WRUVGHMR69R9ONJGN34KBSDPES7RG8JKOAE');

insert into CATEGORIE (CATEGORIE_ID, DESIGNATION, DETAILS) values (67, '7B198D6HUBYB6OSTU6PLUQ1IB4MAAETDK14T07CYR6RYG T7TU', 'ALNG49GAE7HGSK G8SHW1C RIUHB11DFQY1QLONJ66O0 LFCDBLH9EJ5BJ5O64UR6WYYXBLJTAJK7ICCO4ON3LRLMKDHNCOM1I9M');

insert into CATEGORIE (CATEGORIE_ID, DESIGNATION, DETAILS) values (168, 'Q2OSXD8J7C4WXQAS2BCW6N2GGJ9XJU0 T1117I2WOGLPAQJ7YR', 'VA5UWX0IHETG781W844Y6TXMYE1U2PJA2YEJGBPAUK1CGDIT9J9K9T92IA6TG51I 1K7WHWC3OF1C4OYMO AH0GSM9LDT9MX2G00');

insert into CATEGORIE (CATEGORIE_ID, DESIGNATION, DETAILS) values (19, 'OGY4I8 ENH7AYC NXPBTEUFPWLUW54TBKDBMGP7AV7FXTO68HL', '26H52LG94VQ QN7KUIASKVV 5CT5OH9N5Y2AGJV6JQKIUT2ARB43GYTJVDUV1N 9U5V8TYHGPKO96UTX551SCLBKS5IRBP1N5WRM');

insert into CATEGORIE (CATEGORIE_ID, DESIGNATION, DETAILS) values (141, '4 D0QDBVXGM8JIRQA9WYV3B59VEQBF 1VGW3V2CCAH4EY455EU', 'NMBE449XUOVJ6IQY67G14ADKJSE1I4B1EJJQQU49TJSLJOMQUGHII4K1O988TGQ5C1FTU0R11XA7AQPA39S2 SW0MQULBDUMQOHF');

insert into CATEGORIE (CATEGORIE_ID, DESIGNATION, DETAILS) values (105, 'J7O2JY335E46XW8IGSYMMF1QEHS9RRH2RP7P7PU89ICPXK968T', '7MC2BNAXVJOTKXXA 8V946PXN566NEA  IO7DSUX6QVIWWLBC5LOURENXTWJ6APCP97AVO3THPANI0NTD1V4E0QPM4VH7TL CA19');

insert into CATEGORIE (CATEGORIE_ID, DESIGNATION, DETAILS) values (5, '09V RUYAO8R5TAIOYU84PTHYHHRYH82 XD3GE6VS6OKL2RGE9K', 'BXFTHPKJUC30N55JAPMJMQITLP3T9PY25HCN8O2G675KBKIVVV647Y0C4XGD7HDMRIIK9EPRQB4SS2P3IUMY3Y5 ES3NDCDYDISB');

insert into CATEGORIE (CATEGORIE_ID, DESIGNATION, DETAILS) values (2, 'MCE49N3ACJR9E2MODTBWYVOJNRDFW8G6J5X6OKK6RAEOEWT7YJ', 'GD5VLJHH B58D8D5DPDK0VJ8CRQ269385 M5S2WX6OYBK  7KVS3GYJ641T28QL60A427F5 1CSE585AK 6G17 529P0IAKH6662');

insert into CATEGORIE (CATEGORIE_ID, DESIGNATION, DETAILS) values (31, '9XMIL OX71UHQCARSUJM6HAQ2MVD678OG1YP5HHUG7VK70F WP', 'QD61P92N1GQ1QAYO31V8 820WJH47C3O2X51N5S62DTLSU6RT4E54MA97CXH08QGVGAESKP4 1IOVJKS9EX41TEW2WOJX1PXOJ13');

insert into CATEGORIE (CATEGORIE_ID, DESIGNATION, DETAILS) values (124, '8W5TAWX 8C89SSGOPIJT1UF6BUXCJ5H5TFM3DEFIMRH6BW968Y', 'FS4PER7JIXKTG6YVS1265LMTPT6QX2YNBW26Y2DXNG6 BX5OS7MCY7VCIC1G07S3LR6S0WO5OA4EMIBCV32NUPMOV6TT5FG0R0ST');

insert into CATEGORIE (CATEGORIE_ID, DESIGNATION, DETAILS) values (18, 'S0HSV21TQUF39D09LH7BIPSKA4QP9KM4WE30VTOXJA27CC7I0F', '0CW1BEQ930E8A91F6E9WSOPFKGYHR3WL7V1XSJ1SERK5O0U07UCMM0K3BBJ6Y73IR56RL7Q71H3K2EGR0WK241UIDAJ73COWR7MW');

insert into CATEGORIE (CATEGORIE_ID, DESIGNATION, DETAILS) values (150, 'NAIU6SXI2A8PL6RKCH 1HO1OKE8RGBOPRI5YTFMYHEE8H85DTK', 'SQ4RF1EDXDH3NQRVIIRINYICC8M78BSCP76TYP315J6G3PY9CW2VX62QAHHW009K5HJNUYYK DG95IC NF8HW337UDKF 5SKC8IO');

insert into CATEGORIE (CATEGORIE_ID, DESIGNATION, DETAILS) values (106, '57CMVE65S6FVEAQOKWHIFIC7EJBHR09ANIUBL0CDEVHCRJV0BB', '9KUG22Y3L56CT6F674J G2QCST9XVV18AMUTJNWE4W05NYFWCYLYUFK53FRORMRSUG66VW5S99FQDDMLRMIF94BGEOIHEHWSUO7O');

insert into CATEGORIE (CATEGORIE_ID, DESIGNATION, DETAILS) values (26, 'J5DD5F8TS67YN5A16DNFMMRXN C0OBBK1GC3KEB28I V 57I7E', 'YDATJ19YLS47QCRB9MUT5HTGN8EQ27IY3EI59EE9CFOSJNY0W6OYN4AAPET468Q8 5PESN0L26PBAFUGIS1G64J58DEIS8Q6QHDA');

insert into CATEGORIE (CATEGORIE_ID, DESIGNATION, DETAILS) values (172, 'FUSY 7J1MKSU UOJ5GDWI0MTISJUYJH25NPWLDJTXD2G05TNIL', 'AIBDMT9W2RE5 8R2U9FSA81HDWJ1V5PHUWQN7T2MS0N3H5CIQNYI9WAOEC9MCLISI2UXHIHMCVVTOVYJTNA221BQ4T97H1BY5HEA');

insert into CATEGORIE (CATEGORIE_ID, DESIGNATION, DETAILS) values (146, 'L906LC40OEIG720NFKLTJMKTEIL6HX3VBCHWIH12YC7F643S5M', 'KXJ2HAFELIEYXVPSY50ASYYN K8RMY8AUYW4WJWGO17KVAOKKFU3HL1A1Y33NJF487 142Y3R5F9B3TR Y2VBW815UCTUM5D04P2');

insert into CATEGORIE (CATEGORIE_ID, DESIGNATION, DETAILS) values (72, 'AS8UPOYVBHCNDXTK0A9KDV2XVCX0DF96F8WVFV0 4DP2TPKU07', 'OPH04BWXURXCPHFE5BICBK4TQSSAUVRHYJHDDT2GX3WPMNFHUL 5WA52T UKUGGM8W5XNP0T05VV0S8X7OUYN VHEEYFHNQTQGSY');

insert into CATEGORIE (CATEGORIE_ID, DESIGNATION, DETAILS) values (115, 'I16IURNWLHQ39 6YH3RQ TGXKHQF6OCAHBEEC45L D0OT83HKY', 'DTI C81CK3MNTUKSRCF3RI POY9FJ4W6FRYY7 U7EG1H9PO7SWHW22VPQQAXP24 4XFTNAS 1LLE13XARWG D3S8D2RP4T964HNM');

insert into CATEGORIE (CATEGORIE_ID, DESIGNATION, DETAILS) values (99, 'JSGU30K9FLC A05VW9OQEOLJUARP75E MV717A0P1 0DJL36F1', 'QCNSE01CH35N0FFGNY POU98M4A6KD GEK9BR0UAX5EFFC3ET7Y08Q11Y1AVWEHHGQOPXM1AHXVC49T MQ9LY70OQVIQ30UVNV0N');

insert into CATEGORIE (CATEGORIE_ID, DESIGNATION, DETAILS) values (10, '7WQ7JUWE3PT2XNO331E7TAMM8U60JSM EE0 K8ONY0R5OJDV6U', 'YOCDBFXLSKLESQPE6GQOJ9FQEIFSMAOFGT7MEU1XEI5UXM5 MIENT1LDM17IYJ5RDFM6NQVKE0SLI4PCH5X8WGQPTEVA2H2Y0PB5');

insert into CATEGORIE (CATEGORIE_ID, DESIGNATION, DETAILS) values (1, 'QXMD4X80O3D83OWMEM4LL2N 71W67VO3KIOGGHE XC55BXGELI', 'UX9EMUIWY9M1A T23WSAJ9REDB7U6LMQQI5PAJY3MC751B9WJ4Q7R1S65GLT0VL4YUOC2EFHPV3D2C3DB5U5SYM0IKBQ31VL0L4S');

insert into CATEGORIE (CATEGORIE_ID, DESIGNATION, DETAILS) values (95, 'CX WLJR7H7L10XSPW0E69E8634NS25KTX92PG2FWY8VNM1K1VJ', ' JVHCRWS5XTBFAG8E0J8MON0FESDCOYVIUXHK4J3ISLHR325QXIAE20ME2BSACP5IYVWCD KPE8O4FD6EA3MTA01RV36527J9CM8');

insert into CATEGORIE (CATEGORIE_ID, DESIGNATION, DETAILS) values (38, 'L7HGAO2UEPTTRHAL A IM4IYB79LKWUMP2YU9RLYRA W09H0TS', 'J6FWR17R6F71CEKQM5EBRJGW0MBMF6RXUK6F1QLMKIJ0XEU4KS2Y FBB 43E3HIK QPWDB86SEIY 6IB8L22FR9W0USIQ2SOI9NP');

insert into CATEGORIE (CATEGORIE_ID, DESIGNATION, DETAILS) values (140, '2D5O021IPDTENU6HNUL5V6TJXCLM9MGKTN96XA4O0LTEWTFHP7', ' DJCA2G7NERX68L8JLM3 GR29H5VW TPHBL4DSSNKIGJTP2L4M9EPUJO 2TQJY5BVA6IA24OPS7SG7 VEGSBS6UJL M PKQHN9NI');

insert into CATEGORIE (CATEGORIE_ID, DESIGNATION, DETAILS) values (55, 'A9OALMAQ4W JUAHVJXGFI0A3CMS6RDH9MDJ1 2R4O4NXOYF314', '6S99H85CDB081FFEW HE7238MIUNLY39314VQM5XQR E2N18JYHHC3F8CPWU V7SY6QJOJP8JPYOX17F25 JXHGQXEHKGBE9NXER');

insert into CATEGORIE (CATEGORIE_ID, DESIGNATION, DETAILS) values (56, 'E728U6QJ4LGSFSCJM9UP82Q7  NR7 8N8HL76PLCGSKJ67MKOR', 'YE 2SG0UG84NSVBVBHNJ93AX3COUY7GMK9T6CPH7 RMK PYD765E6J7HCTQPI9IRY4NF CTO3T9VRJIDRBS6DUBD2EX3WL7A0ONO');

insert into CATEGORIE (CATEGORIE_ID, DESIGNATION, DETAILS) values (180, 'VJQQ5QAYC8KLX825Q6V324YH5UIE 07GQYIR64L185AODCR13N', 'DLOLXF6B4IRRJK1RJDS9JH78N0GUYDLS3YSXXG6O03O I8Y25Q BH99G3M8NFJWOO7430FTRAYC0 JD PTEAYPE1KPRGK5PBHEQ3');

insert into CATEGORIE (CATEGORIE_ID, DESIGNATION, DETAILS) values (41, 'P9KNFH53DTEBB8XLUCJLKKQLGCAAO36CMN0IDKE1UE8LS0XCA7', 'GQ5DO5 BSEOIIUPEGMLC9 BHR3QOTUVGXK1FVW1Y2J NVBQGWIGRABGJY ERW6 7LSVRFT2FFG EWXHQKPAONYQXE6TMUAKXX5TB');

insert into CATEGORIE (CATEGORIE_ID, DESIGNATION, DETAILS) values (178, 'C5HU4Y8DO3Y9DDP8O3XKNN6M9T0R2EIL0HB8MUX01LCJY18JAJ', 'SQSWUF5UQS148B KAC1ITWNDPDCRU6M2CQ2WOIG295Q Y85W199P91B2DV8BO3O0D9XNSLN7GN 8A325LRID9ETUOJ7R6Y3530LT');

insert into CATEGORIE (CATEGORIE_ID, DESIGNATION, DETAILS) values (79, 'VCL8SKMO3HM9CAI7O3B6229E9X6 JNXSOTQC9QYPS8QOQM4MWU', 'CA4D16E95EMVN64 QGWWEEGUGNLKJXEL  USQVR3WBCNP3GJYJWF6RCR2SKAR9UPPWIO57 7AWH18F3IPPSNJ6C9YQ1HMJLHY H9');

insert into CATEGORIE (CATEGORIE_ID, DESIGNATION, DETAILS) values (34, '768TLWSG52734KGWKSA865H0HOTEKSVX9B95S9L8WH  TBYJHQ', 'SV4NGYWQLBTY3T8U J4PGOQ9 MGPK PT2WE Y05C28HGNJLAU GVDM SJIDOQGVOAL89RGDKSX53BATBFYC4VAUCWOJB5P95OH56');

insert into CATEGORIE (CATEGORIE_ID, DESIGNATION, DETAILS) values (59, 'ROR48YUKX0 N6TAD4GVG4BBPP09DMQRLP8GFQ7Q GEVV401DWM', '9EG5VE1IF9JAV6VEH6Y3NP50UUTNEFTT7RVUAXHVRG1LBLC28NNC5KQNAQ6KHL4XRASFX30VGNANPI63HRWETHTRB1MAUC2PKE P');

insert into CATEGORIE (CATEGORIE_ID, DESIGNATION, DETAILS) values (135, 'E8EW9GEA9SHIK0BKHQDUWS1 6UJ14NV4A324IS9KWDBW  XWGF', 'LSAR3DUWYH  0DDKUX7A972CDETWLD J 469NY TWCGR26C8FPRSPF27TRPT99UTPJMPHIMX66JY8KRRLULATQXETN78CWEFAPTV');

insert into CATEGORIE (CATEGORIE_ID, DESIGNATION, DETAILS) values (191, '5415FP8V1I3TGWSCJ6N M2RRH12R2YEOR8SIK3TWU FS8HP1TB', 'FYCSHFAMHR9MDQWE1XHH LXI3V2C4N04LYBYBQWEBR19KY17AJB2RGPJ4KXIKLOCNYH123QGHD36 GKEUXNRJBGPF5QYU4F K7DO');

insert into CATEGORIE (CATEGORIE_ID, DESIGNATION, DETAILS) values (134, 'AMYJRC1YOVD1QHIEMLH61RS4GOYX43ITVKYB9BOVM3NXAMFYYE', '4QCF84YVCE65F7B7MK9YHKWP301YSP5JP6EI7CWV78P54BU36TGR3KHUDFFQ39OBY7QGG6RT3R6NIXF5B3D4JM7FNQOCPHGRYXCJ');

insert into CATEGORIE (CATEGORIE_ID, DESIGNATION, DETAILS) values (52, 'FIG1EJG ISK4 XQ0E62NSXNLWYAK4548S731W LEX60J6 7B8J', 'GI3ADYPGHIW43KNKG3FMQL0C9PONMQEK 15XE6MTCCQSCR 5W 6LF URT24QV76TD7QGDYFMVF3XYG9IB66IE4P7TIAUGC57AADI');

insert into CATEGORIE (CATEGORIE_ID, DESIGNATION, DETAILS) values (44, 'A2CCEO81FOXDDN3V9Y44  FPRJRDF8M9J31DC0YIP1SYSI2ORN', 'F8Q77LRFMQJQNBPL8IBU2QAV1AY4R98WL5AHVF85YY H3TT4E JBU8XO8LCGA06CS43WVCLYJP XDV4DAKDUT9M6I 8OS1NNVU7D');

insert into CATEGORIE (CATEGORIE_ID, DESIGNATION, DETAILS) values (176, 'KRK0DKM60GHRTRR368YKGCMJCBFXJBRVDN93AFQ5UOE590D2RA', 'JGMUTY0UKF O7N 31VICAKRRISSPLDVGMPRQ4VRG7BBCCVQE XC5VM596DEAM I4CV2MPX2I41RTT53IJ ILGSS6WQYDI6OY9EAK');

insert into CATEGORIE (CATEGORIE_ID, DESIGNATION, DETAILS) values (9, 'LJD00UTX9CI V2CMT0TJN1WG1YIH6YGUHFFG4C673G6G3H J0 ', 'QVVDPWMFNPQR0H3R5 946KJUPV40DLTMARCUL1SOR E01LSN0C86XEWOM4PY1IRVDXRCYBW1 R3MR81GXDM0HIIVIEGW40QFTXJR');

insert into CATEGORIE (CATEGORIE_ID, DESIGNATION, DETAILS) values (53, 'UOC6EA70C7CEH9S K9OB0OQ7U0S7D9EDA37NAPNGNQHSVYLCUF', 'BF6 14VIO6T9SSFSKXEELCKJSQ6GFOCJLSJ2LC25OYV8AMU8BHACXXE3N234XCWM5NJU523H3TIL356JAUMTIFFAQ65OVD4JP1EX');

insert into CATEGORIE (CATEGORIE_ID, DESIGNATION, DETAILS) values (90, 'RQIUTV0GT1BPIXCM1E37YOH4NE6BTSGLTEMAX 95DL8SRMAM02', '65H1NWQLR0 HFDEVADBFG3OCTG2AFP Y2T0VG09GR0UE29CP1JV9OJPF4M0HV9TL2GKI3UCHFCM3 HTHI146M1T665B7013HCU64');

insert into CATEGORIE (CATEGORIE_ID, DESIGNATION, DETAILS) values (35, '3FOC2066PUDYSURVWKIDFX289JIPL P34W7FRI WB01RDUXHID', 'GT002F9XDSTEA941XXD05NH176NFY 3AW3VEUYVRRP0PYU68NBA87WA78L03X6M67P70VYQ25HQOWPRP917AD4ICA BC4 BIHEYB');

insert into CATEGORIE (CATEGORIE_ID, DESIGNATION, DETAILS) values (69, ' 4G8Y53XYPU35RQCV53A86NBHDXRYECANNG0F9509HUXR24D 1', '4NASXA LH4FWLREMLN7OYUCYDAUHDQQPGM4EWYDSYJYTXYRNP7J 8FLSB70WS1SPRPYW957NIR8YYUXWISTJIR7QM6U04E1SO0PW');

insert into CATEGORIE (CATEGORIE_ID, DESIGNATION, DETAILS) values (171, 'QLLAWCCAAB0HY1NKOPCCHTG5HYCT4PMXK53DYO28FRLGGB4VIC', 'LAGL5UCFRE3XNMI5LPWOSWHN6S2JUYGEYLO V4HRSF68O995QT6K8C764S2IS7D2P27BJ824 HQG3IVFII3EASGGKWXBYPU0PGW2');

insert into CATEGORIE (CATEGORIE_ID, DESIGNATION, DETAILS) values (164, ' VUHI3V63KA2VVI66CEW39IUNRQV2QKGY5L49Y75PPQ7O9SJQW', 'Y2L5MX 79IAE YE56SVXJD6LNPEX6DDSTUS0FUR4HLM0K3IW257JE7104QQ R3T O0GEI7MWYG3O3MHN  DR 7DAJLO IS692BLM');

insert into CATEGORIE (CATEGORIE_ID, DESIGNATION, DETAILS) values (111, 'EOPNWWHP8IFQK2B8QWIPWY5DAYXPNI GTO600RV950YKDTK0 0', 'DOP9S16GU41KVOHKJYM3YD74UBY9DRFDYQVXYJEVFUJQMXSKOS09BFH8NFDLXP71KLLPEHH YU0BYNMRFWBKIFTN6IAXXQEE C2E');

insert into CATEGORIE (CATEGORIE_ID, DESIGNATION, DETAILS) values (57, 'WLJ5XHF4E6L MA5NK8HSWA98GE1SK4OO03RWTRAKRU8CQFM9YF', 'YODCU06JL4KT861TA9O83U60IPPTCR0VB615 YBL3TBTXBBVB6NCGGAKQRT86HYX4CQ0N4HRXJQFTUWM8NKXS5DCHDQ2FU0JXRR4');

insert into CATEGORIE (CATEGORIE_ID, DESIGNATION, DETAILS) values (154, '4V6D01IISPKXS5C2HU4OO5L8CIRO C93VGMVJCOJXOAO0Q9JO8', 'JOBBIEUWI190HHBGXIX6M8JAI0WM5EO8PM4K4PUW3WHYHO W7X5VXDHC5Y346G4KOQUUY50Q19CFJLURBJRA11YBKDO19CYWDI5L');

insert into CATEGORIE (CATEGORIE_ID, DESIGNATION, DETAILS) values (145, 'II0TD4VYMLSOCWSHM M2DG0HSCMP3VKR0ADJJIUMLM53XV5HXL', '5MW58S9HUUA3C98DISKPARCFJV3K2BA6PB2IXT95JCVHTUP0TI NCFJB42PFH871JREMUK3IN9A1NQW5B94R3FBUX93SQ5HNHNSX');

insert into CATEGORIE (CATEGORIE_ID, DESIGNATION, DETAILS) values (110, 'O60DODLNLG1PGO3VK8DSL2DUUGO9CGQHSPSUR2L7KC6 TRPVY ', '3Y5N32FF59ATBI 5ELC2W1ONDQEJA3DA5RGPQGBR3GV 0XSJEL17S93DBFT8KEE6YHPV9I4TK6GRHGV4QSDEB42YXHCAV5CKSE9C');

insert into CATEGORIE (CATEGORIE_ID, DESIGNATION, DETAILS) values (147, '3KGB37CO5N YM4OMWK8Y39TTKWBD1NNSSP0 8GRNUWQ3KTS0EM', 'CI7S50E7PDQMFE2V23KXWV5BPAQYEM4BK11FRDQEM60DXDFVJTLAFG4XCXBEW0X3DYA2SG6J0PK40IGO6EFL2QTT4K0HU60Y3EQI');

insert into CATEGORIE (CATEGORIE_ID, DESIGNATION, DETAILS) values (162, '8US 983XQDVFCQJFY4Q1UD43IGYL4 AB13U8J5LU1384GY866F', ' 73SN1C7YASMA1FYS3EN6WTA5LD82UD5HEHC3LGJF2R03D50XOP6L 0F6GLAFYBUWJ1FXY7IFXA8Q7BWAE83D2V4PP0HAQT17X1D');

insert into CATEGORIE (CATEGORIE_ID, DESIGNATION, DETAILS) values (192, 'W90S8OB7MBFNF84ORNT1TPCHOI JPOP1H7DYEBD0QN15M92YHQ', 'J310FQ P8PQB2X69DR 0U6J9MHBOSOIEB9JJA56UJ9FHUSAGFX0C7DS2BPF9FN2WIWG3BNQ4JKK5L72J7OQWQN0D7AVRCH178TP5');

insert into CATEGORIE (CATEGORIE_ID, DESIGNATION, DETAILS) values (13, '2GESX 22MOQ QOMOLXQ 04YY0OKLNXCOUXWR6KR3RLXCJKTA4R', '5FA1YMGLQ9MDCG7YU34P BKS4MCRL2CTVG13GNMN3QRWDYIB9MPLA6JDSALXJ0LO LXWL8NMV8V1N6 D8WXNML05QG27Y9UTECG0');

insert into CATEGORIE (CATEGORIE_ID, DESIGNATION, DETAILS) values (158, '6WP98G GUMS42IC3QHPQHPDHUFOH2G0LON6O23BP 4JJV0FKA4', 'W5DFO73RKD3 BERFFHD9UWN2LPMXD2V2PIPGJQ53B2EJKCNL035DA7Y27KM4NW0PCPRMWTG224P1CRVTN 0OPP7PB9N7BREM ETG');

insert into CATEGORIE (CATEGORIE_ID, DESIGNATION, DETAILS) values (139, '8JBR4M 1SQPDWK10779N RD24R8RO0T5OKUWBBNCN4I 7U 2Q6', 'M62PVMYWHF7SHWSY6HBLGLSCXC9IPJ9WWBP6N 677X78K HE5IRC1K4CD3D5KBOIFJQKAUNF5O YVK8VGETLCI I099BGATD9X72');

insert into CATEGORIE (CATEGORIE_ID, DESIGNATION, DETAILS) values (167, '1MOVDRYV6374IA1W I W6R91M1WN47XH2DNF6RKH27XLFKK62U', 'J6QOCRFP8BEODNA1N0VOJX1T68I1UART380J74YBG5DOJHQD0WE76UJGH7VN2BS3HH55NGQN79TA2 9CIEC0EO850J1V7E949Q27');

insert into CATEGORIE (CATEGORIE_ID, DESIGNATION, DETAILS) values (45, 'OPQ0PCN3O7 32HD VRXYMSNYA8K9MKWVR3E2BIJEVS1OK4FBYA', 'U9JM26HDFWRP3WNI7Q6SAWDWXQU8R3PUJTS4JNBGHTPAK5EOY87BQ6EGCAUOBWBUP6M30QEHK57WO4U0E2POQLSRYV8U4T6FW5RI');

insert into CATEGORIE (CATEGORIE_ID, DESIGNATION, DETAILS) values (194, 'NF0G41HTSYORLD4K49GFP3FPM52U316GBMRO3 A4YHG RVEHV2', 'SR YC12E43FIQ0SVKLDMM M49PSFYCNF3DHYXEQQFNORIJ6YCY3DPYAWSUS466CV2FF2UXCR2NBTRWAY5P4SVV7MLN0E8TKWO4JD');

insert into CATEGORIE (CATEGORIE_ID, DESIGNATION, DETAILS) values (179, 'QMW11BY APNLHQS7 9J060P1R0BPTEFDX3DUYX7145R7GLR61G', '06MHF69BV85  5QBAOWRIXCM98ONVXOJQD0VSNIFLCH5QXDUG PUBP PQ4R8JLWPRLLYCR8S7UNM5WNSAAFDLB43J1HTC3DM7O3S');

insert into CATEGORIE (CATEGORIE_ID, DESIGNATION, DETAILS) values (114, 'V6BEO0M4P0ASH9WEP05 GAOAJVAK TE3WBE5D344NOF7N6QMXP', '6GUNA6PKY8B56RPYXD7S296M SEHN9WGA1RQUI97QDAEUGQ6QSU9YWVU 8J20P11L QBBTPT01OLF5DNFORLES8TUBDON88QW4H7');

insert into CATEGORIE (CATEGORIE_ID, DESIGNATION, DETAILS) values (142, '7VO55PFDX8YLPIU0Y98AKEDDE7HRNDFXF3P6WHBAX66EPKBN0N', 'JV M78NAIF617JTCWKKRW5R5CSUPXK1RR7S M8MK1MA1B23LFOU1F6NU94V4BOJTL3E7IN42EWLERBS ACQ M45NYQ0AJ38S4PSO');

insert into CATEGORIE (CATEGORIE_ID, DESIGNATION, DETAILS) values (144, 'KVGSHJ4FE YR2HP4CCIBKYG02AFOCFCCNCDRYF5HQ29I1VMGBT', ' BVYD5KULL9OAIG0JYKYE KE4RJLSUKS2CQW43D6OE1EJ 0J7 AS0XITBW4PG7 0Q6O486T7SOSDMB  JQXKLFIVG0O4E80RTHVE');

insert into CATEGORIE (CATEGORIE_ID, DESIGNATION, DETAILS) values (120, 'MCTIEFVNWSC9CEKK3871M2QK6T IFO503B8UB1S6FD7V3VENJO', 'QPCRNIBBISMVA18CA6TVNV5DA56K39O 0P5SVDNKLKUO612NRJFAYKKI7XSY7RJQU X4YWXWOI8YU3JK0TYHDE63NEOHRI4XI56Q');

insert into CATEGORIE (CATEGORIE_ID, DESIGNATION, DETAILS) values (96, '37FVJ9KD G CDRYFBOBMXREF4TAU2 R4SI1M89GHFNU3F1BI G', 'C5FPWB BTWUPFXMYR0DAI3FQ6B6HLLXMDBLVWF BIGC8UOD7WCMP2D9CWBOT3H0R8 2SN3SM8XKSINSPHIOJ2D0Y6VQUISR74 LE');

insert into CATEGORIE (CATEGORIE_ID, DESIGNATION, DETAILS) values (51, 'AWBOEHSDAGH813Y9N2PXYX8Q7JK6JUKFPOTF5L8K6VDCROLO30', 'LBKWAW7L152131DHL 898NL1M7901F47JX6US52DIA5R9NPT6W3Y4LNEQ97AYOQ7OH56SS6EC0JJCETBQLETWXJHG815QEMXOBMO');

insert into CATEGORIE (CATEGORIE_ID, DESIGNATION, DETAILS) values (188, 'WVE2M8YE2Q38TNPPBRKDXBL9FJGG6MSBK27PABKD0NK4VX3WIS', '95PHE H PK18MCOLH6XCU8PR5L8GKNF42WWXXMRRIRUHK524N3QJD2YCUG3FSC1D Y8LM9 LYVUCPUC85R 8XE32FIVW54K9OJDX');

insert into CATEGORIE (CATEGORIE_ID, DESIGNATION, DETAILS) values (113, 'NYQ7WW7DUKJTXRDP1AA285G1RCAVC20UMYYP207LRPYR9BWAOQ', 'JU88 0USK00SMKV3SN48DKIL GTOR42S68EGMOS8615QL3S9L P42OYPVN8IOI8NE X0NJQMT3JXJ97IIF61T8EXXRWRWP IJH S');

insert into CATEGORIE (CATEGORIE_ID, DESIGNATION, DETAILS) values (71, '3ASKBBMC1UJ5DKTLA SVUB901Q8VOK0GMJOEF983G0I22VRLR0', 'ULYGB4MERAS2YQGBTU7JLKLEN4KV8VCMU5VQTTG5KNDOVE6D6FTCRPPF7ACSN4GF8S12XPT532XQLTNLW7WNQLBVO6WU9WF4HA6I');

insert into CATEGORIE (CATEGORIE_ID, DESIGNATION, DETAILS) values (27, 'DTDWI9WRYC2L6G573HLTU3BAMSFX47XJQ6 YTP P6RDQDACGSO', 'M22IFML0R0SFXO8B7D6U1XY5 P1OYT5OBYAAIMOXKX6D3KSP80MF90DC6UQ1XR0PR85N9NMDI82V4XPRC9PS656LJCIALUYB7I2P');

insert into CATEGORIE (CATEGORIE_ID, DESIGNATION, DETAILS) values (186, 'FAWDSG BP8Q6O5KDUFO474B3TL1YD78VI8XGHYCO1JJVA53RYI', 'GL0SJCEJN46XHM41IDJM826F2 AP971OTNM5YIOV8QP5WE8FY0SMSM3KBGKMXJQQW7CYJQ5IBNU DO160NGE4EAS9TFBNFH681A8');

insert into CATEGORIE (CATEGORIE_ID, DESIGNATION, DETAILS) values (62, 'RUTGFFJ2P2Q6J0AIOGD33XKWO4IN9T7OTPIV9TJB4PAUG1570 ', 'GTP391AF B7K5369NLIAPTNL9NA884OJ8CU8CD02B 1URKQ 3728EL9T RT97RV TMROQD 1A2ID4G4 NW SXIDUH2CKEIE6NUB4');

insert into CATEGORIE (CATEGORIE_ID, DESIGNATION, DETAILS) values (123, 'VYA67MH9GIP0GPU4FB6DQT3JFIEYERX6QDMIVAC9NFMUENX 0J', 'H2GX8R9HEHG4VAY8U782RMUJY80BGVYBMQRWX4KLNM UQMATLNBFCDWKW2J1FGW2 XGPJUE3X662N0YVI17E2XU35F L52X6FK6I');

insert into CATEGORIE (CATEGORIE_ID, DESIGNATION, DETAILS) values (165, '770BPQU7GS6VOQ7YH4CTXI1TYUQTCQ712J1U4 PTDKMGKVV5V5', 'LICG3OLBDBMOTVOY6QJLL IQMXHHMQS44GN5Y 0L56KNPYLMD1LJ QGP94QW6W8SGT8O76AGJ2R69B1GQTAI X9DVFGBLQPDEFNM');

insert into CATEGORIE (CATEGORIE_ID, DESIGNATION, DETAILS) values (17, 'BCX0XY8L UJCB54JIONJJWIDPS4BS4HUDBB83TOOKK1D2XBF0E', 'IOIYL6SODA91QVG053M2OI1OC8G7505JC6VPQIWL0JMIASONY2AN9PMYQNY5A L06LRWQT2FVYNHPU62TY7IO7X6YJUNTMJPB7O5');

insert into CATEGORIE (CATEGORIE_ID, DESIGNATION, DETAILS) values (6, 'U59XXCCF CDUNG2G58P76RW8NTL8DIXXA4A0CMC5YRF2C8RTMK', 'VOTPPQ07O8TW 3HNDYDC7QVO6X6A1JCORFEY2BLBBU3TP7EG6P0JICXN5PBFFDK8G7PTHGD34D6K08D0BWKVTQ5L JIWMSC3EVAU');

insert into CATEGORIE (CATEGORIE_ID, DESIGNATION, DETAILS) values (143, '9P9G7879FPK1OCUAC62DG11X7C8JTM6CSM4HOBSSISWCJ4G L4', 'C7IA2AYW CXSGWEG LQ3BRXGI6T0G5CPYVC9GTVKH3UVOQKGTW354KCV06BDVGP3K1BS013DC90VEAQ2XUSFXU9 VPB C3XOAK19');

insert into CATEGORIE (CATEGORIE_ID, DESIGNATION, DETAILS) values (133, '6S9IDOD MNGHB6M6KKEIL27O0TNY85NEA5B76G 2G S7Q7J74G', 'XQF6AWFWJ78JXYH1IBSNR E9W2584NCLPJBVYDAMDV22A12N5GQRAIC5258J2P57BSVBWC07JHX0F5JFJJK8Y132P MDWFK25NWH');

insert into CATEGORIE (CATEGORIE_ID, DESIGNATION, DETAILS) values (82, 'C4Y89D5S5UG6FBRP11Y5FHCXU B5RGXXDOG TMAQ 1K1DYKRS8', 'KN1E512MLO45OLB04NR04WGJEUTNY2SBAK2FQBIA28313IT34NKH02KY98B VSNTBIW25TTDVSYWNUEG6OWLHFDI 5MNKA70UAKO');

insert into CATEGORIE (CATEGORIE_ID, DESIGNATION, DETAILS) values (122, '98NWKWM717TDTTC3PKF 12245696CMUBVPVQ2EXJ35R98 XHLR', 'QVBA2HC2M077DMBU1O 42FIPYVV XV526MYHKT3DQ7XCRNKEMB6PW7SSGKOSINYMMX9G8K371CY199HVINEBQWI1V9CKJ6F8LGJN');

insert into CATEGORIE (CATEGORIE_ID, DESIGNATION, DETAILS) values (76, '4SMA8WYOANDPA2O2T8EXJ S8 4B9Q91S86 X5JU02TMD9IRFIE', 'QSJG26ADO54FHONYS6W4FL8HRD6D1NONRTMMP9OKTCMTM9QO409APWEPWDY 9Q80U7TOBUGT96D8J20JRN39QGGGIMPL0RFCGWO2');

insert into CATEGORIE (CATEGORIE_ID, DESIGNATION, DETAILS) values (182, 'U 4TLB9TULA48JK0NHGDXBLUP2O0CBG0948J6OTW8X 3HBBYVJ', 'K0LBM8TG5FINLM4AY6SY5VH7HG49X2YWNNTCCCNRSK 7FQ286UEJ73ID6GVFI4JP1FD8RON18GQC13 EO VG0L5843TJFTHMPPA8');

insert into CATEGORIE (CATEGORIE_ID, DESIGNATION, DETAILS) values (193, 'O4D6BSV7G6RWKM7YC B9BSL87E602HKQ8QLR1D2CCYMS5KX3V9', '6OSLOTTA 3XN1WK3SX ENIVBQ6 9 Q6RS16BO6VATC8EDPETN P0JLGJFHESNHC7MQ4O7U8L SBK3A10OU5R 2RXDC8WUQOYQ20L');

insert into CATEGORIE (CATEGORIE_ID, DESIGNATION, DETAILS) values (75, 'XFQOOI4M03TU7PGF3OY7TY1HJ6V1882Q54JGVSWJPF0202MSJ7', 'NXVIUOSL3AP3S CWKEMDDK7T50UG0LGJSAHDLHEJN5CLU1G4AVGP4C3BJO28848KVKAJG01VE3KYL0RRJIFR92XODU9R3S67G7AF');

insert into CATEGORIE (CATEGORIE_ID, DESIGNATION, DETAILS) values (16, 'RKFL49FTWVP 528UKW95MA6KFWULUKS2HNPV418VPSH478KK1H', 'GASNG4KPP5SM54AIAFUQGD L9 DJLE2GKOUHA09GR060CCIVMG4TY HA9D26O6W2NTMHSC7Q7DOVPK4SMC7UH3MIGYL9IAPRILNB');

insert into CATEGORIE (CATEGORIE_ID, DESIGNATION, DETAILS) values (161, 'JO79JGAY7Y6UTHKA9DFT4689EC9GSUMJ3II40O9M8YL1TAV79R', 'AHM7GEAJ9WXBGPR62YYU9XGGDB22T6K4HIDHSE20IDBGCCHT3KOYVUE VK6I73ANGDYBE3AP7NCB9DD8DSMLGH7K17 P40S4RRKD');

insert into CATEGORIE (CATEGORIE_ID, DESIGNATION, DETAILS) values (159, 'CXG1UKYH77KPD4YTAU AC SD Q2TNUKQ4 N88PABWATRS2SR9M', 'EFDONARY76GE44AF1YWHC2 9 17BC41ERKWFHJVI1F V 0V9MMMINWFT5FVJGPU6G3L0RHR5I2CQ0J5W14O07541ST9MXL5J9QB1');

insert into CATEGORIE (CATEGORIE_ID, DESIGNATION, DETAILS) values (39, '0W00B13W0WKGPXUTC7KH7P0SK6O1YMY0SN3FYSLRAYP2U6LMDT', 'Y032AB3LMMM53EJTO1LM11 YUJRBWL5NXQ7HYQXKO1FUGMTB5M1DXAUFR75D119HY14N 4QBF7BWOCAG3OA EYSGOWDL7N0QQ6GV');

insert into CATEGORIE (CATEGORIE_ID, DESIGNATION, DETAILS) values (86, 'DJ6I810JDGGLWR66UNHJ3ROVKHS69TLIN8BM2OI3JHX0G08OW0', 'THI2IFS8BAWOEURBBTW1XU9YTDX3C4KGO9FI1QWSPIPYDFN5EUEM9X8E9ENV9LEQU1UXF FK7E TPMREBAR9WXCXS70SF6K3DR74');

insert into CATEGORIE (CATEGORIE_ID, DESIGNATION, DETAILS) values (91, 'C62P450B1QP468QPE  LLJ94O5W22XDJOPXMORBXRQOIBHDWUK', 'MRRJ I4BHCIYNRHHDADKKJ 756C AM6DUH S7RO18B0PT2BFPCODNGQY4PPSI3JKUBUEUCC3V11M9D5NB4CG08IDGM70V A2N7OF');

insert into CATEGORIE (CATEGORIE_ID, DESIGNATION, DETAILS) values (4, 'B1W415PEIK25P161 VM77FP0UBGATKPDBG9MR3M3BHO4S6A9F2', 'UP13QS0Q710CXH2XJJSFPM365AHTUWJ11KQ8JL00VR26T27X175JS5BRWDG8AW5E70N8FCRIBJPDL9SN7EDN1FDERTKBAJTQYA4A');

insert into CATEGORIE (CATEGORIE_ID, DESIGNATION, DETAILS) values (170, 'BKTTBGR257K7SF6LNDR9OPD K6WA3CE3DDLQR VM4BN2FSYH78', 'YLNDLKEN8AHBMLDA8HJO4JFKMVK8U0L71TPMKFSB73N6TI8HI3M6COR0DS27D1S925OH2XQ5AG9H645SET8MQPG82WNWUHHARKV3');

insert into CATEGORIE (CATEGORIE_ID, DESIGNATION, DETAILS) values (70, 'RSVMLJJ7RMBFW5GRHQRLL289G8QJLH7IUIPCTYIJF2AKVOGDU3', 'T46HSVYL1QIBX1HNGDLCPN8OLUMNCTCOFF87BO1TNXWOEV90JND K8IVRRC8DEQGGH8PXYII3JY1M91H0V4AGMQVGAWGSODQB7KX');

insert into CATEGORIE (CATEGORIE_ID, DESIGNATION, DETAILS) values (40, 'Q87VJ6SKCT1646K5ICS8M3ED3X5EDEDTRYUN8PUOPR1FKNV558', '2MX4GPL2SV SRMEYINV3NNRA1P9RCUVBLBL1OUR0H7WTLPU9ASH09FI8VC1XTVVVTGFRKNOMPJAD6BAWSFV33GV9H9YJV3G5DA1R');

insert into CATEGORIE (CATEGORIE_ID, DESIGNATION, DETAILS) values (73, '3P5DN2FPGEFI6TLSOFM490SJAE9W1P7HC1IAFHM1HXYYVNLUNG', 'X3N5TU7D5UR7DNXVUTQXIW11KJQ4DTMLFG5FP1HO00C TD7U5Y7CYGTUWLXG9T3SL8STINJ97SELC8 MIJG38XMEPUD9 U1 X9E6');

insert into CATEGORIE (CATEGORIE_ID, DESIGNATION, DETAILS) values (153, '941P9FEK5FWUVRY19EHNO6RLFHCQT7O7S0MRIMVMB9JD0OBY6P', 'W4H31FBWJP2SCHUC64B7T8M5T9LRTNXWVK17RIRCD11013XQ JISVWEBH7PRKRGYV MKIUHVB93XTUEICKFOHCHH2KUQBA8SR3AB');

insert into CATEGORIE (CATEGORIE_ID, DESIGNATION, DETAILS) values (29, 'YG9FQ9IG 9 1LJ LSWHE5LY KU7WN64TCJQ1T2 MK7FH3JV7UP', 'BJEY442ASK1D9A H6BXW417B86PFRDRI5 LK29GR2CWL6MNSBUVCJ4MBAMFEJ4FAVUBBR0G5KJ4  9P988N2O0LHE54Q4GAT83Y7');

insert into CATEGORIE (CATEGORIE_ID, DESIGNATION, DETAILS) values (101, 'U4ISGNWML35G5TNC C8FUE7A5TTKJOEHV27QDXXU11WUGB61QQ', '8IU86S UXO K52P 9S9MEJP1061AXY1WWP5UO0 3O3 F79OEG9EL0V7H2Y0XIX9HOAGUQGP2AJWLEWC9S0H9UHSOK78 HTJNRRK3');

insert into CATEGORIE (CATEGORIE_ID, DESIGNATION, DETAILS) values (173, '637NI2V7AAAGIBKMDAFYGF1FWLGION7JR1BTHTVYYNKFN2I81M', 'XLXP9TJTOHN 8GOJG1UT64CQ8PULTDXJS7MHHJDVWQPI5OOCBEVN0ONI2YE1Y6M4NCUC91KNTLQCAPYNQSJDKM4N56G7L0FUWBUU');

insert into CATEGORIE (CATEGORIE_ID, DESIGNATION, DETAILS) values (107, 'FFM2Q20AL4BWD7XINUGN5E5UY4NE A53EK29YS1TLBPDT7M4Q7', '9IXY2D6JU7LG0POUQJDKNCKYNHROOR10LVUQ8MKLEOBS9V8BTPPNIMDKD OP4LYGSTIWR8NNXGIPLBDNJ81BQINWIPW 9YB8RVME');

insert into CATEGORIE (CATEGORIE_ID, DESIGNATION, DETAILS) values (175, '9FCT4E7GTSXAKFI4Q84FPA9VQFU0NMEY3SRL1380SFWO1M3C21', 'VD0GYAMXQSQPB94U10 DTTIF7EBGUQ17MXD2IUSW 4712O1BCBSNH DUNNNFVMDO JQAOCXME1 I5W4EEIR1R2XY18LT138TOEQB');

insert into CATEGORIE (CATEGORIE_ID, DESIGNATION, DETAILS) values (118, 'FVL4L3V4A3O7GLK7B4 Y3TOC528VM3VIM181QTTCR2C818OUOU', '4YUP8V72 WR5BDOJ33BDLOTUYHV59 8T0J4UQB35FE1N51GKBVFVHS67NW599183TTWRYA2TPWN UX76MYR4QMM6L9MS3LXVG908');

insert into CATEGORIE (CATEGORIE_ID, DESIGNATION, DETAILS) values (151, 'IVAT48WX1SMGARQTKXCVO0Y2X0L2E58TAGCY3I3855FNTR7P7B', 'X0QJHP ABN3WNQHWCLCLN8ID1YLHB4Y K1SESW1Q98KTFCD15ANR2ANNCPPR2EWVP4405BKIDU6IFP BYP JIOJD4RW2XYLP1BSH');

insert into CATEGORIE (CATEGORIE_ID, DESIGNATION, DETAILS) values (155, 'XXL72LJAE1KJMQPUJ5S96FC5OGMK558CN2T9GTETI42OBTATQ0', 'DLUT90L3GJDLF YB1EEAE7YBEDKD70YGS6WXDKQASBCS4OD06A044KUXG0VRRT0618D43KJ93BDTKI52RYVP5HLVG1BT4NGB9QLQ');

insert into CATEGORIE (CATEGORIE_ID, DESIGNATION, DETAILS) values (63, 'GXVC696S61FVNHHN9J9N16AILSYCFHXRQSN 7AT4EQIPAGIPC7', 'RC9QEKJL5LDI4P4U6 IM5FBJPPY4WHI3JK6Y8XL577AUYRKGXC 8RUYUOHCEV RLK6SRG YGV A3D0MDX5L8TU UAOKHILMMUBRF');

insert into CATEGORIE (CATEGORIE_ID, DESIGNATION, DETAILS) values (21, '8 YA9Y8VXMF6A4QWL8S9PGJ1IHV8 NT6TTHD2PHN41GJ5DW3I3', 'B6OLCTYVU5GLN81QDOSKKER5ID1NAJUTJMILLWY9BQR0HP7BRFF2HX9U 9K5RJ1C8BTLLP8W400NOY56SXMIXUHFHVHMYFFWV NP');

insert into CATEGORIE (CATEGORIE_ID, DESIGNATION, DETAILS) values (23, '8I38B49223BKU635UVJI9O7XNI0A5 RKRNCLUV6BFN201QS08K', '5XQ 01AIGP0YPTP2P30DXOPLIHBWE5O5 NP72N9NWX6W3IPVHSNMOXRM0C3D3392T4FTUGD60U5Q 6B6WDBPGMVCWWCTQXFQ4YGK');

insert into CATEGORIE (CATEGORIE_ID, DESIGNATION, DETAILS) values (185, 'OQU9FQ0AJ7P GQHL21M1D7GPY1C4BFQIL5 JQWHBHXA89NFJYQ', 'BWO6O KQSTW7FM1MEIYCIAT9DHUEE0DQU4USQ69PD5D8IH2Y38HB4 DALFRC1G165388WI6 XRGMF9SSI3OYXQ4 C68W9OE9GKUO');

insert into CATEGORIE (CATEGORIE_ID, DESIGNATION, DETAILS) values (183, 'K3NOIDV96FPJA L7RERVVFTW0OMEIWVA0BDQU3UVCGPFSM4RQG', 'SDGF4WENGKRS09CY J7 YXUFBFKVA2EDXEEG0P7PP6N1DN139P1G6PWB7OUFNX6LSIF011F77ABASXV6OS3468C  PMVX77NO 4I');

insert into CATEGORIE (CATEGORIE_ID, DESIGNATION, DETAILS) values (85, 'O6WMN0D4J5KGUWOSODPI2I1UN919R9U7GC989O91P2D619PB9N', '3LFLXBSRTLN 1O36I2RWJ1IPWR2UU89 FR1BOW85HWVD0HTE6KFINJ9XSA3LG4RYPSWV91YS6XM88M92JT9C2CR47788LOOH1P9T');

insert into CATEGORIE (CATEGORIE_ID, DESIGNATION, DETAILS) values (136, '4NVFW0K7Q4BPEVMXGU2X0PHBJGTLNKHN5PRCW64JHMNL5HEKYF', 'C0FHQGQG7UL0EQSXDT3B4O387874W8 NGCBKB3L0D24KX AV3NF6 SX16EQ05 N13UEWL9BV1M9NP0LROS5TM8N4A5TT5AFJNMLX');

insert into CATEGORIE (CATEGORIE_ID, DESIGNATION, DETAILS) values (8, 'N9C9V6NSOOGVGIN8EIJ9PFRHUW9RNV32QPDIJW539THHUCG1LS', 'K3N0G0NNS2A9GHSW8MV18L5OLA8UE21KPJ IQ21IJ6I OA1NI9SBK8JCKWKMJU0BSCEEYXDQS45OHYQSGAAJUT02LRLL7VV440LS');

insert into CATEGORIE (CATEGORIE_ID, DESIGNATION, DETAILS) values (198, 'K1870P69BDXH698TO5SREICUGC0CA8CHA2E6JL Q8LE3DP7Q5K', '2YPBRIP2WLVLILYBFDPKME5ICE8JCUYTWTAS4NCWXKKVKVYBN8 7 2R5XXSOHVHN9HJ8URV FJ6XUL67QY9TDRICQ9H210XGS6Y8');

insert into CATEGORIE (CATEGORIE_ID, DESIGNATION, DETAILS) values (184, 'M3PGY3L6YPS6RGAMHNKPTXELXGQHT25 N97N5HGIDOGI34OTG1', 'EPS46E4M2 3OTF7P B9VIFBUUVKH2EAYN767UF2D93WIVTKUDCGNVTHP7UF M D1TRV401Q2WPFFWJBNG77LE1CTT668S 8PLNAQ');

insert into CATEGORIE (CATEGORIE_ID, DESIGNATION, DETAILS) values (84, '9WE1LA0B9TG GD6N028F OKKQ7UEWJYPMBKR1ERGTBM68J4N30', '6137XF59QCJ1M19LI1EWRT3JWR2O1WK2QH8QLL7T37GJMU3NJYC7IJ694Y56LCE10PD6LFD0OEJ7NAQRSB I V0SMH116L8P6BXM');

insert into CATEGORIE (CATEGORIE_ID, DESIGNATION, DETAILS) values (89, 'NWMRIM FKRRG74LCA99D1P9V0V  3RE0YC4MW6FQ06M 5Q2PTC', '2S5O0HAJAW XDUA5I4WJCKBK2254E8GLHFLSLCHNJY68EMEXRGSXANSLXXUAOMO7SUI9R2Y5QIFSTXM9WP9G7JGJV4QEXXF5BAA5');

insert into CATEGORIE (CATEGORIE_ID, DESIGNATION, DETAILS) values (156, 'AH9V8KGUR2DGOWXSQX M9V472CE2SDE9IRMWDUWEVWU7NTFT 3', 'T2Q7RGEOJDD0FJKMW9DBFDTJ WSKRU0E 02HRDG1CTAOAGLXY5UCH8TWMLW5BBF4AX87DOO4XH46TMW YSAMD 3OH935GDWDS S3');

insert into CATEGORIE (CATEGORIE_ID, DESIGNATION, DETAILS) values (190, 'PDJWWW9J6LEKJTR1UN6EJB6D2L 5KHYBPT76NUMEDXHVVE9XD2', 'MLO3VRR2R3QEC4ANSPL33IWB6EH9CSCFX1S7PEBB9MYQH9KGVA1FX8Y TJWXS3R24T2RTE IXU3QNO1N5CQYDJ1Y5THLV0Z9GF31');

insert into CATEGORIE (CATEGORIE_ID, DESIGNATION, DETAILS) values (77, '38NYS6A64KID1N8E5BO43FJMI37VKSA5GMO8DQELK1NO2T7N59', 'K26SN1B1 5PALAM0OV5LBX9E6X4YJ87E6YFPVEIEKMU1JDDY1YESXFWN9HHHG9C7RWFGBT4JFFR1QJ95IR2 YMQLINIUNG5VC11Q');

insert into CATEGORIE (CATEGORIE_ID, DESIGNATION, DETAILS) values (100, 'JFY0WBVBGLSTEWG29JWAWFMSH19D73V4YWX9BOUXRKAY1C9F4T', '6 B9E5 1CK825JJ3RLPICLSF FVTWT9R2EYEBN77X1V4SWHN67IR U3AQNGJAX9A BFSV18BG9GS9NKMD4EPJ5AXLBGH8ADKASXB');

insert into CATEGORIE (CATEGORIE_ID, DESIGNATION, DETAILS) values (11, 'RW1EJDQO8PG8YFQA43ACNMD8YYAJXT8KTBL6GK8A3WUPWXVU17', 'OR2OBBVMAXRLYSDP5MHELG48E72FUM6V8IU3A5Q4G22NYD 8QLVA9UEBE7 8UENE09VXKF7VCTPDRXIQ6NUQI1RBO4WUVKFX9AL1');

insert into CATEGORIE (CATEGORIE_ID, DESIGNATION, DETAILS) values (187, '03DAOL19WLELOSA65IFHX78VX32MKAM2CN1796587NJGN0RSS5', 'RL8HB32W86WO9QXCLEHWM1SO099DA5NWVVALQ6OYLPPMP0SC81EOJCPOOEJU7OREAAMWUK7OGV521 BEKW1CLP AORBE2XV1UO11');

insert into CATEGORIE (CATEGORIE_ID, DESIGNATION, DETAILS) values (28, 'EG16IAW1SU3 7WQRJUV2DW9V4CJABAEWA5TJ8MM9A5YQISCAO0', 'T2HUVQ6NTCIT3MKMW1 IBUD3SD3TQK2TOQJPB99YF6HBQPT8HLAW7X03ALMANCWYE0H3L4NM6RL7UFB08WMIF3AKAMVIK6A8TGNA');

insert into CATEGORIE (CATEGORIE_ID, DESIGNATION, DETAILS) values (129, 'EU65QFSIYACOFKUHR614MEPHRWOI 08RUMFLYK4GJ2RL 1QOGG', '1Q6DAPBD4S6P PWYE6VOHND4YYRIR2G69EDUWV84RL77G35B2U5NG6U7NEEMV1L4C4EU1F5EAHVDAFJANI2SN15GX 2HRTS3SP23');

insert into CATEGORIE (CATEGORIE_ID, DESIGNATION, DETAILS) values (97, ' S192XBEAN3VSGF2EOYIN 7CRJV6J8QBKHQKAYIOANUPXQJDRJ', 'MS1LNSB21BG2UCBBIAB2F04 W8 JGQWFIPYQ8P8A4PECRD6KBBHR7IQ2OB9EOL NG558S64YVR0DWANX9P0SRALRFEW84F6N3F26');

insert into CATEGORIE (CATEGORIE_ID, DESIGNATION, DETAILS) values (48, 'ELQ5XA1SKXSWG7PR557AHO1MXI1IM9N8J2NBWNME47URR3N GU', 'IV13L 6Y4PCRGFDY  60C492W6VC0383YDQPF3TDRWJFWN8L40JXKCWIIJ7LOYE24WLVG52IJ 5GJWCIVICK39JMW0YEG6FQFJOO');

insert into CATEGORIE (CATEGORIE_ID, DESIGNATION, DETAILS) values (60, 'MXHWBIT7JYD IHECM5GO16B004VJ3BGH54WDA1LTNKMBAUKSSK', 'NH9QJVS87WP5CF20UC23DWIRN5C8N4P8WOTXC7PCNPFD2JOFPBI2O8YOEKC90B0PYMCKVFT9GOROWDVYD709XU16UES04INAKHMK');

insert into CATEGORIE (CATEGORIE_ID, DESIGNATION, DETAILS) values (137, '255RKCJL6J6PK0DGBMIP0CJ3CL9LBS4QEE7JXAI49PEUWAQSGR', 'GSNL7D4 761TICXXPE4EYW57 W96BPIHTAFXDP4UN158N9SSW89FOK460F8NP05B5P2V9UGAFVWHBV66XL6FS8IO3VIX5EQN N14');

insert into CATEGORIE (CATEGORIE_ID, DESIGNATION, DETAILS) values (157, '1TFVALOM5WMTJ68AXO4VYUU5O79CM85F7FXIUCVS2M2BXNI6F5', '791V1AKUTBYXIE8J0092FSRDY6MKAGKDBOXQGO5NF02DUEE0 8J8NGABDWFPG8HAP3BH BA9DNNEH5D18LKJU 14JFR79YAPCSL9');

insert into CATEGORIE (CATEGORIE_ID, DESIGNATION, DETAILS) values (33, 'J8S8RHC404C6IQTD8B4 G1KFVTY6E06O7HW02W3MAN1BND4ANI', 'D591P9YHEXHY60VXG9N7GVKRU94C5E8TUY0GE3EI0UO 7PYVCXD 4OSMUOT2VRXCWA4WEPM12RNJI6NDRF4XCILH8GUP9 IMJGVW');

insert into CATEGORIE (CATEGORIE_ID, DESIGNATION, DETAILS) values (199, 'WDYRKRYTA3374SUTY8X44JR UM JPL98WO6 FVVYI12QJRSFO6', 'HYB0TBOWA7TXE IJWCCOFMA4WI W5L5YDXF1UYPJMUJLDMSCGHI 8 Y9B1G2IMJLO0Y56WBUFG1 33TWLEORU6A1XK8ET5AEXX60');

insert into CATEGORIE (CATEGORIE_ID, DESIGNATION, DETAILS) values (128, 'ODXIV8RCY0LHPPOC14VQVR0VW56P0JLGTEGXNGN0827WC7Q4KA', '65TALNO7J 6SR PVXLDG1CTUNO8 JMFPQG3CXC0WYN1OC9IRGEYHXXRS0FY VB8X2ERK3PP937B6NO6CWIF6P4U5CFM35JAWSB0G');

insert into CATEGORIE (CATEGORIE_ID, DESIGNATION, DETAILS) values (169, '16SW6RBG5H8F5W I3 SUDFOHDM5 J 10IR60A6790QQDPP1KLL', 'O7M 0JIZVV023OVMG20HGH2YI3FCXBRM7MRBADTS3RE 9E V25CQJ5UD13MJ AIP3Y91S60ECMWL3053G02G9U21OV29SYJBMJHH');

insert into CATEGORIE (CATEGORIE_ID, DESIGNATION, DETAILS) values (54, 'NKLP7LC5SDE8TE9T6TIULMPUIPK9VV4K8T07 AQUJOIGG2NIP1', 'W7NJJX9YMIEGDMKPMMLSB31ULQM40XUFBGV1HHDOBUF4H8E53IVFPO 63WCVF10A8SFQWCAV1KJBDB9UH41UIUKLBHUAU0QY5RUH');

insert into CATEGORIE (CATEGORIE_ID, DESIGNATION, DETAILS) values (24, 'XSQ6J26SW9ND8F8V3L9YNSDA0HM5FR7EHA 4BD0 SRMFYFYXBS', 'GV5735SBIP1I30VVC2I3SAX48A0U1S68NODV5RSDAHQBKFUIP4T2EW37FKVXA18WXPFLADVV1 J  E1MY3IIEOIC7VLPNEGFO40M');

insert into CATEGORIE (CATEGORIE_ID, DESIGNATION, DETAILS) values (15, 'IJIUWNYF7EU9UP4XT56J Q8 92MPED01AI6PE4BQ7 FHGRMKXG', '1S 3XUQSRR78GAU ISXF6GL6AMVU5FXP9IRF2 UIU6SDDC9HU5TCXXFXT895HD579VHBHNIIH S2T49MXHA0Y2T17H1ER0TYT037');

insert into CATEGORIE (CATEGORIE_ID, DESIGNATION, DETAILS) values (64, 'O4OI4H3Q247HESETYRT8V3RN6OGGOC6USFDR94WFGBNMPVP0H9', '49JKED0DUUMHNB4EK2M3TF8QYL8A R5IRNV4NASFEX5QBVOH49XBIYJ8 TU6BTYT6SL3RI5C95WJQ84AQEVBGOC1KH80QMDL 21V');

insert into CATEGORIE (CATEGORIE_ID, DESIGNATION, DETAILS) values (14, 'OFGH8QJW0MWPIKXKY0D0LREPP8XCA5U8AAO43 A W6SA3GUG S', 'MITA7J2LY83VKETCA NDGT6SLF FR2KILM5IVCY5KH2BKJA4035G97L0N7 YXOSGDW46U73YJF0QOCWX1 7HFFJO1R9RU2GR28EL');

insert into CATEGORIE (CATEGORIE_ID, DESIGNATION, DETAILS) values (81, '1I7QYKYP1JDUJFIC5MYSNIJ3T57VQSPOUC 0HTPH 2C5GEW6BQ', 'JY4C67OAONIL9CRSFG9DBPCISPF199B1CST39TF4BH1EUSGNKL57GCEXYBRCUDUUJ26L Y8G7AOAGLNF2FPSTTBPEXOB7TMDAKBQ');

insert into CATEGORIE (CATEGORIE_ID, DESIGNATION, DETAILS) values (121, 'N09W1C9IBP7Y0B6G8PUAT3GTPSXJOFKL224A4WEX2D99FAD3JJ', 'W6SKVPNM6U9H1ROA72KL3SJ53KW P8IX TFNRMGBGGW7KRVDRSAFYJUINDO4RC65MX427BMU42V1KTCA4FAYQ ANFTI8DGXVMDI5');

insert into CATEGORIE (CATEGORIE_ID, DESIGNATION, DETAILS) values (163, '8IW2716VMXPR7KDVOM7TC85SAO4BORKNCU7WS5L6NIHTFBRWRO', 'H9Y7G42HWN8R9A337AOBG7OSBFH46UW8P8CX6T4 B8V3KEROXW0S2O2BBDRFVQ8Q BU2B774HSQ3VL3NFGFX13AD NTVRA429TP7');

insert into CATEGORIE (CATEGORIE_ID, DESIGNATION, DETAILS) values (196, 'D54JKG51 29A5T5EL7PXYWK 8DBTP6MWA1Q8DD1WH95QA962LM', 'E09E XG3DFIW4081M5IHV U38HUPFE9GAVUGADT PC5GDSV0CBOADB8743948X3HA25VSBS6WIQBDB B9S9GUVHWOP0VENUF4R1C');

insert into CATEGORIE (CATEGORIE_ID, DESIGNATION, DETAILS) values (152, 'EEEU9SR4W9R8XMEK0 R3KNTPBH4U7KGR5UAA36JV25N4PWNWQQ', 'Q2GLETNH9HBTQMILJ7BCHMBGHYE2XV1JDC3P 1 24CR2NL9FK3JBMY1H1NQL51B5R24J OF5WBG05A0P0M52JNQKFR1TSSQYYG2L');

insert into CATEGORIE (CATEGORIE_ID, DESIGNATION, DETAILS) values (117, '6OTES5N6YVKB0A7V23S7QFNB9FHMS9KP5Q63VGVRA6VKRYNDDM', ' 1DUF1M8X3W6U6BE3DMC KL05DSQT0PY26UBHIMT 4SMWECMJKKIWOV0YSK97KW7QYJSRY1BSB4W 7OMJI1RC J8DVXFT4QHS0SG');

insert into CATEGORIE (CATEGORIE_ID, DESIGNATION, DETAILS) values (174, 'HP6MESMA1D5V3GEEJG7GQEO68DWHJIYSQ7ACXXXCQMQYSRSB5X', 'TUKV5E2UQTYS678UBMBIY8B2B3CGKQLK4027CTCCSQX1XH IR17CN7U38339PDLG3JJG1UHBMPKSPWRLJY9NT09F00JOBV4D1R6C');

insert into CATEGORIE (CATEGORIE_ID, DESIGNATION, DETAILS) values (93, 'K2RNYS3J8NTOS J66HRDKT7I5T1OAQMTD5G71HEM98BN 77PNY', 'BKIQLTW3RVQXDCRX7J12 2BXX 5Q4CB6LS8J2D8FSHNBXI361J80FQ8TEA9UH6FQS41S80XUYQ QR0U0VIL9IQAM13S74I6B7  H');

insert into CATEGORIE (CATEGORIE_ID, DESIGNATION, DETAILS) values (108, 'D11EK2RR5L4B35SP87 7D042SDQXIR4R34 CA1H5C5LD0SIPEX', '6MKYPAU1DPPIPQIVA5M7LHM6 RCSHITQ DUT0O 94OL8W91YRAIY5DDAURVIRPWMJQN356UB9DIEBYWMSRER9FA0IIWFI9ABOG  ');

insert into CATEGORIE (CATEGORIE_ID, DESIGNATION, DETAILS) values (148, '2IRVL1W5H6N1NW629GBY0DP88N8B0650OGN4517JTI730DTOT1', 'WTH90GNM3GF25FW2U29WKCO OPOY5J15DGN6GWC6W5OELGSU9JVILWM5KDEQLA6U3PP3LY5SQ8BWNAYL8UCG01CFWBHXLCUU1YQ5');

insert into CATEGORIE (CATEGORIE_ID, DESIGNATION, DETAILS) values (189, 'W6KT92MI15A4MBEKKHW 6EF166L92YSXTQ3YW5LR6F4NT3W0FG', 'C5OP1OORWOHCXSJD7XKVSEKRMHPGKFEIIAQQL8RBPLLOWYYVG162S9 J XMGE22BSHC9PG6UECPO4OUPW382UCPL03HARLSSU3K4');

insert into CATEGORIE (CATEGORIE_ID, DESIGNATION, DETAILS) values (125, 'KV6T7CWCGNW9HH4L78I83UO5UUOQ3DJAMMH85L9HAN75CNFD56', ' NAP7IBYY4 KM4XJAUC9UNFR7L666SQPGW 8AW4P55W8MEMNVR7YLMRCOBLQ9IAXN2YVNP0KYIRHSJU3ST9389W0MU1SEFSBCVE1');

insert into CATEGORIE (CATEGORIE_ID, DESIGNATION, DETAILS) values (92, 'SD9N31JV21YVN23ABCIGE6GFRIYUKJSADUBLBLWVOYQ7WMRYR3', '8A SWNC3WC93KM24O5F6S43NU30TVPB7XD741V5 O PE6HVHQ43XEQ4OSAVYWT8VGXYUP6A QW5B1INR49SS140AA1ESH6EKI7SS');

insert into CATEGORIE (CATEGORIE_ID, DESIGNATION, DETAILS) values (49, 'K6YU 59J42YBQ6UCPON4836VPLTK NSPVHYPK2CNQRBQ6FLP1F', 'SEJ0KRROWMWFE KTRIEXAPUX4LQTNQA9F5C0MKUT GW46 ONXWK NWLGPNS9BC96ATS 8LTLVGHET7FEE2E17J62KNRIY5NWDKLW');

insert into CATEGORIE (CATEGORIE_ID, DESIGNATION, DETAILS) values (43, 'UPKP4BDTCBSJBR2MTPJEGLU0TK0O230V08L0 6F6V1XQ62 FCL', 'LCCHKX8XOVESFLHJMT8WDQI6TJKF4C7SVP4DGTBD1J9 LR21G7OO9UK03586EVOR3Q5SE LG 0UQYP169FHNQM4OXX46FOQW9UGP');

insert into CATEGORIE (CATEGORIE_ID, DESIGNATION, DETAILS) values (66, 'VF2CPC DQJG IKOCLA3LNH4QQF3OK8UX7HH7PWTJKSY3MNTFJV', 'LYKULC4A0DXJFJSLRL Y93SXV1PB6PAOO5EDUXAHJEYQ9UYTLYOL26YJS1N6NA2SONWSLELLV9YIYXE42SBF5YILNJ9PCSBM1FJX');

insert into CATEGORIE (CATEGORIE_ID, DESIGNATION, DETAILS) values (25, 'S  3A38TN XWW0VVXRD9N6B2NHJPQP3373KXXO25EOEUKXT IU', 'MOKJN8GIOOSX8VPA7IH7A5V2TRQBM6HNL0SOXAMIG8W4PUB1X5200BHLJY7JOEHU3U1X799A71O4F19LSKN9I7RHYHPHUB0GM 8Q');

insert into CATEGORIE (CATEGORIE_ID, DESIGNATION, DETAILS) values (119, 'ELA7I6JDMX86IDFVPE1RKOTNE CKN8ALNMWCAXGED0FLR4GMSG', 'ERWMST6VRNBWANPLVT 4CPGV705DLHI4Q4NCYKOWGLWWQKWCLX5UV8S 8CNNBN2LYJBBCKM8QM3LFT38J1U0O05LTVX8Y4B66WCG');

insert into CATEGORIE (CATEGORIE_ID, DESIGNATION, DETAILS) values (181, '0HRQ64IR2MN18F5I31G2AEH7XJFS6WFKMP8MSMI7 GQV6112UL', 'IDIE47O1I68L2IE2S8707027NSTHWYUO T4HNM 91MHAVGQE4ER45YRNGTAL05KY22A4O 4D0K3O3PEJH9RAOMFM9PL5VTY92H2H');

insert into CATEGORIE (CATEGORIE_ID, DESIGNATION, DETAILS) values (80, 'HHNIR8NASVFICS21AQSWATTDI8UENIK0I2768E10PUWMGNYXWG', '24RHBIIN8 PYMUBFCS3CX6RC702M6RN7YMAQPFEO8PI76IO 2XFW68YW5IN2IWDJ YQCXEGPF3DTPUBY4ETJO7J 802Q13R769RI');

insert into CATEGORIE (CATEGORIE_ID, DESIGNATION, DETAILS) values (131, '71WOMB6NYRGQ35BPG20IULT98KT7BMO72DLCW3OO1N40LLBDT6', 'JXN9L7KGNRST888H N0FFUEOOXFHYJOH2Q DUSWPDETNKCD JG0I29B287865JJIXSRKRGX849A NBJCQSC1X673F 4M0SX GEBY');

insert into CATEGORIE (CATEGORIE_ID, DESIGNATION, DETAILS) values (68, 'EY8OAQW2M3J3VF8JQYJAKWLXE8PQL0MSUKUQ1UD2AGH4ENFEU5', 'AIUQ30AYELOWT1YF6C1YWO7P6L65U577T4HYDP066EG  X IDBJW5WTSP29F8V5F47CMXNSTQQ60BGPQJE 6NMCU14R8PPYBEGLI');

insert into CATEGORIE (CATEGORIE_ID, DESIGNATION, DETAILS) values (7, 'T70 0N8UGPXM4F TO L7YTA D9TEF7N4H0WIJ8RQAIQAFXKM5H', 'NE6K8BQDTWK10ME3Q2FB1C  52O47C0HCTUO9QRJDS4YLXE NPT6 7T4FNGKK53CP2LWQBH R 4FIX98JBD KYV6CFMYVXX0CJFI');

insert into RECHERCHE (RECHERCHE_ID, USER_ID, CATEGORIE_ID, DATE_RECHERCHE, DETAILS, GLUCIDE, PROTIDE, LIPIDE) values (45, 173, 35, '1194-6-2', '4QOA5XQBDY4J42AI290YTA4601AHSBM 29QJ3PLNU46KXA9O46WMROJTQ7846X717N N5BIA SE396MQB7WJ5YESLH7R1F2GNRAB', 82, 57, 92);

insert into RECHERCHE (RECHERCHE_ID, USER_ID, CATEGORIE_ID, DATE_RECHERCHE, DETAILS, GLUCIDE, PROTIDE, LIPIDE) values (163, 178, 76, '191-7-28', 'EUETAOUANDJFQBGQ9ND6L7BFMFO0HMMU87SS4UM 0EUGDP3PQ2W4K2SOI89FML6YJ3VXUL1HOG2N7WJIN8YSA1 JT0KI D82KYIV', 22, 16, 32);

insert into RECHERCHE (RECHERCHE_ID, USER_ID, CATEGORIE_ID, DATE_RECHERCHE, DETAILS, GLUCIDE, PROTIDE, LIPIDE) values (14, 136, 130, '1591-9-30', 'NIMLDMAS OQSF19DEBIOXP43BV8 018BOHYPAPDPG3NNY342JG16P 11A9T4WD71YNTPXARBAJJQJUL647FQDE37J3RDRS9RFH61', 31, 28, 53);

insert into RECHERCHE (RECHERCHE_ID, USER_ID, CATEGORIE_ID, DATE_RECHERCHE, DETAILS, GLUCIDE, PROTIDE, LIPIDE) values (107, 73, 73, '1355-10-2', '9RJH MQ8UHAXLPPIN5QJH308GTUBWN4NN9I5 9QVYYIP8919KB2ZKCMOAW5K67V1WR3AOM7XC38S8JS8LRVH35V7Y4XBVDW85YDV', 85, 21, 57);

insert into RECHERCHE (RECHERCHE_ID, USER_ID, CATEGORIE_ID, DATE_RECHERCHE, DETAILS, GLUCIDE, PROTIDE, LIPIDE) values (157, 45, 26, '449-4-28', 'A804 D4MPFE8M1I4A55VJHNHKQPTYD3  S2U44EKO6JKYK3W89 9LMF0Q61TD9NMUEKVHH1429 38JBWYM4H030VRRSWRQ3XVBRM', 39, 99, 79);

insert into RECHERCHE (RECHERCHE_ID, USER_ID, CATEGORIE_ID, DATE_RECHERCHE, DETAILS, GLUCIDE, PROTIDE, LIPIDE) values (98, 7, 122, '93-8-26', '7CLOPEP7LWL7EPF646T WXY6XL40W740TBDTCOTSJDX0E9XJNVXGCCRD2H4 RW8F8W81KFLBYH0FPBS7Q23A70JOSU334KVVTBQX', 12, 87, 8);

insert into RECHERCHE (RECHERCHE_ID, USER_ID, CATEGORIE_ID, DATE_RECHERCHE, DETAILS, GLUCIDE, PROTIDE, LIPIDE) values (81, 78, 114, '1136-1-22', ' 8FS7J8PY5DHXDOKG4SU4TQIKOXVAJ3200XNYMK0PD5457RE1964IEDINXIETF831WU DLPOFURETP0YQ8HCSC0CSCU2 HMOAE0C', 28, 0, 44);

insert into RECHERCHE (RECHERCHE_ID, USER_ID, CATEGORIE_ID, DATE_RECHERCHE, DETAILS, GLUCIDE, PROTIDE, LIPIDE) values (51, 195, 19, '1869-7-20', ' 3X GQ26MVSEA3QT569C97AYP4HHY6JUPJ774F SSF4YA91GA8GUB3DODFM94BM5X58RJNM4VWNUBDNM8LJ72UUFSDLRS2LCDW8 ', 0, 50, 0);

insert into RECHERCHE (RECHERCHE_ID, USER_ID, CATEGORIE_ID, DATE_RECHERCHE, DETAILS, GLUCIDE, PROTIDE, LIPIDE) values (75, 55, 99, '1489-5-28', 'UEBLUNQCRC19F44VLLJU3LHST1 78K6C0YF72ODR0FSTRII8TRG6WM6401HX1QN9XULEEX5EA4OBH6LRK1Q68O2M39W9SNX8FXK7', 53, 63, 89);

insert into RECHERCHE (RECHERCHE_ID, USER_ID, CATEGORIE_ID, DATE_RECHERCHE, DETAILS, GLUCIDE, PROTIDE, LIPIDE) values (64, 84, 37, '127-10-11', ' 1EOQ6K9AC  NFR5FUC6N47IUIWR6C66GE2YGNKP81WDP4YUCXQP7ALH066DUFKET9QNEYU8U08KAP0N7IP46RCKHAXOXWWGIMP8', 34, 30, 60);

insert into RECHERCHE (RECHERCHE_ID, USER_ID, CATEGORIE_ID, DATE_RECHERCHE, DETAILS, GLUCIDE, PROTIDE, LIPIDE) values (29, 177, 11, '1631-11-11', 'FMU  VK3W0NFL0CGWTWLTD2AUQJIB8V7CM1LYW3LX3VMKLDNL V01M5SY418HOT3T459HAOQMDR4J68RF41RL1BWHM3UNASEGL1O', 60, 29, 11);

insert into RECHERCHE (RECHERCHE_ID, USER_ID, CATEGORIE_ID, DATE_RECHERCHE, DETAILS, GLUCIDE, PROTIDE, LIPIDE) values (68, 39, 139, '1771-10-13', 'OXU67HLFCIYVFABC8HGAL1H1U6NRQRO21HRNSERI94A2KXRP9H2QCG93K9 S4P79JGAWDCUYWALHONOG8EAYO7JUM7X3UO0IG2WP', 29, 33, 22);

insert into RECHERCHE (RECHERCHE_ID, USER_ID, CATEGORIE_ID, DATE_RECHERCHE, DETAILS, GLUCIDE, PROTIDE, LIPIDE) values (39, 136, 74, '1673-7-25', 'VSKRD2VAJHEM7F QH MLAHED7BHOJEQW3KUL3BUNULHTNGLYIP068BWB9HB4Y8L9SPOI PUU4JO7D69EFKA1JSLP3B8R96YQJLB7', 18, 66, 84);

insert into RECHERCHE (RECHERCHE_ID, USER_ID, CATEGORIE_ID, DATE_RECHERCHE, DETAILS, GLUCIDE, PROTIDE, LIPIDE) values (74, 108, 184, '545-10-30', '9MU2W2SEN4S1V292ONA9LA81DLW6YU1VN9JMKBUM5IKQA UQJIHUN3DVPO9JGDF79M8UDM1MXFRF4C40FRB8 PWR CESCD3HJHV2', 14, 8, 37);

insert into RECHERCHE (RECHERCHE_ID, USER_ID, CATEGORIE_ID, DATE_RECHERCHE, DETAILS, GLUCIDE, PROTIDE, LIPIDE) values (126, 22, 150, '951-10-10', 'LLPMGP35MJCE0ILB9G8REAGXYBWHEB3N96BFLX W14W FQR 2WYEJ24YEYTH5I52GLIDOIHOH1DC54X6TUSSEYUYSDYDJ50P3B4A', 93, 18, 95);

insert into RECHERCHE (RECHERCHE_ID, USER_ID, CATEGORIE_ID, DATE_RECHERCHE, DETAILS, GLUCIDE, PROTIDE, LIPIDE) values (180, 32, 95, '1328-12-11', 'CMCM FGK56UUXFKID M12TMIN492Y21KQ8XSFS0AP5XYO2DR807A3Y9T135NTYG5B19CPU3PL59K9GD78OXVQMIPMIK A9KF1M3G', 42, 36, 59);

insert into RECHERCHE (RECHERCHE_ID, USER_ID, CATEGORIE_ID, DATE_RECHERCHE, DETAILS, GLUCIDE, PROTIDE, LIPIDE) values (13, 126, 139, '628-5-12', 'JMVIW LOQJW0XEU M026RL3MYMUF78PALENX79AG4LH EDMTDJWP5DX79XTMIY54DT RGEFXC4RD0JKNIY2B0MYBJBA33O27EOG9', 59, 15, 14);

insert into RECHERCHE (RECHERCHE_ID, USER_ID, CATEGORIE_ID, DATE_RECHERCHE, DETAILS, GLUCIDE, PROTIDE, LIPIDE) values (36, 189, 70, '335-6-12', 'YLOA7XK NNQQG9RMUXPN2A4DJ1SU06XAJTEPE5V6JAOEHRFONNDW1JCLPF9BHQC7CRMEL4RRBPS V K3RWRRI36D0351 1UVY 0L', 27, 46, 1);

insert into RECHERCHE (RECHERCHE_ID, USER_ID, CATEGORIE_ID, DATE_RECHERCHE, DETAILS, GLUCIDE, PROTIDE, LIPIDE) values (97, 78, 141, '1918-8-6', '9JK611 UPSW20ME1G8 V70QCM3NRBTVJWAPD56VE2C9AJIFGSLBSEYYOD68SUA8KULSSIRR3V1NX 0OVBYSD6GEI5U6GCCO0B0KE', 89, 32, 66);

insert into RECHERCHE (RECHERCHE_ID, USER_ID, CATEGORIE_ID, DATE_RECHERCHE, DETAILS, GLUCIDE, PROTIDE, LIPIDE) values (61, 3, 63, '923-6-30', 'E7JD0KAS9FM4PI9CJVCAQX8R LK8G9XRISTQ7WF5USC3LOP1VAPJVJBAEGSMEFXXWGSP4BLSJXNOH4A8WM0T52F2L6 L1VUG31FU', 54, 88, 39);

insert into RECHERCHE (RECHERCHE_ID, USER_ID, CATEGORIE_ID, DATE_RECHERCHE, DETAILS, GLUCIDE, PROTIDE, LIPIDE) values (37, 6, 178, '1150-6-8', 'BCE2IF UTVABVIIO47TRYQENB60HX28RBSNVFOFKW665DG4R6XUHCWY8YAYORWF2HRBLAUPT KK6DOBNPF2W 99VODE79OVF3NF7', 35, 44, 40);

insert into RECHERCHE (RECHERCHE_ID, USER_ID, CATEGORIE_ID, DATE_RECHERCHE, DETAILS, GLUCIDE, PROTIDE, LIPIDE) values (146, 147, 137, '1120-7-23', 'JW9O6W7BB6B2VA47I4I42V5RJB3IC3B41J46K8011S OW9V6YMMLML8M5HA1C2DE A1G303EP2U8THA2SN4VRJTI0N9R3S5J3GDL', 70, 60, 90);

insert into RECHERCHE (RECHERCHE_ID, USER_ID, CATEGORIE_ID, DATE_RECHERCHE, DETAILS, GLUCIDE, PROTIDE, LIPIDE) values (0, 45, 132, '642-5-22', 'LVOV0E IL9KOUW7LR07SF3HGIRELD44RVS6LXWA92A BEURHWMUA5T6WFR07A307K 34XH8C1H U4P9697ECCO20KV1GR1D29 5M', 2, 35, 21);

insert into RECHERCHE (RECHERCHE_ID, USER_ID, CATEGORIE_ID, DATE_RECHERCHE, DETAILS, GLUCIDE, PROTIDE, LIPIDE) values (73, 175, 196, '208-3-10', 'VWWL627N2JXHV NVJ7NLJGM00D7OHK8Q0M4W2HGPQ4J5PCIAPU1KX463RA5AKTCNYXB77KME01LYK03L6Q0V4S6D2RJ7T3N4UTLG', 99, 48, 98);

insert into RECHERCHE (RECHERCHE_ID, USER_ID, CATEGORIE_ID, DATE_RECHERCHE, DETAILS, GLUCIDE, PROTIDE, LIPIDE) values (95, 89, 77, '838-4-23', '0BTR6P8R8 N8RT HIOA4GLCSH1IE46PMR39BY88FCKLAMS1DD7C5T95FMKDANL2POJD2FL3UGAH9B6XMT7CPG49JAWW2PHRSUIPM', 84, 20, 49);

insert into RECHERCHE (RECHERCHE_ID, USER_ID, CATEGORIE_ID, DATE_RECHERCHE, DETAILS, GLUCIDE, PROTIDE, LIPIDE) values (159, 69, 27, '583-3-3', '4GVX2009VA17XNEP4ALJDHVM1 IWC7 2XBDNJV4WO4FBPVSHVNSXQ49CO2N533137H 058SCILS 1I YAU172U746I9QVVYTO0T0', 23, 25, 74);

insert into RECHERCHE (RECHERCHE_ID, USER_ID, CATEGORIE_ID, DATE_RECHERCHE, DETAILS, GLUCIDE, PROTIDE, LIPIDE) values (57, 52, 54, '1077-3-5', '3T79LAIFPFKKAB9V2 WFFR1RHMV GQKPFLRVJNMSDRBA7C2K84U7R6BGKM4T48M78SXXCTRBO 5MSWLT17L0VT41OF82L 2KBYDN', 71, 26, 30);

insert into RECHERCHE (RECHERCHE_ID, USER_ID, CATEGORIE_ID, DATE_RECHERCHE, DETAILS, GLUCIDE, PROTIDE, LIPIDE) values (70, 57, 65, '1603-8-14', 'HTA83T5K6SSAUCVUWJ3S8YU293K KWWXQD7T39IQYL4MW1KAE0J0NCQMULHMOPH0D15EYLM73NUJE RGAMG 6 W3J6UPAR8U13EB', 76, 53, 86);

insert into RECHERCHE (RECHERCHE_ID, USER_ID, CATEGORIE_ID, DATE_RECHERCHE, DETAILS, GLUCIDE, PROTIDE, LIPIDE) values (119, 135, 104, '368-1-21', 'WF2LX3QRF8M XLH30MGDWEBFWOHSSOYX2KH19VA0X1I02XWQ88OVXK83YGMR1MEMI6SA9MQ4T0 9VDNBU3 K0RK0TAA9PN1V6MXI', 36, 42, 64);

insert into RECHERCHE (RECHERCHE_ID, USER_ID, CATEGORIE_ID, DATE_RECHERCHE, DETAILS, GLUCIDE, PROTIDE, LIPIDE) values (112, 111, 132, '1709-5-14', 'JWSUW0PXWHBAPSYYXUXHQN6915R5WN4H3W03V5HT4M65O3D0VHOWVD9APC5WG8NHAPGQCVB7XU4EF53BH3PN9GKESAHOIL1AY5XN', 79, 96, 15);

insert into RECHERCHE (RECHERCHE_ID, USER_ID, CATEGORIE_ID, DATE_RECHERCHE, DETAILS, GLUCIDE, PROTIDE, LIPIDE) values (65, 42, 98, '343-10-10', 'UVCV43RKKD7YQXO6VAB7SPN2LAVBCSUTR4U8U098OGXI2XSWMHWRL66M84 D01C6GWB4Q3J04AL4AW0C9YVSH2A S8AW124R4SD ', 61, 19, 81);

insert into RECHERCHE (RECHERCHE_ID, USER_ID, CATEGORIE_ID, DATE_RECHERCHE, DETAILS, GLUCIDE, PROTIDE, LIPIDE) values (173, 185, 61, '1373-12-8', 'RI5KA6RHNFW0GUVE7IUTJ WUTTMLYJQRED8JDM3TRSPGUORDVDDSP03N81WQ BCXEEPMKFFTP5A9X6KXYE2MDAACH7MA4HAG 70J', 75, 98, 96);

insert into RECHERCHE (RECHERCHE_ID, USER_ID, CATEGORIE_ID, DATE_RECHERCHE, DETAILS, GLUCIDE, PROTIDE, LIPIDE) values (10, 176, 17, '1517-9-17', 'WOSRWE822EETF0Q1J10G9M8EAQTYU5C3CRAG77PHMLNCLIVU5S10MEQ87 BGYDI2RA88W2K6RFPE7WNV0A9N0BSYKIBKST09X74Y', 78, 68, 69);

insert into RECHERCHE (RECHERCHE_ID, USER_ID, CATEGORIE_ID, DATE_RECHERCHE, DETAILS, GLUCIDE, PROTIDE, LIPIDE) values (1, 177, 191, '70-1-3', 'M6CXOP9AF0TWUMOHA3RTYTJF76XKIQK HM7ECN2YRFWUA4I6R3N1UOUPFX3U4CBAX6 DPN1T7IYMVH3V3J4XL68K4CY08TBAVF5P', 74, 76, 18);

insert into RECHERCHE (RECHERCHE_ID, USER_ID, CATEGORIE_ID, DATE_RECHERCHE, DETAILS, GLUCIDE, PROTIDE, LIPIDE) values (161, 99, 107, '291-6-16', 'NFCT3GS41JYDEDGTKPWSCHK197N0LRU6V05H87UC6JSU5FM1XU6KL6QVHVLWSBUN2OXTSG59HXD496AYSKJRR1UK5EI3K1N2SY8D', 3, 90, 3);

insert into RECHERCHE (RECHERCHE_ID, USER_ID, CATEGORIE_ID, DATE_RECHERCHE, DETAILS, GLUCIDE, PROTIDE, LIPIDE) values (116, 4, 94, '1083-8-26', 'APIX6HOI1YO052MN3HY6BOY3GMBBHPR9SA9EB8VV6WRMYS84AMTP2WO1CKNCJ1E2O7HRVI9JUV4A1JCIHHSCBKILL6179E6YQCW4', 44, 37, 77);

insert into RECHERCHE (RECHERCHE_ID, USER_ID, CATEGORIE_ID, DATE_RECHERCHE, DETAILS, GLUCIDE, PROTIDE, LIPIDE) values (55, 54, 128, '1623-6-11', 'PW8FJJ0H5D2R4QX6WCHWWHKUTGBM5BVNMAG07DBSVKMB5YWDJBSOFB CB549KJEICUN85KMQSRH5WF35WQS5OBNTQR4M076YF QM', 58, 2, 36);

insert into RECHERCHE (RECHERCHE_ID, USER_ID, CATEGORIE_ID, DATE_RECHERCHE, DETAILS, GLUCIDE, PROTIDE, LIPIDE) values (84, 121, 136, '661-6-7', '564WDV8S27HRJ8X4NWNB TYYV9J7FHS5DYP X0K8S7RFXOWTO7N1V4G40IHKPB1GCHWLSOE3L07GE6H5J8055RKEOFMBMSWK14WF', 77, 91, 94);

insert into RECHERCHE (RECHERCHE_ID, USER_ID, CATEGORIE_ID, DATE_RECHERCHE, DETAILS, GLUCIDE, PROTIDE, LIPIDE) values (12, 182, 119, '571-9-26', '2KSHG3T796NFDPSUE4GPHEBSEGV5U0I8VQX OM8 OEIJR6LD6UDEHGGE65NDI2AQ6G6S1MP6QTDYPXS0XWSF5IPIY14V8 CRWB2M', 67, 39, 13);

insert into RECHERCHE (RECHERCHE_ID, USER_ID, CATEGORIE_ID, DATE_RECHERCHE, DETAILS, GLUCIDE, PROTIDE, LIPIDE) values (162, 173, 2, '253-2-8', 'OT89FPNKK2C1 G99D7BLPJ9XM8H3S69N6TDNNNWW5GWTL2KWD 83AB98N37KL5KOJWET7GX NQROXGLUU31IGCG4QLM4WO10377A', 48, 13, 88);

insert into RECHERCHE (RECHERCHE_ID, USER_ID, CATEGORIE_ID, DATE_RECHERCHE, DETAILS, GLUCIDE, PROTIDE, LIPIDE) values (147, 186, 86, '1702-1-24', 'T8KBOCV21QG6VIYCVWAENKIL8HRENMEL3EX19ITCV8BGX0V73JEDOMB0 H1AET5CKM7PS8W1CJKTX7DOM1LYD439J1CHX8D3OVRH', 6, 31, 20);

insert into RECHERCHE (RECHERCHE_ID, USER_ID, CATEGORIE_ID, DATE_RECHERCHE, DETAILS, GLUCIDE, PROTIDE, LIPIDE) values (100, 0, 18, '1231-6-16', '391K7MRW6EOCTIUJS9NF3MAF85MJQD41F6RI6LKWDQLVYD73D BHS2M3RK2A N LEADET VIM3O A8Y1Y 8IOIAXB9J3LJ6V2RPT', 69, 82, 63);

insert into RECHERCHE (RECHERCHE_ID, USER_ID, CATEGORIE_ID, DATE_RECHERCHE, DETAILS, GLUCIDE, PROTIDE, LIPIDE) values (103, 141, 177, '1731-2-11', 'MJM G74CV3IERT2NQCDX3VKNL3O5WHBD1804SJQQQ4GPGR7 S72OROCRYOO7P3EPDFB6 C1XRVI04VNOL2T7BWM6K GDR4UITQ21', 30, 71, 26);

insert into RECHERCHE (RECHERCHE_ID, USER_ID, CATEGORIE_ID, DATE_RECHERCHE, DETAILS, GLUCIDE, PROTIDE, LIPIDE) values (152, 145, 140, '559-7-19', 'QN4QT4JX715YV6558FXR6VGIRR5IHYU179U LWMLKV 060RMCYDCGLC1R2GEGBG3YSNJQMXNIS64 FJBW0QT1NVU8UN N7TMXLNC', 62, 80, 35);

insert into RECHERCHE (RECHERCHE_ID, USER_ID, CATEGORIE_ID, DATE_RECHERCHE, DETAILS, GLUCIDE, PROTIDE, LIPIDE) values (182, 44, 77, '652-7-12', 'SVU9P EKOFHDKTH3DSYE3N51VD2LHUMA6LT68GXNLFRKFGP5V2POMW5FXSEIFIYDAYLNLYRQW1P5WQ5XTTC8HQE GR9DV9SLCGXG', 47, 7, 43);

insert into RECHERCHE (RECHERCHE_ID, USER_ID, CATEGORIE_ID, DATE_RECHERCHE, DETAILS, GLUCIDE, PROTIDE, LIPIDE) values (59, 61, 14, '1210-10-9', 'P1I7P7TWXA8HGOB2U2EN0U8RHNUXJUUWV0GG23Q5SI1UWJ5R6M7A2V R6XIIX5FUS IXU88Q4KA35KJHEXMW  F D6UDHP1NLTA4', 80, 52, 62);

insert into RECHERCHE (RECHERCHE_ID, USER_ID, CATEGORIE_ID, DATE_RECHERCHE, DETAILS, GLUCIDE, PROTIDE, LIPIDE) values (21, 34, 63, '500-12-26', 'WCB22EBB68DTU71H2KLLV8KO3328S81I I114R8NR9PX9JJ1HBN8WQ0JJ751DNOOP1P376OAPONKRRVLC7 52386J800MAQ4NJR8', 95, 79, 25);

insert into RECHERCHE (RECHERCHE_ID, USER_ID, CATEGORIE_ID, DATE_RECHERCHE, DETAILS, GLUCIDE, PROTIDE, LIPIDE) values (28, 177, 194, '266-6-8', 'MY0FLTMYVHEANH12CHVSOKMOA5GH8WQX3599182UL576AOJ97VBMG 02K2PETADAQM23GTMJ8WYG3K9KH1I BGEQ L0JP6LT41R8', 10, 97, 27);

insert into RECHERCHE (RECHERCHE_ID, USER_ID, CATEGORIE_ID, DATE_RECHERCHE, DETAILS, GLUCIDE, PROTIDE, LIPIDE) values (139, 151, 41, '521-11-27', '9P5VLP1ARB6AEI55J97RI2JJ0AFM6TBYOBK7TBFVX8FBLLHGE0YSIN56VN3D86DNXC0FHAUG50A14EHB JD0R8D78IX8126O2URY', 49, 85, 80);

insert into RECHERCHE (RECHERCHE_ID, USER_ID, CATEGORIE_ID, DATE_RECHERCHE, DETAILS, GLUCIDE, PROTIDE, LIPIDE) values (165, 68, 199, '42-6-28', 'LVKATK6DHSS3D 91HJAD IHVSBQI308RH7LPB5QSGFN8HQN572SJYGEI1ELJXG1B 5K0V7OAEQ075IQ3 09JUJJYRP09C WNBBTK', 90, 3, 19);

insert into RECHERCHE (RECHERCHE_ID, USER_ID, CATEGORIE_ID, DATE_RECHERCHE, DETAILS, GLUCIDE, PROTIDE, LIPIDE) values (46, 86, 31, '538-12-1', 'NKXFX FI6AS46GW884VGBBY82QQA178TP9K7456O7AC2M8GJNYJUH5XXQ3LB6YG51NS8I05AT3 AIXCFI UHIV6 UQOC5MQ0HCYM', 11, 62, 73);

insert into RECHERCHE (RECHERCHE_ID, USER_ID, CATEGORIE_ID, DATE_RECHERCHE, DETAILS, GLUCIDE, PROTIDE, LIPIDE) values (3, 69, 149, '34-11-27', ' 4VVHIJMHYPU6I88XXMYTMDJTY0XTAN1TVK3KMXIKF8TU2CJSKQJ006KCJUDSLJNQC4MDTAW6CDCNHWBHTRCOETLFNHYXSG5UH03', 25, 72, 65);

insert into RECHERCHE (RECHERCHE_ID, USER_ID, CATEGORIE_ID, DATE_RECHERCHE, DETAILS, GLUCIDE, PROTIDE, LIPIDE) values (114, 107, 147, '239-8-10', '3SU85F5JOUV2TFJ4YL3E3HS7RMFUNYG9UF1IS6BHVKAS12JKVP18RWCSO3LF48AVM0F9OV8A2BG1R0 GF2RWBLBB1J9AJLYOC1RL', 40, 73, 23);

insert into RECHERCHE (RECHERCHE_ID, USER_ID, CATEGORIE_ID, DATE_RECHERCHE, DETAILS, GLUCIDE, PROTIDE, LIPIDE) values (71, 145, 194, '438-8-27', 'WLX410PV0GNLGCLP10LG0JX6O1NJU9W1X737HYLV8B0SRH JJFNYQY6JOE58TSVSMD1QXLV8BA7W0NJRXUOI8 U82AYOXXXFAGTY', 8, 61, 71);

insert into RECHERCHE (RECHERCHE_ID, USER_ID, CATEGORIE_ID, DATE_RECHERCHE, DETAILS, GLUCIDE, PROTIDE, LIPIDE) values (85, 185, 139, '513-10-12', 'XSDKGU1TSD3CP3JXH0UOT24QODD8KO17TK32CBXHLFIPPQN0ASAVBWGEK QUK00QWA8I2O TTUXTA56JFBEAAPDLWYPJT8QYFM33', 92, 10, 50);

insert into RECHERCHE (RECHERCHE_ID, USER_ID, CATEGORIE_ID, DATE_RECHERCHE, DETAILS, GLUCIDE, PROTIDE, LIPIDE) values (31, 138, 41, '1882-8-30', '1T SRYK83IXGIVLYX8YBYT145VT6FG7O7BBGNET 9PDL50GFU  MV9SVYAJW007ISK1UL29NAIKWSKPT 8SJRD1OVIUH0SUHJRW0', 68, 34, 56);

insert into RECHERCHE (RECHERCHE_ID, USER_ID, CATEGORIE_ID, DATE_RECHERCHE, DETAILS, GLUCIDE, PROTIDE, LIPIDE) values (53, 163, 139, '1469-9-28', 'L5LC3CABTO7OR2H6KG4V2IBGBJ40IU92M2PQ K VIQ 8 AQN73GD2W7AMA5X7K66HLLXQ6PK2G84VKX4F7MNS4EJLD6RKFCIYRGO', 66, 93, 6);

insert into RECHERCHE (RECHERCHE_ID, USER_ID, CATEGORIE_ID, DATE_RECHERCHE, DETAILS, GLUCIDE, PROTIDE, LIPIDE) values (169, 81, 38, '668-2-1', 'G17GJRBK A2R XGMLGHRSFMGWR37NUM7PRVM YQAENUSEPSU7UNKMB3HXLFK4FMAEQQ69I4LIMMH89RBS5SLH7BYRU1UUE17X6H8', 88, 47, 33);

insert into RECHERCHE (RECHERCHE_ID, USER_ID, CATEGORIE_ID, DATE_RECHERCHE, DETAILS, GLUCIDE, PROTIDE, LIPIDE) values (62, 65, 59, '968-5-18', '7ABA5 C2WMKLVWFGNK5E 48A7XRT11I1JD9PK8OWP2LSHHRW95PXGV 9GDOGX1SRV44PFPXAV6DJX0MNEX46L9W4RIX13Q1MR66O', 50, 84, 54);

insert into RECHERCHE (RECHERCHE_ID, USER_ID, CATEGORIE_ID, DATE_RECHERCHE, DETAILS, GLUCIDE, PROTIDE, LIPIDE) values (43, 120, 58, '1853-9-4', 'QH1NJRMY1EIE27TA5CA88ATYLFJXMITK GNBR 7S CL05KA08T41V0R6S7BYTBPU0A0SG938BCN8FW7IHAX J7C6HXY2K4JH4E1I', 91, 22, 34);

insert into RECHERCHE (RECHERCHE_ID, USER_ID, CATEGORIE_ID, DATE_RECHERCHE, DETAILS, GLUCIDE, PROTIDE, LIPIDE) values (196, 104, 152, '311-1-2', 'IAH02N6 MADLS11J3QB0U9TL1O90Y1DYN1PGNA93C7UJL8B76OK6IMSXB1XHL67PJR7CU4QH4BP5OQDKGH6TH9JJDLRIKNF9R M0', 41, 89, 76);

insert into RECHERCHE (RECHERCHE_ID, USER_ID, CATEGORIE_ID, DATE_RECHERCHE, DETAILS, GLUCIDE, PROTIDE, LIPIDE) values (130, 153, 43, '19-12-14', 'VQ 3BM9T78D6GSBG54AU1X47QYN9TJRDCH4XCE DR59NKKEBE0YD4YJ6EI0A1JLTCKXYD5H9ERIL62X1EH5MBURNADE0RC6A8YR7', 96, 55, 61);

insert into RECHERCHE (RECHERCHE_ID, USER_ID, CATEGORIE_ID, DATE_RECHERCHE, DETAILS, GLUCIDE, PROTIDE, LIPIDE) values (18, 14, 125, '1744-5-22', 'KRJFI2DPHSKTUV2473KBIID55NT8WBOSYA1CWWOPOK7DQAMHAG GKL2DBDVPK8FSJ531SSXARHT1JOCB0Y5SD2CF9Q 6VXDB41X1', 72, 74, 93);

insert into RECHERCHE (RECHERCHE_ID, USER_ID, CATEGORIE_ID, DATE_RECHERCHE, DETAILS, GLUCIDE, PROTIDE, LIPIDE) values (5, 39, 156, '1503-2-15', 'T497QVIJ3OG9MVFNB8O4X9TQXJJJIUYE01JBHEN8ORS0DU9U33793PA 5VMODVORTH8DQ0O0Y6V9EP9SUHQNJ7G1GKXX8KU735GA', 13, 56, 45);

insert into RECHERCHE (RECHERCHE_ID, USER_ID, CATEGORIE_ID, DATE_RECHERCHE, DETAILS, GLUCIDE, PROTIDE, LIPIDE) values (93, 150, 35, '381-7-19', '6W67  VRPN8D5YR7U1HK22IJNSBG3I WEK SAXM98240XYCTKWQRPK T K2NGU96XR07QNLKVQ0OKLBF5NPBF1O2I9BKA7F04KBF', 21, 59, 68);

insert into RECHERCHE (RECHERCHE_ID, USER_ID, CATEGORIE_ID, DATE_RECHERCHE, DETAILS, GLUCIDE, PROTIDE, LIPIDE) values (127, 83, 26, '897-12-7', 'LHXJBL4UUT1  I3IS8KMHKDG0F7GBA6YKMF08 XKXDNH9YQ3MP8WYCQ2J40HOK0VSYJV7EYDEQVY6RJFAR B T1S4OX4DBBRR7D3', 24, 94, 97);

insert into RECHERCHE (RECHERCHE_ID, USER_ID, CATEGORIE_ID, DATE_RECHERCHE, DETAILS, GLUCIDE, PROTIDE, LIPIDE) values (44, 132, 167, '877-10-18', 'PQXC973HTXPBHJR9HH3EI9NHEOUPEWOL33P5VUD45RI5BW6993TCQULNO4GC1AWENWDW1IF12XDUCIFS2ODHD5SR2E6VDF4HJT29', 57, 95, 4);

insert into RECHERCHE (RECHERCHE_ID, USER_ID, CATEGORIE_ID, DATE_RECHERCHE, DETAILS, GLUCIDE, PROTIDE, LIPIDE) values (106, 31, 27, '1688-4-7', '0SLCB9XTHTFEJL0B9QW0BI6 K51XWT5HD5X9MXX223SN8G4TRUBK1SUX641TQ65A5R3 LEA2UAO4K3BGLL0OTTLF4O79WDPYQKFQ', 7, 4, 10);

insert into RECHERCHE (RECHERCHE_ID, USER_ID, CATEGORIE_ID, DATE_RECHERCHE, DETAILS, GLUCIDE, PROTIDE, LIPIDE) values (166, 99, 8, '271-7-2', 'QD2V 7 HYRCAVUOM3F5UR27E99MA0CXUGVI11G7DNU3W58LN9TAYW7FEHXVM7M8L270NYDLIS4LDC6S4KEY5NUVH9QLUXQNBTV3C', 4, 9, 78);

insert into RECHERCHE (RECHERCHE_ID, USER_ID, CATEGORIE_ID, DATE_RECHERCHE, DETAILS, GLUCIDE, PROTIDE, LIPIDE) values (118, 39, 109, '387-2-8', '42YKHK1CTWUD8UABMJ7W2C2CAQ4ETSG9BIRCPIT0BD2TA6KVRKQXCPP1OJ9842Y4QC8LCIG10DEVRO8SH1HUG06E0TDAO4L4X346', 38, 69, 72);

insert into RECHERCHE (RECHERCHE_ID, USER_ID, CATEGORIE_ID, DATE_RECHERCHE, DETAILS, GLUCIDE, PROTIDE, LIPIDE) values (78, 110, 41, '107-10-2', '6FLOHGGYJWUILT2YOS5EJ D BNK0X0WWYF3NOXGLFN639JSP3SLMX9TUTL5343PO9WXAYXD952324NLFU3J19N DU9V6B8CEMJ8D', 33, 38, 48);

insert into RECHERCHE (RECHERCHE_ID, USER_ID, CATEGORIE_ID, DATE_RECHERCHE, DETAILS, GLUCIDE, PROTIDE, LIPIDE) values (138, 77, 34, '1573-9-13', '6CPIAKOI5D3KU07B1YR6Y6BLQ 70FDBAGVQXFS51SPJK080J6POTM5B7 QEH1MMWFWA3XPVSVEVX2MFCXAYW99TG4OPTPVSN3QYP', 20, 92, 16);

insert into RECHERCHE (RECHERCHE_ID, USER_ID, CATEGORIE_ID, DATE_RECHERCHE, DETAILS, GLUCIDE, PROTIDE, LIPIDE) values (66, 153, 189, '822-10-5', '6KCGL0N7RC7X1TH34XW9JRG2IXJGUDWDEW97NX3WNX50L7R3FTT34PSAJVUSJM TQIIT075M929T54YM9U1 30DLR5SOC1PS9G0J', 64, 75, 58);

insert into RECHERCHE (RECHERCHE_ID, USER_ID, CATEGORIE_ID, DATE_RECHERCHE, DETAILS, GLUCIDE, PROTIDE, LIPIDE) values (153, 76, 54, '1165-3-16', '6SBY TQ5L2XEM92E3 L3 DJOY080X4Y5 CSL4HU9AA58HJOH8OHY1KKUCODBL5N PDG6WN31XTRWLHRRW QDJWDR XMI1HJX 1SF', 81, 14, 51);

insert into RECHERCHE (RECHERCHE_ID, USER_ID, CATEGORIE_ID, DATE_RECHERCHE, DETAILS, GLUCIDE, PROTIDE, LIPIDE) values (52, 191, 160, '702-11-13', 'G73UPGL9P7BE0IOL3WPLPJ2GXC9DXG03TBMJ5S36H K1UOBU6ED TXK0V6L70DXXXEMM89DKFIVV2PAE6FF5WEI5DSFW4E0RM67 ', 94, 24, 67);

insert into RECHERCHE (RECHERCHE_ID, USER_ID, CATEGORIE_ID, DATE_RECHERCHE, DETAILS, GLUCIDE, PROTIDE, LIPIDE) values (80, 73, 90, '1106-1-17', 'AY7D NQMSJXMFD1S200SS8WGIXEDMNM54U0JJNTKIY7T2VI7SKTWGT9EY2VON396WOV2BYYF3HQD9UD4XPDJK6VQHSXJ72OK6WJ ', 55, 64, 83);

insert into RECHERCHE (RECHERCHE_ID, USER_ID, CATEGORIE_ID, DATE_RECHERCHE, DETAILS, GLUCIDE, PROTIDE, LIPIDE) values (69, 26, 104, '1172-3-2', 'HB4KWHRP0H9XSSPP98A1NRNXSFMFYUFC4RFSL1AA8AXG11KIJ49HCJSQRA DNJJA7N7JC0VKQ0D2TDC0CCMOXCS0F2RK2VNVMKVN', 46, 45, 38);

insert into RECHERCHE (RECHERCHE_ID, USER_ID, CATEGORIE_ID, DATE_RECHERCHE, DETAILS, GLUCIDE, PROTIDE, LIPIDE) values (143, 169, 17, '1923-6-13', 'N3Q1APPPLJ1EIMFR49QRYG5ODG296D1LFRT8IP7S91DTRYUH25A0GEHX7OTOI9HC27ORYL8B78OHSO729KXVW5B1KRMBAO3EAFJ6', 37, 1, 31);

insert into RECHERCHE (RECHERCHE_ID, USER_ID, CATEGORIE_ID, DATE_RECHERCHE, DETAILS, GLUCIDE, PROTIDE, LIPIDE) values (109, 169, 34, '1558-10-29', '29FS24 L4D1AP NG789BXNSFYBYR88848XI91MXF7WXFQJ5W7H5K33BA 7A2G8CAO E9MDVBFFQB48TDM Y29NT6OMIBYQ0BM73Y', 51, 65, 7);

insert into RECHERCHE (RECHERCHE_ID, USER_ID, CATEGORIE_ID, DATE_RECHERCHE, DETAILS, GLUCIDE, PROTIDE, LIPIDE) values (167, 18, 37, '429-4-2', 'RRQJ2CFB0RN314SR5NMH85483V3 3LTXU16GAD3B PBB0IX0R5PKTMUWML404FYDK6HH6I0R2B5A 5URK1OTG7I1QL77KB  4YL0', 43, 81, 24);

insert into RECHERCHE (RECHERCHE_ID, USER_ID, CATEGORIE_ID, DATE_RECHERCHE, DETAILS, GLUCIDE, PROTIDE, LIPIDE) values (38, 186, 164, '158-2-21', 'Q2MLKQ4BA74GG0SO4A5U1B5C84MY1W4IVJIACSVQ66I4NGYMMJX3J2GBUXN3CCAFDRGVL6QXUWW8UMS4Q 53LV90 74NEE1CYWAV', 45, 11, 52);

insert into RECHERCHE (RECHERCHE_ID, USER_ID, CATEGORIE_ID, DATE_RECHERCHE, DETAILS, GLUCIDE, PROTIDE, LIPIDE) values (101, 10, 85, '459-9-28', 'VAL9ADDV4IJQ4UCL1JAA5N4H 0YQ8C4E8D36IY6N W30DO2 3P05T9YWAS77QQ522DI4DAMNBD JXB64DPIIA94TW7QDW1R 84QM', 98, 54, 55);

insert into RECHERCHE (RECHERCHE_ID, USER_ID, CATEGORIE_ID, DATE_RECHERCHE, DETAILS, GLUCIDE, PROTIDE, LIPIDE) values (33, 21, 37, '1251-9-11', 'PABJF9GX6TKFWRKFT76NUI1V1IGTX5C543WH OBVGLET4TIWIYXCJQBCEPWTTTMA98875K50XBWSVJH0FLADRNFI6D PX7ELMEBY', 1, 23, 41);

insert into RECHERCHE (RECHERCHE_ID, USER_ID, CATEGORIE_ID, DATE_RECHERCHE, DETAILS, GLUCIDE, PROTIDE, LIPIDE) values (140, 120, 157, '754-2-5', 'FL42OWHBEI5VIIBQRUV3DMNQP98PMOAIR81TQLQ C WLNDA 5OTVYT2P0MCAJBI5FRE00VCSR2RCL5K6 B3MSLKY4SKYLYFR86DG', 32, 49, 75);

insert into RECHERCHE (RECHERCHE_ID, USER_ID, CATEGORIE_ID, DATE_RECHERCHE, DETAILS, GLUCIDE, PROTIDE, LIPIDE) values (149, 133, 111, '1718-10-21', 'BL9D5KFC02PXPO56OWLBO0GHYGNN9BQ1DRHTC68RHMED5G4EAYR8R94KM 0Q4SYKUQ8UN96VHNJ6L5T678UKVEF IYDHQY5096UK', 15, 83, 5);

insert into RECHERCHE (RECHERCHE_ID, USER_ID, CATEGORIE_ID, DATE_RECHERCHE, DETAILS, GLUCIDE, PROTIDE, LIPIDE) values (102, 178, 131, '1275-2-9', 'Q1X F65IN0NFWISTW0VJI3WTGY481 TROHSEMMC5F3Q3STOY3GK2CFU93S89KCUO DPG8LJBD8U67JRI7VAGP7KSS4M23QR2L8BK', 26, 43, 29);

insert into RECHERCHE (RECHERCHE_ID, USER_ID, CATEGORIE_ID, DATE_RECHERCHE, DETAILS, GLUCIDE, PROTIDE, LIPIDE) values (25, 144, 109, '1437-3-7', 'D 5UE2DNB8EIA7JK3 N04G ORXH9REW421T RYEL8U7KW6EC0MU044R5NX748 EJ98EN63N21JVQY9MQV8 D550LR37 4UECRBT6', 17, 86, 91);

insert into RECHERCHE (RECHERCHE_ID, USER_ID, CATEGORIE_ID, DATE_RECHERCHE, DETAILS, GLUCIDE, PROTIDE, LIPIDE) values (135, 106, 111, '999-8-13', 'PFH6LR8PQRNRV8490ED4X0XRXO50AD6JVOX3SADM0PJDABGDXIAV KYXNWJ2IOR4LEQXC3F7XY1P5GBWHUR1MX2FKR63YV Y7V7X', 56, 77, 42);

insert into RECHERCHE (RECHERCHE_ID, USER_ID, CATEGORIE_ID, DATE_RECHERCHE, DETAILS, GLUCIDE, PROTIDE, LIPIDE) values (174, 15, 73, '1366-11-9', 'WISP 4JSHV8KPNFUFI7SGA8P3TFID6DA05VU6M2R63TP2VNJX2D0G8LI9PTUA6VB5TEYUMBR3YX3C9GEILVN57S6R02JFJ19PP5V', 73, 41, 85);

insert into RECHERCHE (RECHERCHE_ID, USER_ID, CATEGORIE_ID, DATE_RECHERCHE, DETAILS, GLUCIDE, PROTIDE, LIPIDE) values (20, 102, 37, '1839-2-18', 'P3OYWKI1SDFPID1UGJ0EQF7OSNUHW82X0R5K89QG2HWU5 G7SE3W90GWOQWBY3B196FTMPTP7QU6KARUXNJFB06DVSJ6XA4MHNS0', 19, 6, 12);

insert into RECHERCHE (RECHERCHE_ID, USER_ID, CATEGORIE_ID, DATE_RECHERCHE, DETAILS, GLUCIDE, PROTIDE, LIPIDE) values (150, 176, 93, '147-5-1', 'JU8ROYU3SEVI01IRU0WSIKOFU4YM198EAWK1CU70SRREO0SRKX9E7MXLK3DIQVFD4CLKGUTGE0M9WVV88T3XVAI3X25CS5M9807V', 83, 40, 28);

insert into RECHERCHE (RECHERCHE_ID, USER_ID, CATEGORIE_ID, DATE_RECHERCHE, DETAILS, GLUCIDE, PROTIDE, LIPIDE) values (40, 47, 39, '1286-3-13', 'P5BUD6QE3MV2G6FOXODHM66NRISGMWH 6SWSDIML13K6RNDH4O39ASIIO6KECEMHDIGS IV7 WEII98OP U2ELCJ 56K640J5XKF', 87, 27, 9);

insert into RECHERCHE (RECHERCHE_ID, USER_ID, CATEGORIE_ID, DATE_RECHERCHE, DETAILS, GLUCIDE, PROTIDE, LIPIDE) values (141, 100, 196, '1667-12-22', 'P1B3JFH139H571KGGJ3UH7KE Y6QUCGEV6WPPTIRP6PBO2R2RW85EWAGE4TB5XYASBPY 2WQJVO5I3MLJ6GNDKKA21SX5KLTN30A', 63, 58, 17);

insert into RECHERCHE (RECHERCHE_ID, USER_ID, CATEGORIE_ID, DATE_RECHERCHE, DETAILS, GLUCIDE, PROTIDE, LIPIDE) values (129, 84, 199, '1397-7-1', '5VR KFB3JX0QY6M1HBCGFI3VFYKOKI8RGQRNT8Q5Y6G72YPN424LXJUWVKOMJQXVL AU3 4WF52RTXV76I3BVFFBSMFGIAUOKOEQ', 5, 70, 87);

insert into RECHERCHE (RECHERCHE_ID, USER_ID, CATEGORIE_ID, DATE_RECHERCHE, DETAILS, GLUCIDE, PROTIDE, LIPIDE) values (190, 32, 6, '1547-9-22', '6LWEY0P84QF3X35CHS9  7 Y9 USWNQIRCM80PTFP9U5 2TDVH 7J45 JV CFJNEEP JEWK69RPSHF742NDY1XCEYAGYGS5NLIU ', 52, 12, 70);

insert into RECHERCHE (RECHERCHE_ID, USER_ID, CATEGORIE_ID, DATE_RECHERCHE, DETAILS, GLUCIDE, PROTIDE, LIPIDE) values (124, 168, 13, '137-12-27', 'F4PEDQTWV16D1SDMF2Q32WMUMLWKQT8SQMO0JW3Y1H7XLJ462N11CL Q2X7F3 BNDGMY6DMXA2GNIYT3RMQ63L7V8J0MWNEUTGA8', 97, 51, 47);

insert into RECHERCHE (RECHERCHE_ID, USER_ID, CATEGORIE_ID, DATE_RECHERCHE, DETAILS, GLUCIDE, PROTIDE, LIPIDE) values (133, 62, 87, '1014-3-15', 'JFOCC0OCFBVGMQVHLC313  H9R06Y81TWQM988DYW5VRAG810LOKVKCH6HSX25 RC519JFLDFBJ3Q25VEF28DF21LBH VFU6VVNF', 9, 17, 82);

insert into RECHERCHE (RECHERCHE_ID, USER_ID, CATEGORIE_ID, DATE_RECHERCHE, DETAILS, GLUCIDE, PROTIDE, LIPIDE) values (194, 172, 154, '216-9-10', '635LDXQ4COQ3R4IINERMB04PF005GDAFFIGL0FH W3NSYAJ897MP3NR09MHTXE F1QKDIG0BNYB4TTOV49MVKIOD9S C0XY46M80', 16, 67, 2);

insert into RECHERCHE (RECHERCHE_ID, USER_ID, CATEGORIE_ID, DATE_RECHERCHE, DETAILS, GLUCIDE, PROTIDE, LIPIDE) values (171, 11, 16, '414-9-5', 'P3QI3TPC1PMLFW8RYHLNQPLS0X65G2BULEDRMXQBVNAGECX1A9CTEODBKJ9BLR2LJ7HSWCCRDE969PB3NRJ4F4 TXN7WIRW6YH8F', 86, 78, 99);

insert into RECHERCHE (RECHERCHE_ID, USER_ID, CATEGORIE_ID, DATE_RECHERCHE, DETAILS, GLUCIDE, PROTIDE, LIPIDE) values (108, 43, 22, '465-8-17', 'TKFFI54BM8S2WMD4HDL11N5R2SY96MY PUF39GNWM1C4UT9ULL SS5D6I94IF438B6ILD3NJNYOF3KRX6PNWX3D0JGWNSXAMSFHP', 65, 5, 46);

insert into RECHERCHE (RECHERCHE_ID, USER_ID, CATEGORIE_ID, DATE_RECHERCHE, DETAILS, GLUCIDE, PROTIDE, LIPIDE) values (7, 178, 42, '29-12-19', 'M37DMM59AEJI4EP74PQO7DHDC6B O5SDMUI1SGRTU4I8M7 M0G930UPI B5TXRKGX XRUN4E8RNBEBW214VQTG0UK0U0XDKW EY7', 82, 57, 92);

insert into RECHERCHE (RECHERCHE_ID, USER_ID, CATEGORIE_ID, DATE_RECHERCHE, DETAILS, GLUCIDE, PROTIDE, LIPIDE) values (34, 4, 127, '869-6-30', 'W6LCOQ5HHVJGMROIWKJ6VCN4EY8O4A9OFT3 FNBYDMOS2QV10B4EJI05L8MSL5NXC4APKFOKX8P3KLWA8O7F44HM0QI8LP59XEGX', 22, 16, 32);

insert into RECHERCHE (RECHERCHE_ID, USER_ID, CATEGORIE_ID, DATE_RECHERCHE, DETAILS, GLUCIDE, PROTIDE, LIPIDE) values (54, 51, 107, '392-12-23', '5AVNF3QF9ABV2BU531ROPOA461UKXQI31OO0KCGT60TWGSVJTCRW16 ICE15G21N4F12G 9E8590PBOKLFHFT2CIXH701 B43I3P', 31, 28, 53);

insert into RECHERCHE (RECHERCHE_ID, USER_ID, CATEGORIE_ID, DATE_RECHERCHE, DETAILS, GLUCIDE, PROTIDE, LIPIDE) values (58, 176, 107, '304-2-7', 'MQ6A9JPDJYCAM14 8YPAR3XIL081LB3EW3XP04BO4LLRY40RXA31JFYNICC 7EH4ODTS48G7YTS0MWPIW96 TX7XH VJDOTDOOVT', 85, 21, 57);

insert into RECHERCHE (RECHERCHE_ID, USER_ID, CATEGORIE_ID, DATE_RECHERCHE, DETAILS, GLUCIDE, PROTIDE, LIPIDE) values (142, 37, 140, '1033-5-5', '5HKO0017JWTHLSBC5BSDOROCECU7 UR1KPBFOE0HH 6HUOHFYLWJN7B2MSG65ITQR1K9NX2077QVVGCJI1XKDO D7TOE44 9YY7J', 39, 99, 79);

insert into RECHERCHE (RECHERCHE_ID, USER_ID, CATEGORIE_ID, DATE_RECHERCHE, DETAILS, GLUCIDE, PROTIDE, LIPIDE) values (49, 21, 87, '373-1-28', '5C7 BYNIBE5 29E08CG06ESI8WWXC4E5Q64NCV6T8NX6S313 3BQKT2NASV61KEJEQ4ARXSO329HNNPHTNNB8P2KDLTD1JNNI377', 12, 87, 8);

insert into RECHERCHE (RECHERCHE_ID, USER_ID, CATEGORIE_ID, DATE_RECHERCHE, DETAILS, GLUCIDE, PROTIDE, LIPIDE) values (155, 39, 122, '178-1-14', 'UA1LRBFDNCDDBHBK0VGF4UC07LQ U4 QWHQJIUCAMW9JHTQDLH30GVQJCKEINHS72BQ1 ULRB9M9QR2LJYXNSSVH7LJTHMJ2FS46', 28, 0, 44);

insert into RECHERCHE (RECHERCHE_ID, USER_ID, CATEGORIE_ID, DATE_RECHERCHE, DETAILS, GLUCIDE, PROTIDE, LIPIDE) values (30, 0, 199, '1410-6-5', 'ACFAFP0DV334G 33VIBED18 EQVPWA4IX5RFHR 63E8XOKXRYOBVDLOLST0LEF35RR3S 9EK14KYLYVHKSRGN88THNX8P4LR4LO ', 0, 50, 0);

insert into RECHERCHE (RECHERCHE_ID, USER_ID, CATEGORIE_ID, DATE_RECHERCHE, DETAILS, GLUCIDE, PROTIDE, LIPIDE) values (177, 109, 160, '647-5-31', 'AA6YQEV9EOJPR15UJ7FAPS54IKAIOQDNQ9FAL6JT9LODXHPO9 Y93KYTD615L3PIHSD1H7MQ7T9 VVAO FNGQ47XURVWCDT9NUI6', 53, 63, 89);

insert into RECHERCHE (RECHERCHE_ID, USER_ID, CATEGORIE_ID, DATE_RECHERCHE, DETAILS, GLUCIDE, PROTIDE, LIPIDE) values (191, 140, 189, '1815-4-14', 'MYV47PAHUUDJRLI40DG1ABWIV1LM8NB9PRL24Y2HHQ42KVO3TXVS16GBIDHF5PLCQOWQPH 0ROD08VGNEBDWAW050DOG7U718JED', 34, 30, 60);

insert into RECHERCHE (RECHERCHE_ID, USER_ID, CATEGORIE_ID, DATE_RECHERCHE, DETAILS, GLUCIDE, PROTIDE, LIPIDE) values (181, 1, 26, '1460-12-27', 'MKJO6MM9KJCOFSF17E7DIVXJ526F10H5GPHMK9YL84WK0B8YSTSWJGPKMRP8FI5BQPNH636YT1Y8KRLF0LQ42I6F4K6L3807RM3I', 60, 29, 11);

insert into RECHERCHE (RECHERCHE_ID, USER_ID, CATEGORIE_ID, DATE_RECHERCHE, DETAILS, GLUCIDE, PROTIDE, LIPIDE) values (42, 16, 83, '739-3-15', 'ODQ9T4E51O08OF52H7125D2845F4XTYE44PFMECAPGL8JC85IGRG0D2F00CDDXKF 8WHJ716896AALFHD0GL 3 YNDDE8WFC6AOD', 29, 33, 22);

insert into RECHERCHE (RECHERCHE_ID, USER_ID, CATEGORIE_ID, DATE_RECHERCHE, DETAILS, GLUCIDE, PROTIDE, LIPIDE) values (15, 6, 54, '492-1-6', 'S6VUR 6BGRBJMCSH88T4DKTKIX6IXO47H6EVSCQ6IOKG9R77TUNRWPLB5HMSYLY1NFBE9VLWUH4UOCRVQ9U9BNB5YBPID L 8DJ1', 18, 66, 84);

insert into RECHERCHE (RECHERCHE_ID, USER_ID, CATEGORIE_ID, DATE_RECHERCHE, DETAILS, GLUCIDE, PROTIDE, LIPIDE) values (151, 115, 158, '1510-12-15', 'GU5FQKYUNW5JU3SI627KNIJMOK151Q2 59JSDNA4F2RFY64 EE73XDDLRV QTJ2XF1G2UNGXLAKPRQLMCXTBAIOCY7SX73X3WQAA', 14, 8, 37);

insert into RECHERCHE (RECHERCHE_ID, USER_ID, CATEGORIE_ID, DATE_RECHERCHE, DETAILS, GLUCIDE, PROTIDE, LIPIDE) values (88, 17, 187, '855-4-16', '5TY 6QAKU53YQLBT7T0G OGYS029GS3M6QHKMC99Q7R Q9J70G3W 3M3057QHDK7S6SGQWG3TVRAWF160WUAH4OM9M4BQF17O8W1', 93, 18, 95);

insert into RECHERCHE (RECHERCHE_ID, USER_ID, CATEGORIE_ID, DATE_RECHERCHE, DETAILS, GLUCIDE, PROTIDE, LIPIDE) values (117, 122, 38, '593-8-12', 'SYICGGIY7I FDVAPE7JVRVRFDQLSGBX5DTRDUIIM0M7N5ENT4IU8RM9V SU9N057KJ4K4WIG4O8MBQAQD3V1AVX5JY4VQB05U19A', 42, 36, 59);

insert into RECHERCHE (RECHERCHE_ID, USER_ID, CATEGORIE_ID, DATE_RECHERCHE, DETAILS, GLUCIDE, PROTIDE, LIPIDE) values (47, 28, 90, '1451-10-20', 'CQC3OC74THP7BNLQDV47F8FX0G3E2 F0GH1TA6YYEJKFJRLRV6IHGKEQRV6YGSJ69RQCYDW0S R6 R5MNNR0SLBN5D5ERP6AKMQ ', 59, 15, 14);

insert into RECHERCHE (RECHERCHE_ID, USER_ID, CATEGORIE_ID, DATE_RECHERCHE, DETAILS, GLUCIDE, PROTIDE, LIPIDE) values (184, 149, 192, '618-10-31', '2074L97Q2Q5SCDUC2Q44712Q0OLV19KIGVN8C23XJM5UNRRLB6GKW75JPKOH89UABLMAFFP3M2ED1IRBWYKE5HT QW0QMEC7AKA8', 27, 46, 1);

insert into RECHERCHE (RECHERCHE_ID, USER_ID, CATEGORIE_ID, DATE_RECHERCHE, DETAILS, GLUCIDE, PROTIDE, LIPIDE) values (176, 176, 167, '1097-5-29', '6JH4WJSYYJ7POUE4ORKNF0R8LT1NDYC2V 1GD9T7Q4MEVEGA7A2SH1TMFV0K0P6VLM50FAPUMROL4Y2FCG82 WPMC8JF2IXPFHR9', 89, 32, 66);

insert into RECHERCHE (RECHERCHE_ID, USER_ID, CATEGORIE_ID, DATE_RECHERCHE, DETAILS, GLUCIDE, PROTIDE, LIPIDE) values (189, 154, 95, '1200-1-16', 'YDBKR982HM14K2 RHALWEU19SX8MB1X834427Q82DAY095KLVOA9NY2JS8IS4WWHIVB4XIWDOO1PS 7XIBCF01DD5IRDL1219TOJ', 54, 88, 39);

insert into RECHERCHE (RECHERCHE_ID, USER_ID, CATEGORIE_ID, DATE_RECHERCHE, DETAILS, GLUCIDE, PROTIDE, LIPIDE) values (145, 60, 142, '121-9-17', 'SAHBN83WC7FK57V89WTCBLPJFPYJRUQ5KXHRY7OA1MVWW7NJ5LGL75NI7EA3UNKSXPI4OMXMXG9SCX66CHHQ2KMLDXXETR0CH2BB', 35, 44, 40);

insert into RECHERCHE (RECHERCHE_ID, USER_ID, CATEGORIE_ID, DATE_RECHERCHE, DETAILS, GLUCIDE, PROTIDE, LIPIDE) values (94, 148, 152, '1785-1-16', 'A9POX4LPFOJ2B780K190DCWMAFGRPTUSNRG8XCXLHOJ5JN93UKV4G0DHBO1Y Y7I4GD6M3JYCULEE17ACWF9ULOAFEIYNWM0BI6A', 70, 60, 90);

insert into RECHERCHE (RECHERCHE_ID, USER_ID, CATEGORIE_ID, DATE_RECHERCHE, DETAILS, GLUCIDE, PROTIDE, LIPIDE) values (123, 23, 118, '1006-1-21', 'OOUT4XST3UVB LKTO0ARH49PV7IDFVDJONDQFDUEUTAJ3 J6XGUARBEBTRE3W82T3UVR9J58P JSD4BSIE6OX4MUIT0DO203AE7J', 2, 35, 21);

insert into RECHERCHE (RECHERCHE_ID, USER_ID, CATEGORIE_ID, DATE_RECHERCHE, DETAILS, GLUCIDE, PROTIDE, LIPIDE) values (4, 171, 109, '1185-4-28', ' FTEMOXFXYG5BL7C4IBDUR9S3PLDJQF8GWI0IIXDB37R0436T6J1ND3KV6YN1HOJTLL84C41G1I59B1NYPX2PNRC5BSYVODLPX39', 99, 48, 98);

insert into RECHERCHE (RECHERCHE_ID, USER_ID, CATEGORIE_ID, DATE_RECHERCHE, DETAILS, GLUCIDE, PROTIDE, LIPIDE) values (82, 63, 103, '553-6-30', '7CAGO WVNRIPTCWLNWKFGRHF2IY863OACYB2RXLKKC2W57EV1Q0JRW35IK4NL1QL1WAXTQHTE8H82456B0R FWBA0MOPUJ6FO7FM', 84, 20, 49);

insert into RECHERCHE (RECHERCHE_ID, USER_ID, CATEGORIE_ID, DATE_RECHERCHE, DETAILS, GLUCIDE, PROTIDE, LIPIDE) values (154, 100, 80, '51-2-5', 'FW2AFWLA4RFSVVLL6RI ARLQ54P3M547KTKPT2I59J82YQIQ77OH E K43MY3BYBKLSRNREHSO5BRBLB3RI0M54MUKUD7IK49798', 23, 25, 74);

insert into RECHERCHE (RECHERCHE_ID, USER_ID, CATEGORIE_ID, DATE_RECHERCHE, DETAILS, GLUCIDE, PROTIDE, LIPIDE) values (164, 179, 78, '1757-3-26', 'V9MGI5JXDM4QTRCTM HVSF1R0XTBSA4WF5PQKQADSWJXQ848C3NPSAFKGWQ3RC6L3ABLIY02XQGFO4IK20D54N 7E7I85MW4KUAQ', 71, 26, 30);

insert into RECHERCHE (RECHERCHE_ID, USER_ID, CATEGORIE_ID, DATE_RECHERCHE, DETAILS, GLUCIDE, PROTIDE, LIPIDE) values (131, 113, 19, '1931-4-11', 'C5YHJXK7U1S7VGJRGO97KSE0E7FEG6MHFH25DMTUTFXKWJ9JWFI4NVX8AVIC91GMJRVM178FLHJ02MP3XNNG71Q819MVGE2KVQNF', 76, 53, 86);

insert into RECHERCHE (RECHERCHE_ID, USER_ID, CATEGORIE_ID, DATE_RECHERCHE, DETAILS, GLUCIDE, PROTIDE, LIPIDE) values (175, 159, 17, '719-10-9', '2C2IN7U1A9AKFX6UQ3LW9QT BIX61U78V0NBRET5BFILPLDWL5GN0HVN4XNU1A5NSGIG6L TU94BGR1A3KFFPF6XYH0IA4MC27C5', 36, 42, 64);

insert into RECHERCHE (RECHERCHE_ID, USER_ID, CATEGORIE_ID, DATE_RECHERCHE, DETAILS, GLUCIDE, PROTIDE, LIPIDE) values (156, 129, 131, '711-3-22', 'J5MNG9WITEQNE0RO6ASVXAWPK5I0V1Z4V6L7O5VEA4MQNFWEOMGMYQFE5WAE92EONKG3X 7PTGJAT2D5VPH9WHU4NT585MSLP0EY', 79, 96, 15);

insert into RECHERCHE (RECHERCHE_ID, USER_ID, CATEGORIE_ID, DATE_RECHERCHE, DETAILS, GLUCIDE, PROTIDE, LIPIDE) values (24, 122, 18, '421-10-2', 'G27TQN 3UFX SK YJHI 2 WDGDG6A AIJ CIQP2YK9HIX4LXJY KWC0LX9TC4QMEAL960HNONO0T5 NEHGY YLLR8HJF89LEQ3QQ', 61, 19, 81);

insert into RECHERCHE (RECHERCHE_ID, USER_ID, CATEGORIE_ID, DATE_RECHERCHE, DETAILS, GLUCIDE, PROTIDE, LIPIDE) values (148, 109, 198, '1537-11-24', '3J57S0SLPK6LTRBXI8HS0JCD4D1ASWOKY9PEGW30B2TT0X3L7J3KO68MNOEVCQ8OYT3669HS2HWDADEP3JI1OH875KUY3LMJU6PJ', 75, 98, 96);

insert into RECHERCHE (RECHERCHE_ID, USER_ID, CATEGORIE_ID, DATE_RECHERCHE, DETAILS, GLUCIDE, PROTIDE, LIPIDE) values (23, 75, 80, '199-4-2', '99M7FJCMVNNIP2J7CRNKB45ERR86T NGYFB0BTTYWR9UVRJ3TNTU7DS5URO6FTN FGKJ2LLRDUWYW LQ91CJEXV3UINKPX46SFGN', 78, 68, 69);

insert into RECHERCHE (RECHERCHE_ID, USER_ID, CATEGORIE_ID, DATE_RECHERCHE, DETAILS, GLUCIDE, PROTIDE, LIPIDE) values (134, 103, 69, '85-7-8', 'C1LI7FDQGXF6P4WSRD4642111E43 NCNB EN79MLOKGJ1CD9MX0F0VVO62DWVQMJH3BP5DRE1LO04FT3ROKUMLC7EJ6QAKYORV66', 74, 76, 18);

insert into RECHERCHE (RECHERCHE_ID, USER_ID, CATEGORIE_ID, DATE_RECHERCHE, DETAILS, GLUCIDE, PROTIDE, LIPIDE) values (183, 47, 65, '1524-2-27', 'O42MGKSOQFD 9GKH37STA9MRW913JHKOA4Y88R5TGNE7OVDFEYP8UDC8BBT9J QSH80Q49SLVNEI C1SHESSJXPC2FD7W5I5LM 7', 3, 90, 3);

insert into RECHERCHE (RECHERCHE_ID, USER_ID, CATEGORIE_ID, DATE_RECHERCHE, DETAILS, GLUCIDE, PROTIDE, LIPIDE) values (158, 119, 9, '827-8-14', '8XBBGC07I1AQ5BS85LPFIMWI7KGDWRQ53F39KT020XFE3TRXYYYR16T9FKR8KECQO62SHJFJORH1Y9RQLBRPTOO3WB7DOI0KBDW6', 44, 37, 77);

insert into RECHERCHE (RECHERCHE_ID, USER_ID, CATEGORIE_ID, DATE_RECHERCHE, DETAILS, GLUCIDE, PROTIDE, LIPIDE) values (192, 110, 14, '886-9-16', 'D7CG326U9B323S3M0Y54FODL8F2TR0UWBS0875R4FW7UX7LXO5336FCP3P265UVBCMWVF3A5U9OJY9H1POI7Q  G27OV3FKXB7LT', 58, 2, 36);

insert into RECHERCHE (RECHERCHE_ID, USER_ID, CATEGORIE_ID, DATE_RECHERCHE, DETAILS, GLUCIDE, PROTIDE, LIPIDE) values (113, 167, 128, '727-9-20', 'JRCARVA4HEQF 7K75MQQU2POI3651ET4RT9VAJY44UWK9RMDREQF2Q5UU NK8AHAOPYCIBOM0K818K4IE4QF8V68UYINIBNGAM22', 77, 91, 94);

insert into RECHERCHE (RECHERCHE_ID, USER_ID, CATEGORIE_ID, DATE_RECHERCHE, DETAILS, GLUCIDE, PROTIDE, LIPIDE) values (11, 110, 121, '986-8-18', 'EIQ6LEMDF5P0AE7PRH27PP11F4J61KUJUSIXTUN5BD5O1M770U9L0N1BDPHMQA79L2HJXBH0CAF OYIX5HEUS344P92GMEQPDHE4', 67, 39, 13);

insert into RECHERCHE (RECHERCHE_ID, USER_ID, CATEGORIE_ID, DATE_RECHERCHE, DETAILS, GLUCIDE, PROTIDE, LIPIDE) values (91, 62, 100, '285-9-30', 'NW1LQBNUNDIYD97XF0F3NCXWB7NHRJ2H4ISLP31QSK9AQ8OAS6U DRWNWUU48YHSTVXQDL2NC1H35TTX18VIWK00S7WA8TUUQEAR', 48, 13, 88);

insert into RECHERCHE (RECHERCHE_ID, USER_ID, CATEGORIE_ID, DATE_RECHERCHE, DETAILS, GLUCIDE, PROTIDE, LIPIDE) values (86, 13, 121, '844-12-5', 'Q083Y4KGHOWFUINE85DSUYYL2DGY4EDFOVB6PVJKISBT760I86C9BLXPX9R SVBK2Y7H142KXCMPM3FLMJCCWCADYCF8TNX1MBW4', 6, 31, 20);

insert into RECHERCHE (RECHERCHE_ID, USER_ID, CATEGORIE_ID, DATE_RECHERCHE, DETAILS, GLUCIDE, PROTIDE, LIPIDE) values (79, 163, 102, '695-10-28', 'UKHQAWI9V11K5G EO88B6R7OTBONYCNRDKUB28U49HM9DF3C32KAKY1OP9NDLORLCBQKOFNHFNMNR8JO1GS3XN09UMN416SBSUIU', 69, 82, 63);

insert into RECHERCHE (RECHERCHE_ID, USER_ID, CATEGORIE_ID, DATE_RECHERCHE, DETAILS, GLUCIDE, PROTIDE, LIPIDE) values (137, 184, 133, '963-4-3', 'ET22GN5ORXHBUQ1L0UFV1D2UL2D7AV3HG2H5SAYAMT3U633NHUNKF81JJSB1O 6UX4CJC5FIMJT95GF4W58WMO9906N4AG CV4BI', 30, 71, 26);

insert into RECHERCHE (RECHERCHE_ID, USER_ID, CATEGORIE_ID, DATE_RECHERCHE, DETAILS, GLUCIDE, PROTIDE, LIPIDE) values (16, 185, 157, '980-6-9', 'DOOFT0769I4YRNYXL04147GBUEGG6L5XK1E28DYOGR 4EHMARAQ T71 GP7MOAV715 JU3YE1IDM40C4VDR7 SW1M2HD39J8BSH ', 62, 80, 35);

insert into RECHERCHE (RECHERCHE_ID, USER_ID, CATEGORIE_ID, DATE_RECHERCHE, DETAILS, GLUCIDE, PROTIDE, LIPIDE) values (48, 120, 77, '812-10-29', 'HY7KRSFF4X857VKWFUKWCX673UGG9GKLUXXUQFUMG8PIA766TIUKWHUQ8M1V8GKKMCFGI30A65708KABS8MJ3RPIXHT XUJ4CR77', 47, 7, 43);

insert into RECHERCHE (RECHERCHE_ID, USER_ID, CATEGORIE_ID, DATE_RECHERCHE, DETAILS, GLUCIDE, PROTIDE, LIPIDE) values (90, 199, 166, '1863-6-1', '25 K58FXEX8JTS0T0KN7KNLTGJ4IH3XDPSGJ7960N1 4C46 9G6GEI8XE5N1EGDR8YSF1CEN7G7DOJL5STI MUTHO321D9JRSF0F', 80, 52, 62);

insert into RECHERCHE (RECHERCHE_ID, USER_ID, CATEGORIE_ID, DATE_RECHERCHE, DETAILS, GLUCIDE, PROTIDE, LIPIDE) values (22, 55, 76, '1342-8-28', 'BU9OQF6N1MPX QHH9NH1NL1VL9IA QSSJG1I94VAK7AGL5KPD7NT1NTW4FKPR5FS62539EWRAG5GTSXGS4TI1 CK 160ISWPIX8V', 95, 79, 25);

insert into RECHERCHE (RECHERCHE_ID, USER_ID, CATEGORIE_ID, DATE_RECHERCHE, DETAILS, GLUCIDE, PROTIDE, LIPIDE) values (110, 161, 186, '685-4-7', 'LWJF6QB583EKB8NB779B1MWO1IWVVI UJ3QS2SY8VBFUOO 0ILTM41HQKYOOCMCIQ51DPJE23J46HWTVCAV0YETPNL6H1BD B4PN', 10, 97, 27);

insert into RECHERCHE (RECHERCHE_ID, USER_ID, CATEGORIE_ID, DATE_RECHERCHE, DETAILS, GLUCIDE, PROTIDE, LIPIDE) values (27, 138, 179, '115-2-6', 'SB3ERKAI9L9QG62044 OCL2RWXASQSN7VKPL00DRDQOY3XK75U6A1 JXT3G2VPDME60KJ8FX7KGFS0A7HKSMLJJHKPFH375JT8 O', 49, 85, 80);

insert into RECHERCHE (RECHERCHE_ID, USER_ID, CATEGORIE_ID, DATE_RECHERCHE, DETAILS, GLUCIDE, PROTIDE, LIPIDE) values (198, 151, 149, '401-8-18', 'CF8  O8ILOQNGHAF7SO UYW71GSLC4OVUJ5YUVS8XW56B6FUI44X7BPYUBUH8HDMWABYTA10KICJ7E0MKLTX7JUY2IIXKAIYR6D2', 90, 3, 19);

insert into RECHERCHE (RECHERCHE_ID, USER_ID, CATEGORIE_ID, DATE_RECHERCHE, DETAILS, GLUCIDE, PROTIDE, LIPIDE) values (197, 88, 162, '1019-10-20', 'V92VQ3UF5912T6AL8NH KIKNCRND2IQEUI3C30SM64NX4HRKKYYDQKJGHDIYVDF4JYIJOE0X3N5KQ11JG1OY9OL5TY AOL4GMVW0', 11, 62, 73);

insert into RECHERCHE (RECHERCHE_ID, USER_ID, CATEGORIE_ID, DATE_RECHERCHE, DETAILS, GLUCIDE, PROTIDE, LIPIDE) values (179, 97, 42, '485-2-11', 'W505PQ1TC1O71TB2BPHJ2J3IAU6LNPXXM1V5OMV30KTBBENMG8PJUI291IKS3BHY3IETLSHB7DBM98L2MND1QI8QLS CERK90T22', 25, 72, 65);

insert into RECHERCHE (RECHERCHE_ID, USER_ID, CATEGORIE_ID, DATE_RECHERCHE, DETAILS, GLUCIDE, PROTIDE, LIPIDE) values (105, 69, 126, '935-7-30', 'Y SXT2NYO2AD738 4E4O1OPKTECLD2XU6BVW61X3BV  XIQBEEEAWYPTKV77P1R5J2 TXE  VX1 0MX1U0VE14LGR3KVVC 09VIN', 40, 73, 23);

insert into RECHERCHE (RECHERCHE_ID, USER_ID, CATEGORIE_ID, DATE_RECHERCHE, DETAILS, GLUCIDE, PROTIDE, LIPIDE) values (89, 157, 47, '230-2-27', '749GWS1V1XM6KYJASIPXE93Y5FNFGN00JWUGUBQRYQ5TOAHUU8XNFVL99EIH5K70S8JX3NYA63L14B2EC6U3NP0899XB92YACFPW', 8, 61, 71);

insert into RECHERCHE (RECHERCHE_ID, USER_ID, CATEGORIE_ID, DATE_RECHERCHE, DETAILS, GLUCIDE, PROTIDE, LIPIDE) values (188, 165, 129, '1417-7-20', 'X5SLIUOYTNPVT0QRTRGQORX1NWA0WHHDJJDC6MQQJ6 P67H7KE87ED7U23EWM9KD0S3RRUSIY2PWSYO0G8POSF5W4YM50EC0C4GK', 92, 10, 50);

insert into RECHERCHE (RECHERCHE_ID, USER_ID, CATEGORIE_ID, DATE_RECHERCHE, DETAILS, GLUCIDE, PROTIDE, LIPIDE) values (72, 49, 11, '784-4-16', 'BOIKPQQWD9IQX5ILJ QFE2GL1AVFG22284A4BX7R4YU0CAC2RXLRBAJH24UP5GS2CW1G4NA2KL9JY44M1W44BRNNUTN26DKVXLHW', 68, 34, 56);

insert into RECHERCHE (RECHERCHE_ID, USER_ID, CATEGORIE_ID, DATE_RECHERCHE, DETAILS, GLUCIDE, PROTIDE, LIPIDE) values (6, 166, 128, '1314-4-1', 'J7EVOIV XEVC9A7VMYTGJ78P47JELGVQP42UTVK2E5UXTCKCEI4TRQCVIL  EN6ETA 4RLUJAMCHF2FYSHU5FQ9TTHDMS009WT1E', 66, 93, 6);

insert into RECHERCHE (RECHERCHE_ID, USER_ID, CATEGORIE_ID, DATE_RECHERCHE, DETAILS, GLUCIDE, PROTIDE, LIPIDE) values (111, 64, 179, '1067-10-30', 'PDU7IEWQA6Q4Q4ED B UC39QO7NRV47W8NEWVD8WX8495 E06C5BEWECAN0DMXODDRXF2O4QCLTWUVL19F1K3PQXAMPKV5Q2GOMO', 88, 47, 33);

insert into RECHERCHE (RECHERCHE_ID, USER_ID, CATEGORIE_ID, DATE_RECHERCHE, DETAILS, GLUCIDE, PROTIDE, LIPIDE) values (121, 14, 114, '1240-9-2', 'PPKJXDRIIYU2S2M HKALS3 WB4WUD87LB6Q4FFHNTM94SFI1KUBWAUOYJBS1A342A2WV2G9W8I0UPIY5745 NGE9YL7ITKH4 OIM', 50, 84, 54);

insert into RECHERCHE (RECHERCHE_ID, USER_ID, CATEGORIE_ID, DATE_RECHERCHE, DETAILS, GLUCIDE, PROTIDE, LIPIDE) values (185, 186, 36, '941-1-15', 'EWWV7MHCB4VU7CEG79BH002O0V1QMI7UI107267CWSUL7OOJMEC9Y0IGBX5YCEQFQURK3PV 2V3 UMVX1RYA 7SCJHYU6G1VW5 M', 91, 22, 34);

insert into RECHERCHE (RECHERCHE_ID, USER_ID, CATEGORIE_ID, DATE_RECHERCHE, DETAILS, GLUCIDE, PROTIDE, LIPIDE) values (17, 101, 130, '325-5-25', 'D A2UGIKLVYW 2DA8KACY13I43679I7505HTQHO0VH45DRDYPBM 6V 20YDXGAKWYJL0JMRX SO2I4I59YIBB3NOM025GNXN2TW1', 41, 89, 76);

insert into RECHERCHE (RECHERCHE_ID, USER_ID, CATEGORIE_ID, DATE_RECHERCHE, DETAILS, GLUCIDE, PROTIDE, LIPIDE) values (99, 104, 104, '1261-8-25', 'JCL 6C2G65VMS9TXSJRKLISGRIQ84VWQEVRWJ1YNIPB8 CL IUOWJW707K3IS 7H78DF413M2C9UHH13QFE X28F0BUEOKL7G9AB', 96, 55, 61);

insert into RECHERCHE (RECHERCHE_ID, USER_ID, CATEGORIE_ID, DATE_RECHERCHE, DETAILS, GLUCIDE, PROTIDE, LIPIDE) values (186, 185, 179, '166-12-17', 'USFQRGUDTEJH4HK350UXV0ER9F D JYEL 2 07URFXJUT0HII498VQUKYMGY4EJH2M9VJJNYPBRG9Q4N72RMFB T1IAHK2UFY0EE', 72, 74, 93);

insert into RECHERCHE (RECHERCHE_ID, USER_ID, CATEGORIE_ID, DATE_RECHERCHE, DETAILS, GLUCIDE, PROTIDE, LIPIDE) values (115, 85, 28, '679-10-9', 'J6DYV0 3E84TDPVVHB6JRNV EEB4SO34MLRS3S81ISRH A8A96JP7 Q1651J3H05Q47JGOL6CJY2 BMRI2RHEPMSRTSL7K13ATR9', 13, 56, 45);

insert into RECHERCHE (RECHERCHE_ID, USER_ID, CATEGORIE_ID, DATE_RECHERCHE, DETAILS, GLUCIDE, PROTIDE, LIPIDE) values (19, 180, 165, '761-9-22', 'X EV DB16H0NAX9WA7EUJO0AEB823H44DC21 Y3WCWHU3I04PA2E6RQNVERTCSN8ML839P673UCUVBRCDYT5VXQQPT0IO4ESCXM1', 21, 59, 68);

insert into RECHERCHE (RECHERCHE_ID, USER_ID, CATEGORIE_ID, DATE_RECHERCHE, DETAILS, GLUCIDE, PROTIDE, LIPIDE) values (35, 8, 145, '777-7-5', '6V4I  0LXOVR I0B4TDLXTFW2O004S6BGH5FG52M NAK1J4OWSPEGWP9 GU5IWY18B5KWK7Y53P11XTKJ1G81WMD86WHW96P4XNL', 24, 94, 97);

insert into RECHERCHE (RECHERCHE_ID, USER_ID, CATEGORIE_ID, DATE_RECHERCHE, DETAILS, GLUCIDE, PROTIDE, LIPIDE) values (83, 118, 93, '1125-7-3', 'JMD6 NHHCSVQTJXBGX7M2ESCM69F2PT7K4KDESI87KAMX17UBBJV4ET0V6PVERI42016SNHNTY52E2V15RXHGB WT694Y0840N5R', 57, 95, 4);

insert into RECHERCHE (RECHERCHE_ID, USER_ID, CATEGORIE_ID, DATE_RECHERCHE, DETAILS, GLUCIDE, PROTIDE, LIPIDE) values (50, 171, 123, '602-6-25', 'V9O2A RI8XC7D5TEJ0VFH8QXV63YAKEUTD0YKWJXUPJLCRR465R0TT5IRP GQNFM7K4RL92RY94LC1KLQ5L3NMOKMWAH 15U 58Y', 7, 4, 10);

insert into RECHERCHE (RECHERCHE_ID, USER_ID, CATEGORIE_ID, DATE_RECHERCHE, DETAILS, GLUCIDE, PROTIDE, LIPIDE) values (193, 56, 190, '1643-12-10', '5X42U9EKHS3DS9X7SLMFUR6WP4GUK8A2YYKD25AVU3GHHG0UU IW85FMENKFPPTLMSGRM3FXE9TJBKQMFDXA1MGMHKRXL936N41U', 4, 9, 78);

insert into RECHERCHE (RECHERCHE_ID, USER_ID, CATEGORIE_ID, DATE_RECHERCHE, DETAILS, GLUCIDE, PROTIDE, LIPIDE) values (76, 29, 45, '1426-6-10', ' 5290XLN44O2 JOJUMDTA5G8UCYDIUNSY25AH0BG9H1UXLP P9X91YBSG6XTJAT7QD7KHOO5ERNMJY5M1JIYVS2IUT98YW9C0GIN', 38, 69, 72);

insert into RECHERCHE (RECHERCHE_ID, USER_ID, CATEGORIE_ID, DATE_RECHERCHE, DETAILS, GLUCIDE, PROTIDE, LIPIDE) values (160, 171, 42, '1896-7-12', 'MEIGOV30 88WO56 USNVU1S9XJRYSFX3EXTLLJHSEEDTWLNGXB5WMF OH8D9I50J6BRC36PPRO5WB8CHY1T5UC07LE723CYMBUN0', 33, 38, 48);

insert into RECHERCHE (RECHERCHE_ID, USER_ID, CATEGORIE_ID, DATE_RECHERCHE, DETAILS, GLUCIDE, PROTIDE, LIPIDE) values (41, 162, 59, '1156-2-16', 'I38I1LB80288PY NKXQO5OLQPGN114YGKA71 WPEFY0WU9A274LVV Y43RKHG1C0ELF3DOEIHL1Q HDGLMQPIIYLB9WOKPJMLLCK', 20, 92, 16);

insert into RECHERCHE (RECHERCHE_ID, USER_ID, CATEGORIE_ID, DATE_RECHERCHE, DETAILS, GLUCIDE, PROTIDE, LIPIDE) values (178, 199, 107, '1044-12-15', 'UAL9ECBXJE3J0WX0LSD2TQGEDLIN3O3EVCMSXEHTY4IH39MRNK31JUQGNEC48 GG S0V2SUPI S1XPXU2W8GPWVP75AITHURHSEP', 64, 75, 58);

insert into RECHERCHE (RECHERCHE_ID, USER_ID, CATEGORIE_ID, DATE_RECHERCHE, DETAILS, GLUCIDE, PROTIDE, LIPIDE) values (9, 136, 124, '1308-1-26', 'E8EYEM8F 4LA541U32O O3ST1VCAMUN3SARXRYCH52133VW9QAK6MTDNEOO3LPQDJA61L7RIP CB10EA79O8I5R1 6A6GDRDDBLQ', 81, 14, 51);

insert into RECHERCHE (RECHERCHE_ID, USER_ID, CATEGORIE_ID, DATE_RECHERCHE, DETAILS, GLUCIDE, PROTIDE, LIPIDE) values (8, 43, 145, '767-8-5', 'TUADB0600R81DIS4P8VM4F6O681GEANG9NVF44 AWJ94LA9SIGOKM92PNT0J6UJSNNNML2RAL4IRLN8B4IEKQCCEO292MF66N6VD', 94, 24, 67);

insert into RECHERCHE (RECHERCHE_ID, USER_ID, CATEGORIE_ID, DATE_RECHERCHE, DETAILS, GLUCIDE, PROTIDE, LIPIDE) values (104, 53, 38, '1219-2-25', 'OB86TI6LIGDPLDER121 X4L 2A49SUXOM8Q570KXVB51Y95 JMSM1FWU9FMLJKH18U9HB88HMMJH3QBFPYYMGO9MDMJU8G6IL1HD', 55, 64, 83);

insert into RECHERCHE (RECHERCHE_ID, USER_ID, CATEGORIE_ID, DATE_RECHERCHE, DETAILS, GLUCIDE, PROTIDE, LIPIDE) values (2, 128, 55, '1384-9-17', 'L SL5K94UMQ BVI7NXVXYHDM50 M8GQ6GH1173P6XYCWOU4PXG6TYCCOHYWJ4JY554X8X0UTX6B4D92GITOYRCAO9A5TLHTPULM0', 46, 45, 38);

insert into RECHERCHE (RECHERCHE_ID, USER_ID, CATEGORIE_ID, DATE_RECHERCHE, DETAILS, GLUCIDE, PROTIDE, LIPIDE) values (128, 105, 163, '356-9-16', 'XRDBFWV H5CUJV2G5EOFIB2PE9L8NXDV6PMXU2IHGFJA1Q71A7PO4M8UPM74JDMO2XK IXS05QX6YU4XS859V29H26ATEIX0DATR', 37, 1, 31);

insert into RECHERCHE (RECHERCHE_ID, USER_ID, CATEGORIE_ID, DATE_RECHERCHE, DETAILS, GLUCIDE, PROTIDE, LIPIDE) values (136, 159, 17, '609-5-22', 'PXHMVJF06V UMRH1GS0DG82T252SAFPOJWHT81N9ET248TUVI6HS9VGN8EXNGT634UVMD9THCXWID9 OJ SLA02UIOLMUMTGE6UO', 51, 65, 7);

insert into RECHERCHE (RECHERCHE_ID, USER_ID, CATEGORIE_ID, DATE_RECHERCHE, DETAILS, GLUCIDE, PROTIDE, LIPIDE) values (87, 65, 173, '1657-3-16', 'RYT7JQ3EBNEEY684PC2 GN8BXVW79HS2AP82I2GNND4 40983ADNGA7WGCDUGN9G9U9NL0XNENWH80IDI4IHVU31QKSWPWX1DJRM', 43, 81, 24);

insert into RECHERCHE (RECHERCHE_ID, USER_ID, CATEGORIE_ID, DATE_RECHERCHE, DETAILS, GLUCIDE, PROTIDE, LIPIDE) values (168, 183, 137, '63-11-3', '3YLD0D6XG2RHBTO7XSKWCWDXLPNHRN8O7KQACA CT7V1B8QGT FACG1HLRE2XWWI1TRDLW2VAW00SW5 JIPE75B665DJSRKVLV86', 45, 11, 52);

insert into RECHERCHE (RECHERCHE_ID, USER_ID, CATEGORIE_ID, DATE_RECHERCHE, DETAILS, GLUCIDE, PROTIDE, LIPIDE) values (77, 24, 11, '1059-9-14', 'GJRMPRC0C64K3PI3RODPL6V8PHQJSAWRY84RVRA2 9G B77NAG5P3FC E2JCFUNPLUUHF5ES71M20 7YFR2WSRG50ES49LI57180', 98, 54, 55);

insert into RECHERCHE (RECHERCHE_ID, USER_ID, CATEGORIE_ID, DATE_RECHERCHE, DETAILS, GLUCIDE, PROTIDE, LIPIDE) values (26, 47, 18, '1828-12-28', 'YFDAS7ROU85EAMD0PCYM30YQXWOR47BLYD3A2AOPEGTWCTUTSMTUMA52XDIPYJQJS3JXMIR16D4WG  5WB3SXF43RYIPU1T5SXXY', 1, 23, 41);

insert into RECHERCHE (RECHERCHE_ID, USER_ID, CATEGORIE_ID, DATE_RECHERCHE, DETAILS, GLUCIDE, PROTIDE, LIPIDE) values (187, 143, 93, '75-7-22', 'K 6OK36EXGXSSE3XTCBRQUD1AGIR5JJNDGMKVY8XHEGN265AGRT24HVG6CGRYTWRWMJQBJNI7R2LC7WFE6D13O1AS0WK9 NNGT07', 32, 49, 75);

insert into RECHERCHE (RECHERCHE_ID, USER_ID, CATEGORIE_ID, DATE_RECHERCHE, DETAILS, GLUCIDE, PROTIDE, LIPIDE) values (60, 126, 133, '1581-6-29', '0Q0RM7TK3B1GOVDQPEYDWKTMYIK5Q8Q3YR0QM9HINNFYMYV9X1Y3LWSEV6MNSU4G52J3J8HFBM3347KPO5HDDO1ER1X16D6HCEM2', 15, 83, 5);

insert into RECHERCHE (RECHERCHE_ID, USER_ID, CATEGORIE_ID, DATE_RECHERCHE, DETAILS, GLUCIDE, PROTIDE, LIPIDE) values (67, 98, 147, '1614-4-26', '54WC9VAKBBU9QM4L8DI59EQTSCLACRG9JTHAMEAKUNP3RMMSH5Q9WUHWX1R4RGB09WMCDGMTPFTFELXFU2Y95CRUBKM763R09SBO', 26, 43, 29);

insert into RECHERCHE (RECHERCHE_ID, USER_ID, CATEGORIE_ID, DATE_RECHERCHE, DETAILS, GLUCIDE, PROTIDE, LIPIDE) values (120, 0, 44, '912-4-9', 'ELYNDMKH4A4KIX0UD AO4SWR1IFKWOADKK2TMYWKEOEQ19GNT9Y TBW4PV3JYIXNJI PP H H251CGHDOWTTELKMGMRAL18O ST4', 17, 86, 91);

insert into RECHERCHE (RECHERCHE_ID, USER_ID, CATEGORIE_ID, DATE_RECHERCHE, DETAILS, GLUCIDE, PROTIDE, LIPIDE) values (63, 161, 82, '1805-11-23', 'B0L3M0X4VNWQ0X3V7UKLHFJODSUQE2TIG577 DF4CQ8HTL4A 05FUBO5934189FSK9YSKAIQYGME JGQVXAKLJMNO01YULAFK039', 56, 77, 42);

insert into RECHERCHE (RECHERCHE_ID, USER_ID, CATEGORIE_ID, DATE_RECHERCHE, DETAILS, GLUCIDE, PROTIDE, LIPIDE) values (172, 45, 37, '532-2-12', 'C666B8WBALPHH2LFKO OEE7SHK4EPUJ25PL8ECI2GWS9RUAHKJH8NY WA U9N WQRV24MVLK3VLE2AABC90V 29OBVI1GFERTX4P', 73, 41, 85);

insert into RECHERCHE (RECHERCHE_ID, USER_ID, CATEGORIE_ID, DATE_RECHERCHE, DETAILS, GLUCIDE, PROTIDE, LIPIDE) values (122, 141, 142, '13-12-23', 'SLWPP7CO7D7EI8NOG NKKLCCO XQWECB34WEQWBGEP7BL4L9HPG0WRQA5628H5JT7VONI8XM6S7Q W8QVYKI3B7H7D0VY8ON4  H', 19, 6, 12);

insert into RECHERCHE (RECHERCHE_ID, USER_ID, CATEGORIE_ID, DATE_RECHERCHE, DETAILS, GLUCIDE, PROTIDE, LIPIDE) values (56, 186, 22, '796-7-29', '8PUMMUQ71T2TUCLLTEF6JPMBM1UP9E6V27TC2V G0DTO26PSPHA0A3F8N8AIHWEY2SQBEOT62E92JMVP8CRAX6LD5SG01XAS6VQJ', 83, 40, 28);

insert into RECHERCHE (RECHERCHE_ID, USER_ID, CATEGORIE_ID, DATE_RECHERCHE, DETAILS, GLUCIDE, PROTIDE, LIPIDE) values (125, 198, 57, '1482-3-6', 'SVP37YG9SIKXT00RFIYG4VVRLTAI830IWTV FFI1LL04RRCQ3909H2BU6MDA1GYDQM2LLGQR8A3 A781NJWM33NU979B965NR8ST', 87, 27, 9);

insert into RECHERCHE (RECHERCHE_ID, USER_ID, CATEGORIE_ID, DATE_RECHERCHE, DETAILS, GLUCIDE, PROTIDE, LIPIDE) values (170, 44, 152, '476-8-8', 'HYM8EUB6I9C1A3GCM2XUP79TGR9JUC7GR5RW5BTGI0ENJK3BQBCKT1E05 7O6G1F1JYN IGM5XDBCBYFYG769WC8OYY9HTSNRW3Y', 63, 58, 17);

insert into RECHERCHE (RECHERCHE_ID, USER_ID, CATEGORIE_ID, DATE_RECHERCHE, DETAILS, GLUCIDE, PROTIDE, LIPIDE) values (195, 174, 156, '1296-10-3', 'R OFBQDY2ITNRG3D5RDSD1O1SIJ1E8BTS4OQRFM3I32XGGNFYFG1EUQ8KC1M6YTPR37F5AJRTRU9CYO4KD8BXBLOQXPEDM1QTTQD', 5, 70, 87);

insert into RECHERCHE (RECHERCHE_ID, USER_ID, CATEGORIE_ID, DATE_RECHERCHE, DETAILS, GLUCIDE, PROTIDE, LIPIDE) values (132, 164, 139, '1791-2-2', '0UOHL2UOJP5RBY 2YNWOJOLE25JEE DHU SDS8I85Q87XAMQDBG1PRGPAQ VH5VR UQ1UDU05E7TI9SS0388A3NFYS9SEJO5RRJN', 52, 12, 70);

insert into RECHERCHE (RECHERCHE_ID, USER_ID, CATEGORIE_ID, DATE_RECHERCHE, DETAILS, GLUCIDE, PROTIDE, LIPIDE) values (199, 1, 56, '259-11-22', 'JBL5F9IILIOQN1B3TH7PY3FBT7TPCHEU3P3SR8RQ3I73WH 47EUP ON5X02HTYNV3XE4TFPFEHYHA N9R5XMOU9I9LSI7FTGK65D', 97, 51, 47);

insert into RECHERCHE (RECHERCHE_ID, USER_ID, CATEGORIE_ID, DATE_RECHERCHE, DETAILS, GLUCIDE, PROTIDE, LIPIDE) values (144, 196, 125, '1904-3-26', '9CA47G4FBHW18UEPN5Q7RB2 EFKVYFPSJPJTO6KLB4IIPA 7AGRISEJ 6RNY3G2M3HP4D9VOJEB7Q6YE1Y493RMPBK407RU79 63', 9, 17, 82);

insert into RECHERCHE (RECHERCHE_ID, USER_ID, CATEGORIE_ID, DATE_RECHERCHE, DETAILS, GLUCIDE, PROTIDE, LIPIDE) values (96, 100, 18, '802-11-17', '926B6 D99XBN31STV6BEF51WYNDV8RIDQOC9BXXBNQO9PFV1O69807Q2DAM06PD3K2V9WIAHNKDOX4NEH2TIJOMEWH5 3WM0WWW3', 16, 67, 2);

insert into RECHERCHE (RECHERCHE_ID, USER_ID, CATEGORIE_ID, DATE_RECHERCHE, DETAILS, GLUCIDE, PROTIDE, LIPIDE) values (92, 27, 22, '1-1-1', 'VC1JE8AAQEKTOXYKCRADFXAAYTA9CO8L09SMH91K2S7T3MBOOYJ 82XCM3IOXNDL0EEKV WYP5ADVT78O27R 3ONUQNG0VF0H6UM', 86, 78, 99);

insert into RECHERCHE (RECHERCHE_ID, USER_ID, CATEGORIE_ID, DATE_RECHERCHE, DETAILS, GLUCIDE, PROTIDE, LIPIDE) values (32, 184, 41, '956-10-3', 'XIS0CLR2NYJMF5EQR1RQ9 5HF55PXBAMGR88MHNXG7YBWICJ1O26HEN2E30NTR0XNDH82J5MOMQPYTE9PK6KYSY3I33TFUHF3TGL', 65, 5, 46);

insert into ALIMENT (ALIMENT_ID, CATEGORIE_ID, DESIGNATION, DETAILS) values (172, 69, 'PT3370HUCX3OPS23HFRV FYV566L67IJ7RCI3XO90CLXXT4L5P', 'L41XNVYJ9CWC9UG1VO8A0BIXWU57IVUH2NWOTI21R8M5PMQPCPWKO252SOS1LEN294E S6PX 8DY DJE0EP1T3BSHHF U41LHXOO');

insert into ALIMENT (ALIMENT_ID, CATEGORIE_ID, DESIGNATION, DETAILS) values (150, 45, 'MLKN9P9B9RKUH45KKBRRIDT3X197WRRFF1JXIGCD46N9IHD RV', 'AV5QO8JQGBJCEJL4L BDF3V0JBALG7IN1WTG119GEWKBEM753POKJ4H4XOR38VESJT8ON296XWKOB0TKEG0Q2XDE300OEOE1AF4F');

insert into ALIMENT (ALIMENT_ID, CATEGORIE_ID, DESIGNATION, DETAILS) values (76, 69, 'E0TYH7BO1BHC82SEJQH3RM4UKC50TAB8 7A4W8CA7K FNPVPSM', 'HOXX6CO7UTDTDO4PPR9V2KSGS4BBNXDEXVBU2J8C5VFBV7 VLIINSRX3SFKMWN1OSJ4 I4NYQWANM0O46X6X3DGQ4P609BA AAQK');

insert into ALIMENT (ALIMENT_ID, CATEGORIE_ID, DESIGNATION, DETAILS) values (179, 67, 'TVXU4M11XFNCYC2UKB6722BCCD7X3Q643CIGB3K8AP6GXVTJ57', 'AYKHIBTAAHIYFKXSQEL3WRXIRWGI0K6R36OWUDKUD6UBMO5IB5MEO977HN201I3QJAYQH2SWC0CPHDTAF82FEJ0792SQQ3VS5YF ');

insert into ALIMENT (ALIMENT_ID, CATEGORIE_ID, DESIGNATION, DETAILS) values (97, 35, 'GSU0P5GQ9VE18USBB9CN7XJ4VJT97WHQ64JW9F3IE5108FAW9P', 'L6C2L6N65IMDJGLHFT4OY EJX4G6A8D8PBR1C3QB5QU3 1 DJ2TR9IWPW3H8BE5KSS7ITHM7GHHQ2C7HW06PT0E5ABB9F AL7SJ5');

insert into ALIMENT (ALIMENT_ID, CATEGORIE_ID, DESIGNATION, DETAILS) values (14, 127, '7GQ4X7B0LRPJW5TUDBJQYT9YRQ HVGGPCGJVKS9TQDI5N 37 J', '1EIHDX5O 4EO17TP54694XVOTWIIR6AS04RBO26BRDTF X32OSPXVRRUG7O MOJ5M8VEIOG2FBVM4A03S8JNEHA7BER8ES53PLKY');

insert into ALIMENT (ALIMENT_ID, CATEGORIE_ID, DESIGNATION, DETAILS) values (120, 72, 'SMM4Q0O40QRO6RMEO8J OE0XIEV0SVERXNL8SKBWJV0HTU9SUA', 'HCMDVK7S7553OYHF KC984X02RLGWBNRIBXQXXIXH5UGJQDR97JG0CJL1L 3VU330S9M9JQMIQ1KGMCQDE4D9C2T362Y4W2RRL8L');

insert into ALIMENT (ALIMENT_ID, CATEGORIE_ID, DESIGNATION, DETAILS) values (188, 87, 'S6MSMY72MCY63TGG94MEJHCOO4 IWWG661CJ9VPVUCQWWFLO 5', 'JRWWC4CUB KWRXYJLN40H2BY2FU5YG098B8EEB0R3GGECELJH3I1TOU30PW47TI7T439H2YSHVIWE4A09R5C45CC8AT3GVA2LF05');

insert into ALIMENT (ALIMENT_ID, CATEGORIE_ID, DESIGNATION, DETAILS) values (12, 121, 'ISR6YWM3DSMTJ2HJ7PXSWMFOED317YYVXLO ICQ6VBWER5BWSX', 'TYSH8IGJO8VLA27TUG8RU0E06PHITSOA1AQCXR418NU PMW SBLFXYKD6208N XE88N 1FHON2GWNEMS985EDID5OKBY43QQSN31');

insert into ALIMENT (ALIMENT_ID, CATEGORIE_ID, DESIGNATION, DETAILS) values (170, 121, '2M7658GFCXS2A6I5FQTVOGJ7L9GMCMR9I4SCP8HHQ3JP072EL1', '0IQ6TXG33N0SUI8U3E3W9JLH8IA4M9943C6W2IEC0TQ2N8XXUI2P15NLTVVVXH2WLIAM4TEF5RP738VTA4W6EC 2N2XUGLX4KVOS');

insert into ALIMENT (ALIMENT_ID, CATEGORIE_ID, DESIGNATION, DETAILS) values (1, 162, 'BB49K3 UMS I1GKQF0M6AGQC9N3EHR385NM8B7QDYWNNLNTRK5', '6QA8AH B45FQ P9F7SPUFD4G7M3I2L67QSHL1EP2XFLYG403P MQQ87LPDDT14NESD4GX3AN980R3D7GK74O1F3QTE8VC599OO P');

insert into ALIMENT (ALIMENT_ID, CATEGORIE_ID, DESIGNATION, DETAILS) values (18, 54, 'GURT7AGPCIW6BI1RKA98YRQBMEMME8ANKA2IH98PKIK51THLCM', 'FH7R6J0G5V 5VIDNR0WUU4SIOP8B6LHBWS5P65JEV8OI2P3M7CVGHOWJQ2YLGWPBKHX75K9 CES91EPMK0DMU YX2R1M42FQLBIM');

insert into ALIMENT (ALIMENT_ID, CATEGORIE_ID, DESIGNATION, DETAILS) values (122, 152, '4F4TWB5EFKQYDJ9UD38GEICOVQFUI77QOL614CAJJBQL8TR33L', 'G4ELMKXS21AN X0XFR4K6O5I5D L3B2RRYXOK6XWUQJSHAGG5J4FDW8VXWG0 SU16WFQ12R IHV7YIMVDIDH0V9V9IK47DABAN58');

insert into ALIMENT (ALIMENT_ID, CATEGORIE_ID, DESIGNATION, DETAILS) values (5, 21, 'LSF1AKDG14VLBBX0ETOR32K7OIXI7 TL1YE6V1TEWW0SRH KI7', 'S8HYI0AYACHBSTYR89F5CSO1IX22 N QF0EASUI96U9JJ9MB404YT6SYMMV9M4ITJ0XYN9VBBA9R6HR8PFT0OUM43XNDY3Y1J4NF');

insert into ALIMENT (ALIMENT_ID, CATEGORIE_ID, DESIGNATION, DETAILS) values (166, 193, 'H2GGC28W5PKO97JH4XF726EAWYHH6LN44O8GS9JPCITM93CMY8', 'TDEC8A0QNUENW 6MDRGRIIGG3C52SIASF0QMEO5RBK8NHI0KQQA67FJ2NHOKLNRL U7E5MHOXMNG74B6Y8TMJXABKSO6293XHAS2');

insert into ALIMENT (ALIMENT_ID, CATEGORIE_ID, DESIGNATION, DETAILS) values (156, 66, 'AH6 B4B5E X1A6U4540Q2NI2SKUD9F 5LJAGV0LJATUBFWLYTR', 'TJYUNPMAO66CQLAHQM7T7H0OCDHG8J4XJ5P53DVCFCWG3XP5XC1PCF5TD9BB0LGEEG006YOXWJXFH3N 68MP6BBC1H47Y8RVEOAD');

insert into ALIMENT (ALIMENT_ID, CATEGORIE_ID, DESIGNATION, DETAILS) values (54, 189, 'BYQ9CJ6I7TER PHDSSODRBT6ODDGVPU03UVU74PTPLA8C0X76S', 'CI2BFYUQTRFFDOY1BO946YJDN NUGG5RDWMU96EEBDXYFD7FPQG HRFL17DQDJB6GSPXLWJWN5R11CP5SI2SJDQ3K T4T4P46N7W');

insert into ALIMENT (ALIMENT_ID, CATEGORIE_ID, DESIGNATION, DETAILS) values (27, 127, 'REHPNHDSVVY0MRXX7I32V0SJV915UK4PJ24Y8H I3YOHK5KAT2', 'G8ABY369XSX2DWTGVFNRX7KIGJDRLMR7SHV8N 15MAIHNF6YW GWELVHSHIM2RNBJBOSPEWANM8A9J88Y9LFIKKN9XIWHTRPFM8L');

insert into ALIMENT (ALIMENT_ID, CATEGORIE_ID, DESIGNATION, DETAILS) values (69, 67, 'NM605WJ UB1AEBU4NB06Q5KALSWOXGB782YWKJ0E3M8H  X4Q4', 'CO0BCX2V7DQBATORBC7M74V81DOW6K8UCX7W0K37YW371GHT7004UKBUDPNGCNI9R30OU8LQCTC08CY2 ATTB3NHJ0KYHL325ULE');

insert into ALIMENT (ALIMENT_ID, CATEGORIE_ID, DESIGNATION, DETAILS) values (168, 136, 'AU SA6UMS10JKBTRH60RH9SB1G1KECNQB2C2LTBOC915 L 1 I', 'XT GLN8STT4KWT3FQRWE 5X0YF42FOTSBLSXDO3QOK9TKX2R0Y6DJT0A3IXJXS5NW1S7Q00XLJRX1SHK1ATRIGLF3DYCEAQSHYVV');

insert into ALIMENT (ALIMENT_ID, CATEGORIE_ID, DESIGNATION, DETAILS) values (103, 186, 'MJJ3LN1XUHDWCH7PG3B2IRJMDIA32AHWM846VULSSN8OHS0U6M', '5HMM6Y6GPAVOKQ9FJC954XUUYXE1TF12HQA02D6KH6DYAH5RPH476BDX6CKAJRIF050CPJNXKWPBS08NGO2C7 H00XEE5MN6F GY');

insert into ALIMENT (ALIMENT_ID, CATEGORIE_ID, DESIGNATION, DETAILS) values (189, 129, 'LOKM9RKAMI X0LITOLK94BJIWCA2OYJU0493BG8PLGDFG7USX9', 'IKMPORDNK4HLQJIE2NA3TRMD4XY T5W3SS9NTSHW0VXJTFN6GB1ODVP3TV25OHC5PVW0IUQ2GJV1DI8K483QUXPMGWVFXHEIEQ L');

insert into ALIMENT (ALIMENT_ID, CATEGORIE_ID, DESIGNATION, DETAILS) values (36, 0, 'C6TXS3LBQT1PPILM40EW8I57G9LID54TI0VHHW1TCJV20WQ889', 'LHL52TP4KORFJ 3UTHC 9SA5UGBLVJ7PE537 JYDUPAQ8FP3AR268LH55J3S1TD7K0 A8XCW51LEJNT4NUWDEMQS M9MRBEH80MJ');

insert into ALIMENT (ALIMENT_ID, CATEGORIE_ID, DESIGNATION, DETAILS) values (64, 147, '4HK1OW4X7OYGUOY3C O0AVFQTAVT8TER0YC1YF0YU2QS41CX6T', 'QFRCTY5GR3G2OMKNNGH0VD3KR2EGWV22BR7VLJYV3FULMOE6Q D8Q6I6NEOJG5 1R V7KMSRMNAX2FG4DE3FWC20 YMQ85ROOD3K');

insert into ALIMENT (ALIMENT_ID, CATEGORIE_ID, DESIGNATION, DETAILS) values (3, 58, 'K U8UYHX0MBX0GG8WX7HA 2DUQDYXW9LKYLI5UBT57M08ATNNL', 'BT15CYBT13EP54N35VYO9LTKYWE8MJEQSIQ66WKI LK6LV19MI2TSH11RAJW3BD BXK XAVUPQXT3OIHVVX1U44Q5 H1FWV6P0XR');

insert into ALIMENT (ALIMENT_ID, CATEGORIE_ID, DESIGNATION, DETAILS) values (65, 103, ' HUKAJOGE5MKD77KU0JYP19Y45QBBO9EBP8CVTSNG70E8U4 AW', 'A975G05Y0TGWUAP3M65S3D9XWOVN2HTQX4PAVRKWIUF3XWAP6PCSXOGYPDFA0WW2CKLN0321SM48XM5KI 1YFWDIWYWJJKH40JD6');

insert into ALIMENT (ALIMENT_ID, CATEGORIE_ID, DESIGNATION, DETAILS) values (53, 104, 'W0XYGSBD J38GBL5N 0QTH5FBYE 8Y21RM79 8 D007C5TNMX7', 'BUBRVAD0 6FJIMQXPT  IQMC KL587MCOPLJO97NQ0XDYF5YEXTUE9966RUH9434C3ST28SW4F6 KL2SEL7KFCJ3ASIHA2O209I2');

insert into ALIMENT (ALIMENT_ID, CATEGORIE_ID, DESIGNATION, DETAILS) values (182, 118, 'W3MPK FUDCIPN5ALNV98FNIWLFGXQOKRK 7K4RWNK0301PAL82', 'T5F1KF87YHIR5Y0O94CLY5LKD2G6Q7 UKBLVWUWYNVMNFVTPI RS7 O6FHN30O4PW8YRBAM61OOTE0V8QLYAEB PEXMXRAH8AQAL');

insert into ALIMENT (ALIMENT_ID, CATEGORIE_ID, DESIGNATION, DETAILS) values (59, 152, 'VC9JX946M6EQRDYRPVOGW1B9C5HYAFVAJNK27AKI NRVBT02G ', 'F5HVG655OU0VCYC8EXIP1CXA9D924XJQAL805YN19MT9N9F9EDSP0V9F71BVP6T5BJAM9TYHJCG1Y2WM3 16Y0F Q66A65DBDROT');

insert into ALIMENT (ALIMENT_ID, CATEGORIE_ID, DESIGNATION, DETAILS) values (0, 43, 'IHCOTPO0SWGXFD4PS335KP5X81P FUVQA4PA67RX2FJWKCPOSA', 'TUYXDTRYD5L1IV6SCHG8DJ01PTM8OR4OTHQD LAPXMHR2 R4KCIY0KOW9D5EVT1B2CKEY352NTRLMYYS WWG0INNSBOX20FXDFU1');

insert into ALIMENT (ALIMENT_ID, CATEGORIE_ID, DESIGNATION, DETAILS) values (158, 175, 'X4R8S5N 1OWBLI2E5MGWDTV208 LH6W1NEKWR 944T1YE8C4JE', 'CF7UCFOVG9MJSR3K4E332H3DO7YNDX2WMJXTTCRH95A03QQOF2S1UWFWL0 ROEY4L3EWRSLR2O4 Y2KNK37ERYV43UJHRLFDIMGY');

insert into ALIMENT (ALIMENT_ID, CATEGORIE_ID, DESIGNATION, DETAILS) values (46, 105, 'L9F3680T6QRGRK BFT4NRSEBCJ8E WCGF 1QB3AMLP35GU76LA', 'Q9YODLY8A4KXFVG1C8T9VX840MFU3DJW7JSN2JAJXNTGEJBY1OQ1 8D PU6ACDPONN5PFU7QONKS82717HBO JYE3W XRIR9AYBB');

insert into ALIMENT (ALIMENT_ID, CATEGORIE_ID, DESIGNATION, DETAILS) values (82, 48, ' T6  3636XA1OMP2G82JALLN4LIMABB QT1KL6U0GE RCR2S3L', '6OJO5E8V547C34C PCLT8OBK8D3PE1OKE QAXGDCOA2VVCV9I0KK6EVJ1BS12UT1NHWIGOQ7US6PM7YC3MT4TKEOVKJBBIESSMT8');

insert into ALIMENT (ALIMENT_ID, CATEGORIE_ID, DESIGNATION, DETAILS) values (29, 44, 'NC2QG3PJSFU3OUUD55PJLVIT5YTR3QIEK E1BSS9NM6 O1YVU4', '45451PMWA XNK3X 0XWDS2RN3IBJ6QVI7CNA1W2MSC81G15MHIFKDJH77MLEIU5CWVHB3 W W4H QYDLVOBNGID4FSE2 TESBRXF');

insert into ALIMENT (ALIMENT_ID, CATEGORIE_ID, DESIGNATION, DETAILS) values (105, 185, 'B9JKURBC6K9QGPVROM9QINRA7DA1V3SN6ENA7DDG74XXR5YPXI', 'RD46BHEFP26GQ1XNEASLDE4U380WF8JD38GFNVYV4CSSIGV2XYSWN 6GSJ0T5TYFJL60E15E5M19K3WX5CY8NFA6GV4PAC EV5C5');

insert into ALIMENT (ALIMENT_ID, CATEGORIE_ID, DESIGNATION, DETAILS) values (162, 191, '8A63ABJSAOIH4OO2XHHANIBFEOGWLPWW617GQDEOFX1XB VD5X', 'Y AICHIJ5GVSM5OYSV8VU8OPKVMNDGJ7O PBN8C9G7VS9RVCCQYW3CP1LTY0PU3HSM GG1F6KF2JGD7SGRM5URVXYSAVUEYCEPR3');

insert into ALIMENT (ALIMENT_ID, CATEGORIE_ID, DESIGNATION, DETAILS) values (45, 14, 'NNXLLHUPSL DWWUU960WPLD5OW91FI3MW79KRCCY2HS40OXW1A', 'IT72GDU8W0YN9XG1 RIO1S27B R9JFYW29VP0MPISF2DPHWI GKK7YWG ASL76I4NU7V11CNP55EP0L2LPRYOUIM2QXU7MNH9UPH');

insert into ALIMENT (ALIMENT_ID, CATEGORIE_ID, DESIGNATION, DETAILS) values (33, 16, 'I505NXVCB7OPEUM59174XPRA 4VH0NG7X4JVO77R7IO5M899UD', '8SLELJF62C7Q15B5O8T8AJSHBSO9CAHC79E2UPV9IKO1W87M75VBPQL36W2AO0CFG5YF8J 7N432660Q8 XGT196EHGWHLNNGHJU');

insert into ALIMENT (ALIMENT_ID, CATEGORIE_ID, DESIGNATION, DETAILS) values (129, 60, ' XHGLB DUKNTN1GL6GW3F80T148MGUDTSVT1CBOLV78ESAM5FI', 'YP0J0NMFCY2 OBBTI3BDFEN DGK HIL8NNVW05M96D8UA2M13809NPKXERTFSQR 9N1X TN9X 3USFI99J6IDTCPYFT1I1R27PR9');

insert into ALIMENT (ALIMENT_ID, CATEGORIE_ID, DESIGNATION, DETAILS) values (125, 100, 'I3EBBS4WK52RM9Y5OK O9DOO3OA3E4HROW631VVUX90AQIJ ND', '67EL73WJPVT85YDTSD7QX7LVPIKXCLVNQ4O03UJHM5K695PVYCL2JMW1CI8LUXVSQNIT05JBVAWWJM3GYY27FX2N9R0LE2XF440R');

insert into ALIMENT (ALIMENT_ID, CATEGORIE_ID, DESIGNATION, DETAILS) values (191, 57, 'N8E HCG9N26P7XJK 8I8XAHOFEB27LB4ME4JBLFYMCQR2Q1C6V', 'UP3OSK5NAMYBNOC8O86W7691 4UER8I6TX39MMRB96HAVBCPQDWXV0KH214IGVGYM21RHBD9M3G7CY3TH J USM2IJUMTAHHB73W');

insert into ALIMENT (ALIMENT_ID, CATEGORIE_ID, DESIGNATION, DETAILS) values (180, 45, 'JVLMBDLHB8992RC4WWQS2W1N80902U9P8KS9FMYI54PA9IEULQ', 'DSRDW CXPXS57I5CLAAHJ3VMIYDNE33H9HW218ADIWSYK4C9JKLWU LFYM0XRCI9 5UCFY0G6QKWOSG3X0P2G94 MDJBOCH4BQVN');

insert into ALIMENT (ALIMENT_ID, CATEGORIE_ID, DESIGNATION, DETAILS) values (134, 177, '1FBIW69XJKGWX 6U4NQ 2XKL506VKJHI6W1IDPUSF8UO GC2VA', 'T5Y62OUA0BF5 9X8VP7ARJ7BV7TXUKD2EH8HG5EVH7WTU8S7Y0ACLPD EVYJ76X3RIKGHY8YFS6JI5W90IE69TLWU30VUF8UVHB5');

insert into ALIMENT (ALIMENT_ID, CATEGORIE_ID, DESIGNATION, DETAILS) values (79, 102, '4QCJ7QNWYP6SKCKAS5ILOKKUU4H7VGQND2WJDR006KEJP7PRLY', '83HEI65PVG2AQEAWS1M52BQY3E7Y5HMMOXGKV9FUTX9O6NBL2TAFEVKPBKUJDC3 O1JE2PAF1MLBW JEYWNULRL6MKDARO6G2AEB');

insert into ALIMENT (ALIMENT_ID, CATEGORIE_ID, DESIGNATION, DETAILS) values (21, 159, 'EHHPOMD8LF2P6UWX4UKSAT887ETAYUO9MTM0P628OQW90 G3W2', '0YK05UBOSWNH7BV5SUIF5D3FWYU6JVR908W4R8UQ5Q 2GCBKIRPIW9JOVBSCN7KRVKGEBOSYQJKD9MFVPV9LRQCC1QC9X1UUPQ4H');

insert into ALIMENT (ALIMENT_ID, CATEGORIE_ID, DESIGNATION, DETAILS) values (25, 112, '8N4HS 5 CGREU NEQS5820DJIX0UTM9C90W9F9YE4H99RC3PX0', '4BVGN71M2YWBQFVRJMC89YI5TDV32AF IN QFCQ69IISDBV8  INRKXDLH0KYNKNLD6X1ENB4R8MSBA7P9YH8UW8IYTXPWD6IINO');

insert into ALIMENT (ALIMENT_ID, CATEGORIE_ID, DESIGNATION, DETAILS) values (19, 104, '6HFPGOGCODMVFBX9LEOWHBFT9C0URLOJNR2QUMPU3FEHR6WMV6', 'SLCFUC7PJ TW81 4NVD3PMYA4YCB6CS5GW6VGBOHLKQL A0IJK E7MBDEJNUJH2072220X4WD71MC7O3QJ KYEWE242MES6ILNMH');

insert into ALIMENT (ALIMENT_ID, CATEGORIE_ID, DESIGNATION, DETAILS) values (111, 167, 'U PYVQ7K39JJUW TTVOBLM0YKDQNA10XAUV1L96UEMKJQJDIF3', 'DP2FOQDAIBOWI9B1TLU47 3GEC EL02LCIA2NU1YPEXEI KCJ8IS54U87NF L9CXNGPFYX00YIJPVNY0RJD9QD3WBCO3D810WYCI');

insert into ALIMENT (ALIMENT_ID, CATEGORIE_ID, DESIGNATION, DETAILS) values (70, 116, '69XLWXIQ1 JB1Y759S0AY689131JLPLNRHUHUCG1HYM IPOTD1', 'K7UX7 OC22EL421U6DAC5F014OBENNF0XPU4DGRIYTGN1MBG3IIL16WPF04Q9JC0U6W38TBSV8BUWB5GIWIL75YKBHXN5UK6K6MC');

insert into ALIMENT (ALIMENT_ID, CATEGORIE_ID, DESIGNATION, DETAILS) values (185, 116, '0DXLSTE9WV3AU5 JYTJ7M02WTCRJR1U4WY64876MS8 6NELI8U', 'G90DJGUT1JNTUJOGT4YI730SI2URP27HN9P 0DK9LX3  436W9T2VO4VH2 HBXL1AKFWVOOVPGU 56HWEXL6KSVN5VYLUP9MT7AT');

insert into ALIMENT (ALIMENT_ID, CATEGORIE_ID, DESIGNATION, DETAILS) values (195, 75, 'GL1RWNUJOXCAHUD5ETJJ3AN41CEJF12OKLOJAKSEWC9C8LH 0U', '0U0FCCJCY07Q7TJGXSCUHVYV61GXJHM4R50NH3U3JOAU2U2XYUD9AQ8PJF1LN WLVMWFWHOVA1EFN9P64UGRFDBWM3HCAMRMH1EJ');

insert into ALIMENT (ALIMENT_ID, CATEGORIE_ID, DESIGNATION, DETAILS) values (60, 65, 'OC0VSUOSDYK7A4MCF OK8NN9997BS52AGCYLYEYIQD5R3T  3Y', 'BK3S4PXPJK5E9JP5I SWG30XHIY4611VER9IB5UY8LA8MDXD42GKL7E264GIU VCNMK7IISF3E4UWNJATE7EU06M75DQW1QWJ4HM');

insert into ALIMENT (ALIMENT_ID, CATEGORIE_ID, DESIGNATION, DETAILS) values (26, 82, 'O43PT8YCPG557CMJ449PMLLQKW26OODN15OS0VX73 XCS7U9UQ', 'VT3GFBU 4ENVY14DKXGECLWB340GFFO TTQDG1RXSG14TAI0F2198QI9M0S2J002A0BL9GCGQF30NTQCJDD4F5P414TQ2MF8LS3H');

insert into ALIMENT (ALIMENT_ID, CATEGORIE_ID, DESIGNATION, DETAILS) values (89, 36, '9A23 ABD8DDOUGO6RYEPMR0DURV3N2L4XMB4RK0F2EE816O8IY', 'WRAVBQWMKIBYEKKVEO9 CTHI2C39G72J8GC15J51LI1YY4DIIF0IY5VHIG9L 6S75AIDER9BMAQ0IC802S1SMXNTBJE3OCHYCBVQ');

insert into ALIMENT (ALIMENT_ID, CATEGORIE_ID, DESIGNATION, DETAILS) values (140, 1, 'VED65P A2AIU2NKV3TQDIVC0SLCR9VGD LHVGKWKP3SQ15  RE', 'I69NJMF9S97D9IHJMT7M7J47I54EHWOLFBT52IAFYQ1O6IQYI7K3YK6XUV713KEXHGB2V9ORJD40S19SB9EF43HQCHYINAL9CNRM');

insert into ALIMENT (ALIMENT_ID, CATEGORIE_ID, DESIGNATION, DETAILS) values (41, 34, 'OTR2CR424IS7KKV03LW0K0RSR6HXCQA16AXVPWQ1J UV8OFDAD', 'GF3 HLHG1NPBH11X7U3N8SAFH6 M7TS2CX6F5KU6Q5YBT7HUNT992CPGWQHKKLQPUVPWA8JDLMW6LCCGQADNRJDA1N48CCKUAPPT');

insert into ALIMENT (ALIMENT_ID, CATEGORIE_ID, DESIGNATION, DETAILS) values (6, 158, 'RPATVSMVIX7ME RE8PFLLTS23 8L4F2ICTU0BFGSDJJYEIW46G', '3EM87GPQGQ 5QUYGQH6N  47XCWUT58 4JPY59ODEIB9RCPTQ2LAP UP2K24I5MWC 5VU172YI 8UWHF 2R 49SEXQ 2E19H6SYA');

insert into ALIMENT (ALIMENT_ID, CATEGORIE_ID, DESIGNATION, DETAILS) values (43, 70, '1OBVVVE9P24XBK70EC1589KQRU9WWNBLDT5LRSSXAI7RUE0JID', 'NYX9XG8GXXBJ0WIL1NNI1G85DCQ7DVPHRJKXMQ0FW4CUVTBX4B8TF14T7VT46VRUEK2LPKWMHHWOYXAV0NKKEKIMMSER571SM3GC');

insert into ALIMENT (ALIMENT_ID, CATEGORIE_ID, DESIGNATION, DETAILS) values (98, 75, 'NFVRM N5NJ1IF5OG1GAJEQ 9VPB5K65EFP57BCEIUQGGELOULY', '9 4LC8GT1 7C7ERNT  39HJ7C34QCHYRRRLW2YNNDNHA5I3CUYRTMLF15JC4IBYY4GV44EA0J99O583L1WRD54HGEBJFUJ0JME4V');

insert into ALIMENT (ALIMENT_ID, CATEGORIE_ID, DESIGNATION, DETAILS) values (143, 120, '74LY5A9OD8W6OJ8ITNJBMDSW7KB1EY N7QSDMG4LIE4DXQNEHI', 'VQABM09IF6ASG3HE6A63C D81BRR RATNBSI0UVU54IVIJ4MXM75KV01Q43ACFTMMS02KH7PD6NC 1JOKXFD63CGEQ0D63X1W5F ');

insert into ALIMENT (ALIMENT_ID, CATEGORIE_ID, DESIGNATION, DETAILS) values (106, 179, 'C CX3GA6D1DK62UYOELDVD6KK51MXXNHY Y81WKWYQH9PSKL1U', 'IGW80QT6368B6AU2LKY2F4NSF8GSHKJSI2EJ H7YIBEBN2KYN 1J6NCUF3VOAK4KNCPS C8P8LSGXXXFNRFJTVJDXPBH5X2VD5I6');

insert into ALIMENT (ALIMENT_ID, CATEGORIE_ID, DESIGNATION, DETAILS) values (83, 199, 'QEN0O0NCNNXPQIPGA IOSOMQ0DQHTRS61Q6I9B EQ26D4U61LS', 'QLG1QXYKQSDB87NTIPVR2WM1SREVJ55XSQJ4T1YHSUJ0HBW1895WE989TDA7FRMANJELSFM5MM7GWWY100A7U590SF41Q5KJP31O');

insert into ALIMENT (ALIMENT_ID, CATEGORIE_ID, DESIGNATION, DETAILS) values (104, 175, '4BPN19P27QUT2AXAVV2AD9QXWM1 0 H 3EUB1 M7KBUG3N9UR7', 'ACEFRVA3BJBLLNDNTSH95TF5KBC18RL2DTDAMMWW3M5JT7OQ21BX9QTQD1V3G6F0IQAQH99EVA8P9XMGSOV2CO6M3TS2H91CLNKQ');

insert into ALIMENT (ALIMENT_ID, CATEGORIE_ID, DESIGNATION, DETAILS) values (58, 172, '41PDFYX3LS2 0OAGRFN7CH2VXLCBAUMMFX2S2TRLW9BCMRB5T ', '0AOTTAXSXMPS8EOR UTHCL0WWLFE4CXPYNPNHMY0LTXLWGUISSNCM82G4CENAJUE8H7KLVU35SGK1FJQ3UJNU92WXW8K1DVYCGE4');

insert into ALIMENT (ALIMENT_ID, CATEGORIE_ID, DESIGNATION, DETAILS) values (34, 191, '1NREH64HCRNMR7SOP19TKUVUXT7YA4DCHN77B BLT2F995 717', 'JYWJG6MTHVB0AVA8N225NJB0Y9V0PIMI5P SBW  K6DXU TJ2TT8ITBE2FF6OWFENOPEF49A0GL6 I9HJIR6NJ PSYN4H6HYQ6AW');

insert into ALIMENT (ALIMENT_ID, CATEGORIE_ID, DESIGNATION, DETAILS) values (186, 55, '235NF57SYO50L2H1FXQ5BQPT1LSMPRKUXM1TA3L2L7DKN0N6KC', 'CB8EVLIGX5UJVSX25T9EVLHK94NYDCNWK8YLPBAGRU0PD91 X26GMYC83SWN12AYJWLMG2RXISBJM4G2UX0GMDGWYLDTL2GSJNFS');

insert into ALIMENT (ALIMENT_ID, CATEGORIE_ID, DESIGNATION, DETAILS) values (126, 25, 'JIV0 5E9OVJU04O2B85XR26K4IJDSY546WNPVRSOX4XA9PKXRR', 'E4EN3JH3RI8HPD5HX MBN5FTBRY1T1XYCIEFCUFX6A1E4N42 RBC0FGHUFBEH RHE0I3XT68R173P8NFLDOUPL58A2RMKLN93A8K');

insert into ALIMENT (ALIMENT_ID, CATEGORIE_ID, DESIGNATION, DETAILS) values (8, 24, 'L3FQ7J8L8KTT6LR84HRRU27PB4AS9HUC5FKHJQ6NJBUQ X2GR9', 'JRXLT7RRYXM62BGOB58 3I1H0CLPFNNOPB0910CP8U0I1U5SBWN65COSNXNTQBKFUF XGEA9VB 6K1T34UHTRWTD8D32S6DRC9GU');

insert into ALIMENT (ALIMENT_ID, CATEGORIE_ID, DESIGNATION, DETAILS) values (20, 34, '3XPDSWYQA3TROW6W8BHJ4I8M47D2IJX9LIUDP21QMWQM F XPR', 'M4IR1 XF5P8M1D0EME83GXCHS06NFAASFSOMURA2MHTCA2L UPEUT6XLA9P6AAG35N16BVPECQLCYTT5YLEJTYKJB9EC B3LJUJY');

insert into ALIMENT (ALIMENT_ID, CATEGORIE_ID, DESIGNATION, DETAILS) values (193, 4, 'Q2T1 R17HQ7GVW296LJLQ3QYVO6YT2CUE9R3BB6CWFV9SYHI E', 'ER AXNCN3UD UI06UD6W7189HMHNP8SDV944I7FEMK46URNP6VRUSG 2OV275J1YIC5SM3VQER4VPDE6 3I1A50WDXGNV558YEEQ');

insert into ALIMENT (ALIMENT_ID, CATEGORIE_ID, DESIGNATION, DETAILS) values (116, 21, 'KV1Y9MIADHQ9Q5 V1NP39OMFX0PHY30UQDUV1QCN85TNLTECFN', '4VDT4EJSI8ZLD1SPBIAY8YF05BQSQ A CTBUGUQ4VXS4BY3KVQJGVEVQQ2 7A1C000N1 N5OPVVSRC2XET2MTYVVT6R40ODU9C2O');

insert into ALIMENT (ALIMENT_ID, CATEGORIE_ID, DESIGNATION, DETAILS) values (142, 64, 'K85V1TESLTUFDUMJ J0OHP50YQRF0 C355W0 F PDIICL2HX71', '4OHRD8XSI1JLPHVQGON0X7M75E83MFV1A3I6M AAA5HW1AM54UM82JQ4VW T2P2HPB7AMU1IO00O2JM51 A5JBXM98SPVD9CL2P ');

insert into ALIMENT (ALIMENT_ID, CATEGORIE_ID, DESIGNATION, DETAILS) values (155, 148, '9DG77707B8ITUYMIPSMW3XTGMCLY806P494O2YP4DV2QOC4AVG', ' ESO9BFCTBS4C0CX6EQGBO3VUFR 0B9PMXV1F 5VRIRH30P95JAEXTC15NHV CBE IAYL8SOQTTO6EBD17EAVH8FCJ1FDPGJU0NP');

insert into ALIMENT (ALIMENT_ID, CATEGORIE_ID, DESIGNATION, DETAILS) values (66, 61, 'KNQNMUXEQQFEE4XBSE2EPSBM6C8BMRXQVTK3E4BYRFANC7C29H', 'XK2R1LW5IVC UOKXUULSDHP409F5E3AONRYOC5JFTG6F XU9HBFFNKDIL25S9759RVGFQF1 RB7H8V35ALU5YPL3QLMJFJTWA9TN');

insert into ALIMENT (ALIMENT_ID, CATEGORIE_ID, DESIGNATION, DETAILS) values (93, 156, '8SKRM7T0J 2FJWXFXGM W3STOGD31JKR8FQYY CXBH74IRL8S2', 'O99FX35HU1OKOO6BGJMHYH4 B3J13JEF35RCRIQCFUQH0TVTSJB9PO ARNA5XLSF9IQBPQXG0H0VHKI2XY92BGR30RMRINLUWF32');

insert into ALIMENT (ALIMENT_ID, CATEGORIE_ID, DESIGNATION, DETAILS) values (78, 156, 'RGVDFG4FR9YABWDJKH3QI3X1SWTM3QV83TMVMQT9NG4GFALHDR', ' 4VQ0UWT9QW0ASLK1B3NORRGF5QD4TB7UCROAPFCDFY3OV6H 2UOSSLS6U69GELIDC292KDKS2RECQJJ9S0FUQOE6S29TLROJCB2');

insert into ALIMENT (ALIMENT_ID, CATEGORIE_ID, DESIGNATION, DETAILS) values (28, 110, '1TI7DTG6LE3AE9UNP8RSMP5OQN96LNBJV5WUB1QL3HMYCJ6STL', '0P3MDBIEXSTHRVQPNA6WP9QPJPAIBU9377LOV4O6F5U4FYBUIW0 0VOFCQDUHNT 2XKWYPQDAQ49 X9P2TOC8IHSEISHSTYUIICJ');

insert into ALIMENT (ALIMENT_ID, CATEGORIE_ID, DESIGNATION, DETAILS) values (171, 174, 'KI I8760JJMDHRW5NA3112SS4MDI3DTNAM4GSNYAF4N3URJS5L', '7LE3DAPS424OD2BRCAYP9N AUPXCRC U5LL X9GKFTQOYHRYCP0LVH277Y2NKN234R9AMYSJEY 6OMIR1ESEM7U5CGWI EXLFGMO');

insert into ALIMENT (ALIMENT_ID, CATEGORIE_ID, DESIGNATION, DETAILS) values (131, 126, 'P2QV8RHYPJKUONHKSCMUQOII89B1EI7PRH2F8G EA5GUMA5NH1', 'IDTNGJ 5UVO07GHN8QQ3JE36IDKQAB G2E9UUX 35D3JH2KDWTS14AFE13KUTATE7LK6UPD3P27AGVJ27YS 8VXIWV8D0KTU5ESP');

insert into ALIMENT (ALIMENT_ID, CATEGORIE_ID, DESIGNATION, DETAILS) values (112, 193, 'FXDYR0NCQG6C07KM6LOB95PTHDXWOWBFTCTEKQTWR4UU6K2W5D', 'ISPQ O25KO6V6E40X6PCTUGRTMRMM OGWCO2YOI36LCE59T76J2AVWWG07K4R9KKYU7SXCX4M21SYCMOWJG9LNR EEE9 0J5H0A2');

insert into ALIMENT (ALIMENT_ID, CATEGORIE_ID, DESIGNATION, DETAILS) values (149, 159, 'MHG971CP3AW43EBR8UOLAF1FD4P VRX4AH GOFMCRR1X7XB7XM', 'MRE71RIQTBVMV3HPYLYVLIIHAQ9E8V4K6QNGJM1FBKL6RBVJAY1O46ARXQ3IVR0K4X2Y5Y6MHAGL7OKBBQ81F8DMN31QX8HTGOPR');

insert into ALIMENT (ALIMENT_ID, CATEGORIE_ID, DESIGNATION, DETAILS) values (91, 133, 'B8BI321Q1H9MFH2FSDNKQ5P8OPSY6WCM25RRB 7UYS50ECG06A', 'Q8JLQFT3PXN27QFKXVG3LNQAV65MH8924B05XSNYN1CBII4WUKFRA3KH3QVT I3118HM9VMJEA077FJQC1DPNUFOUALQ5A8W4F4V');

insert into ALIMENT (ALIMENT_ID, CATEGORIE_ID, DESIGNATION, DETAILS) values (164, 164, 'D147W4WNKI4F39XJ5T4FD5QI4GKX6EUCPJ2VEB2NYMALYIBGPD', 'F 034A7BNMHTJAHK2206BME9I3BUVJ7BG9S30VNUM1HWEN4I9SLFKOLV27O7QG6VTJKV365GBBORTNR8ER3SMQMH8PC72GN1CIMV');

insert into ALIMENT (ALIMENT_ID, CATEGORIE_ID, DESIGNATION, DETAILS) values (96, 17, 'OX8T YDGGN3BVH4QPUIB2I DQHUT2O925AMLQ9TMMA5YTEVC81', 'ALRDB V8K75 2J4QDD1LRIV930CRBMWLGTNDM9J5DE2I8FXRLEM7V9NO0W6KF1XHDU3OM8SDUOI29LGD1X9W5CJWV67JRT04PYL6');

insert into ALIMENT (ALIMENT_ID, CATEGORIE_ID, DESIGNATION, DETAILS) values (47, 79, 'M55OFTFJT7ESBPMKJRHB0LGVK5LIQ4LPBAYHL46F56W62 1654', '5PGUHRNJXV84BE PN18AM8O9RQ01 MS6DAWHQLQ7G IKXF1ARAXD4MYTECHUQPHJ D9AXG90FD6BC1SQAWKL7AKWW M5ABMOY3A9');

insert into ALIMENT (ALIMENT_ID, CATEGORIE_ID, DESIGNATION, DETAILS) values (169, 11, '1T4Y9PM5J48TPCCUJYKGS28VNYAR9QQYO72GADSUE8H9EQJEC0', '9XTDU8Q0UFRRHFQIJF7O0TCL TAKQFCFWS764NEBP4MJ06OMPHQUUP4V0VQM63JUW6AY2E1X2Y8UVB8K784OWD5PFFEWILKN7G7P');

insert into ALIMENT (ALIMENT_ID, CATEGORIE_ID, DESIGNATION, DETAILS) values (101, 33, '0 XOLU32GS25R63QARMSPLBOBBFX02A89X6UY916Q 4OU5BG0M', 'W24M0 JWJQ0XGOJX4A9VAPVWE9SXOC5YA T3GLRJU35CS5BWUPY2H8UPW49U2QKS8B 7AF522VKJD8WFTND6US8VH2OM2WYT501Q');

insert into ALIMENT (ALIMENT_ID, CATEGORIE_ID, DESIGNATION, DETAILS) values (80, 40, 'B249T26TDCVJM3BL A5QRUW81SSTV50TBN1AVQ7PTJKY1QV7S5', 'AE7DWAP5DSYW4XB13E1K PCH9C14YQ5J5PJTDFT S086E68HVHIFQG9N4VOGU04IFWWB 2ORLAOQJQ9FPNYNDJ4G0JVXI2CLMP8D');

insert into ALIMENT (ALIMENT_ID, CATEGORIE_ID, DESIGNATION, DETAILS) values (184, 195, '8IXAEEB9IMMFT4G9IOUW4V6HJ2N563VQCBLKBIB53JVNKEGXTW', 'MRSCMDEJXR6T1SWY0W669QUB0 YQ46NXLX9HL9M1C7DM840K5CG632WVULPW9ODIKPX477SAYTYTK44BODKTKGHETI 38ST6O173');

insert into ALIMENT (ALIMENT_ID, CATEGORIE_ID, DESIGNATION, DETAILS) values (40, 13, 'IGEBUBH4W47NFPUD9IEHDRS4AX0H1WBY24301K7WP6N7L 7IRQ', '0TFTC1NG5J7HXCRJQ5B6A3WD5FIIEM8DGWARH8VK3EEXLC SIL43WK5S2R7LPXRVXK9OSEOAD0 1S9U0PKXISU4IVAQ3VA6MQ9BR');

insert into ALIMENT (ALIMENT_ID, CATEGORIE_ID, DESIGNATION, DETAILS) values (136, 113, '3COR D09NAPQMF1F 0XYOPENP6CS21FNG6C08VJCKRYAFDGOFC', '2FRPV1FO2RKQ23RDGOUMFP57NQMM0OQPIWI CBABCA2H9J 4RM1AG2MK73SYWQROQ9WBJ DXY2XTSGXP3W0RMMHH002NEP FRPOW');

insert into ALIMENT (ALIMENT_ID, CATEGORIE_ID, DESIGNATION, DETAILS) values (153, 180, 'LJ3EPMC1MK8SWE60FPASTNJT5OMGQVH50NOCP06993N5BYPYUA', '0KL0N4CC4S9N4OT7H18O3UIVD409073 BP KL96PMPN  R2XH4JGQUUQNTOYCH7VTGT7C1 KKM0B8T48016NRXDE UYVY3NUV2G ');

insert into ALIMENT (ALIMENT_ID, CATEGORIE_ID, DESIGNATION, DETAILS) values (81, 163, ' P4GYHLB9SMXWH2UWGYGFB GG26206FICT7UXRGWH3CE KJ1D6', 'VSYL4AFPT9YEC74MAT55 L UICP9O6GKIOWIDQ1T2A5UMDI9X4T55Q A2DBHEKH33MB3989SQX2W HM0O2PPX6H62 5W2EF8RAD4');

insert into ALIMENT (ALIMENT_ID, CATEGORIE_ID, DESIGNATION, DETAILS) values (148, 67, 'DF RFXW D8UUWEKT8N6PTDOJJRSJ4EVHA5G555EU8RH5X9YYPG', 'QELC WK0DTUSUSU3P60WDWG M3A737WFK1PPDSBMPYT4B4TOP7CIAJ66WB8T5LCTFBFMWWK7TQ8 8RXT21EHG3U O3KA9IU7 NQD');

insert into ALIMENT (ALIMENT_ID, CATEGORIE_ID, DESIGNATION, DETAILS) values (9, 106, '3EP BV760NFC9UHM04M0J5HR0A3O20LPQY1A2ERMX4YMNB3MK9', 'XD7AD81Y746VVR7XYMRYMMSGAS5IQRTT83SF0V939E3B3O1DBVRLAHIOF0PN3MX90PK69C51TL0LLH8 DFGJ5HKSALMLDIJMVPE5');

insert into ALIMENT (ALIMENT_ID, CATEGORIE_ID, DESIGNATION, DETAILS) values (110, 127, '6N10912LSII89LRJK3RV1UL858AGORL83KUX29XAGW2IF1KA2H', 'KL1WOIT650CEHM1DMPU9XOMETX9BTBV 7UGD4O2LHG1SBLDSYKI Q751LQU99K4CHN3NQG1E5C7V 9YHEPRFLX8LQ18Y081YISSG');

insert into ALIMENT (ALIMENT_ID, CATEGORIE_ID, DESIGNATION, DETAILS) values (13, 158, 'DPBEMAAGID7ECRIGY1VVMQCAR5BS5F5T P6KBNMVVO0MMJKCLY', 'KYL7NDSV1A 4 22MQCL768IFAX3IDDJ332AKFK0LE5BGRW 2TRLYS X6P HS RHC6HB6RA4CD4EBNO8VV9A0C8TACJ0L9KXI1OJP');

insert into ALIMENT (ALIMENT_ID, CATEGORIE_ID, DESIGNATION, DETAILS) values (115, 68, '12QALEO3HE68CSXAQGNP9C3JXEYC7J5VAULCC63QV6 X3AMEE ', 'W2NXP7EGG7PLENDLH8SEMK4QYSCHDVHUXU6QJ94RWKFC8L5XUHILDQ03RKDN84ACWPIOGU12M3MTOJN8VRVJVJEI9FRX48TYR5K5');

insert into ALIMENT (ALIMENT_ID, CATEGORIE_ID, DESIGNATION, DETAILS) values (30, 0, '7TA 0M4EGXBL2HRY4BKYG1X7KTPKNG2QAFM7N663Y6PE3 3XXM', 'ED8B6FM7FMHSY7VHR8S W4FRXRIICUH5PYIE GY7KV0 E4P44W8D5QI6Y3JUETH65KAAFE92K173F6OOECJQ9L7MUEPSLD 7YYM1');

insert into ALIMENT (ALIMENT_ID, CATEGORIE_ID, DESIGNATION, DETAILS) values (173, 108, '58CGECK9H4TI 8T03P5Y2RXV3215759SWWH2J98MKPY2TMD2IG', 'QREKCNMJ49A0J621HAY7RLF9H0KUNKAL28B271MPHM5EQTWBWR9H7EU6IMW49PO3IW5CVB22HP4PRFRPK5WL3API3BWQ5GTK127U');

insert into ALIMENT (ALIMENT_ID, CATEGORIE_ID, DESIGNATION, DETAILS) values (42, 150, 'U78GHW21UAIO1BJ0TDVDJA E66O 74HQ8RG E750Q7QGUQP0CG', 'HCM2XA4BOY29EXO4PKE9IHLR4NG5KCXFJTG8JE95 5T47UOAUA2EXU6XFWX1TLXJY6J2YETMLJPHSW1SLAE1FB0FMN9DJ X54NF6');

insert into ALIMENT (ALIMENT_ID, CATEGORIE_ID, DESIGNATION, DETAILS) values (132, 48, 'HW4NRKPF216QM2X  Y4QRYX854UNVKBYRT88QTWXTDWIE9PPEQ', 'QW7RTD3JQF4TJ6S717J0R25DB WRR9A5CR01ES HN0F7LDA2O0HX94WANAVF0R1M45YIGN1NYIL741MQ4KM1YLJF X3OGR78CJYR');

insert into ALIMENT (ALIMENT_ID, CATEGORIE_ID, DESIGNATION, DETAILS) values (86, 117, 'RE75XAA5 MIM4 IYRHP1ACACJ16GKDRI1AS5CS7SSBXG87 TBX', 'JJL911EOW53E3XXM2 O2L6YM1MXO6O2UKYLP62VY3GR98IKK9MNKQL W5G4OPJGGW1PAJB3Y9H9J3XRALMEAJ2WNJ681XGJP9U6F');

insert into ALIMENT (ALIMENT_ID, CATEGORIE_ID, DESIGNATION, DETAILS) values (197, 167, 'BFLU52 08 KXG8DDKRXN91FEEJDVUS448HM4KGP3TI TENSRN3', '8QB3DJYK250PIUIM1PIKFIFHP RCV2 I8M0AVOTLIEUAVXB16WVVEWJUU VK9BP1FIR3HUGYP530YCPYTE4CFN0 1MN4DXLFM9AG');

insert into ALIMENT (ALIMENT_ID, CATEGORIE_ID, DESIGNATION, DETAILS) values (74, 64, 'LEAORL2QDO3X2NWWEH 7Y0 182R82IYJG JBBLY27W77O4RQ3N', 'GM71S6LFFBAXP4L7XRYSX93BNYL9J IYDG08SKGKDU9FIDSBP3650OC UB81T2HP9LGYQNW0AOK2TNA0 731PSQG5QRCY6F9I0TN');

insert into ALIMENT (ALIMENT_ID, CATEGORIE_ID, DESIGNATION, DETAILS) values (161, 172, 'ESJHSQV69AJSDSQ MC761X1C09663B X3FWB24N8WW8RMSTGKU', 'G29X2FQE2SX5CJTEDWOM5L2SDBPR H0URP4W0F 1OXN5W8296JSWV6N0FPTXVJM1CR55TS6OXDJ  7AMBKV8QIROCUHYUKVSRO6D');

insert into ALIMENT (ALIMENT_ID, CATEGORIE_ID, DESIGNATION, DETAILS) values (152, 18, 'A57 6CSKFI57K6T79BQ0GT6WULFQ80TS1B753R7DXT1AHRRXDB', 'LGT 0UV2I9ILU1T3IC6IBKIJXOOOJ98UW24O0A1FPUG8NDPIHBH6BYX KRJC2GGAL5VH WNL79HPO8S18RSIDCV3MHPDON612XM7');

insert into ALIMENT (ALIMENT_ID, CATEGORIE_ID, DESIGNATION, DETAILS) values (138, 22, 'FGB2YYPIC6QS8ULKPMDYCPUVSQHKE5Q6USFMIGTSUX5F1JPQCX', 'S6FM3LO6MLGOSSXACFM5DC0HLFVY1FGNAY84TPNS7O94NEDA 3O2HKYDWM4DOH8N6A4788TU  VFL99F LN7 6QSOFS6HOD34IAK');

insert into ALIMENT (ALIMENT_ID, CATEGORIE_ID, DESIGNATION, DETAILS) values (175, 187, 'UVOD1DB I1QBEUIO6PIMVOC1J5Y4USKTE 3YX6IQO55I77U 00', 'NK3IFB7AYUDKXEAHF 5IU8QUFE UM83CRX75YQ8XBF5MB9KDNLQB8T3BXTVW5F1AMBG0UN61S2OKJ9JVYCK1M542OVG529TMQFRI');

insert into ALIMENT (ALIMENT_ID, CATEGORIE_ID, DESIGNATION, DETAILS) values (198, 166, '3E4J4U0O M3NTB48VUQ44 8CDQK98YNSPLKPD1X9MX8BCTB6Q5', 'BNBWTMRCVPHG1FGKNI75W8TNM7760VS GO6AANR0L9R70QVSUGX45HPFY077RXTVAYEIJLSLRSYPE0WMRU01GUHI5QYMOQRKRXQG');

insert into ALIMENT (ALIMENT_ID, CATEGORIE_ID, DESIGNATION, DETAILS) values (55, 73, '61R0LPLOI W2VU9QUJ8ISPRLNSEVAURVRU0EARDVVF11PG346H', '6LJ5FGR13QC0OSBJ6E807OQQX58LOD7ICMESIR2UG7L YOVS40N1 G H0VGGSCVJKEFOVFVC6GQJQ8WFIA4R9XCBUACNP601PH9Y');

insert into ALIMENT (ALIMENT_ID, CATEGORIE_ID, DESIGNATION, DETAILS) values (157, 62, 'PH8BN1G52GOTINKGD 3LRKYMPX9IWVKYPE1 1FBEEO57U1CU5W', '7GE6ECHQ4FQPYONCRAK6SPHS G2 45BU76YNPG8M4HUCGBW13YJLL32F43MUIGKKE61G 81DMXXNF781QOCLF8 8F8EP0AOEABBY');

insert into ALIMENT (ALIMENT_ID, CATEGORIE_ID, DESIGNATION, DETAILS) values (38, 148, 'UT3UVOW1TCSWKF2261YRNQC1MO4AK0PILM7KBPG UWBTFFJIRE', 'NUL3HKSDR3NO3G7PTQQV6DA35BYL6QKXF8A DJEWNJR8JKJ3PXI J6C5VXFJDVSRI637X6W3QTV19LUBJX7CMQRHJCNJ2F2DG7P2');

insert into ALIMENT (ALIMENT_ID, CATEGORIE_ID, DESIGNATION, DETAILS) values (11, 166, ' PH7O91C2G9X6JINABNV7OYLE42HQ11KYTI16DO SD5OOYY4XK', 'P5JB31 IDDUK1P8ODBWAVJY CEP48LFS3ERJ53N0Y2EIEXTTPGB83A9B62409G9OI477TM7 Y1ID72RIF3NKP57 H VIBMT34UKB');

insert into ALIMENT (ALIMENT_ID, CATEGORIE_ID, DESIGNATION, DETAILS) values (52, 62, 'WDT8VDD0157BGH9E2FIOSRVOOC7 FR7GQEX4IS IK1F6LNJJ7L', 'B3JW70BYHEHN7AQ0PG1H1 RMKTFD5BSDCP89G 6GL 54OIKWGBMAL5OXOE1XNNYH GKLD6KRDLJTCG91SLKYQXNHMN96J586Q5EG');

insert into ALIMENT (ALIMENT_ID, CATEGORIE_ID, DESIGNATION, DETAILS) values (109, 32, '7RXH9RV1N6LWI H702 UEFISRU6403JSQHQGATEXVC9AOV62I2', 'K4461V2ON35SU142  WXUIBLRF1MGCAFGOLK67UOWOO09038T9SC5S6N1FVFHEG4GX EVQLUBSG40U33I VGR0DV3AHSIER8U9DJ');

insert into ALIMENT (ALIMENT_ID, CATEGORIE_ID, DESIGNATION, DETAILS) values (199, 26, 'I46BF1GP3G5OECG00IQTN5IKEAYPEAPEGP9IGHOKFRWQRJNROY', 'IGR73993JH9BCQTGBJ6TIJNFNBPFUB0IY1DT850EMRHLGAG3WIG1TVEKFSIFJ1BAG15RPWR0I89OWPRLWSR7DDX0RB YWPWFMPH7');

insert into ALIMENT (ALIMENT_ID, CATEGORIE_ID, DESIGNATION, DETAILS) values (144, 154, 'RGMX975R RI8VNC726HUIDCOMIARHFXQYB0IMYR3T5G94PXTB9', 'C4SITBQAMEXS73BXHAH1 5LSWRFYK6DBYUG K3Q9J 903UXVF9LHUBJSC0UHR8J878B 8IREDD637C5RA5UQHMLQXK460KA8NU3N');

insert into ALIMENT (ALIMENT_ID, CATEGORIE_ID, DESIGNATION, DETAILS) values (56, 40, ' WYH7D3X7D21 99P461QP9VQTSGM067E4FVFKJGSIUDUBH3NX7', 'OBWKTTCGMK5D441PFO7JBQJMNLNJRGNO3XYOHSI UCQEUL4SOVI325E2CH9G 5 96NDLT2M6Q9EPBA6 KCABKQ7767GAKA930JAB');

insert into ALIMENT (ALIMENT_ID, CATEGORIE_ID, DESIGNATION, DETAILS) values (196, 122, 'VRKO37W7WVNJD3P8332E9NSKBDHV832XCJ4DO M184 ORM66AL', '9PR0KP9498HQW1X77OOANK6EQIUH1FES316 3S6GCNE4SPJQ8GK3O216LQ765W52JN95EHIO55JNVSVXTUWYK2C 56 JMDL5PHK3');

insert into ALIMENT (ALIMENT_ID, CATEGORIE_ID, DESIGNATION, DETAILS) values (48, 158, 'KQHTA1OI8HWNVQMT8UB9KR8CBTS P43E0SIFXS6DGTPR90RP 5', 'YHGN5KLG4MBV0VSO0N1BCA D61G5NPTXQAPDO0G4X9XMTUKP4OOM U53VT558SVA26QU2W5T2JDC4DMVHVJFTXLL8GOADFSCM7L1');

insert into ALIMENT (ALIMENT_ID, CATEGORIE_ID, DESIGNATION, DETAILS) values (145, 99, '43YVLU5TA22005KF5DADGA9 MNU6RJMWK9QYV340FFNRHVJ KB', 'GWU7T435OCLO NH8HTLD6HQRQPPSL801 1XIQD198W82 85MJ5KC06PQ1V WHTDXLHWGUHXUCIGI8NO7FS41FNJGRJ3EAFQS9TED');

insert into ALIMENT (ALIMENT_ID, CATEGORIE_ID, DESIGNATION, DETAILS) values (23, 190, 'JB10SL3AWPGWH6JAFMIY09VHKCSSDDCPMAAHGSYGC1NQ4NCK8H', 'KG37IWC3UO MHYYIMRY7GKQMB8TTRU8 R1IL724CFWLH01YB3488E4ODC6X6SMDPNQUBPA5DWOOJ6T8LR6DWXMW1K0511L CWWDP');

insert into ALIMENT (ALIMENT_ID, CATEGORIE_ID, DESIGNATION, DETAILS) values (124, 79, 'XIS MDLS8IOYJT2VMWS8EQQR078IO605E5J44143WT9PIM1R9U', '860SO53H1BXX05 K7RHGJ92O CACJM36YIDSI7C3MSFHK0DLBJR4883D2VSM0RK2VH30LKK4RT80MJHF884X115ENC1M7 4V H6P');

insert into ALIMENT (ALIMENT_ID, CATEGORIE_ID, DESIGNATION, DETAILS) values (72, 82, 'G43FBE6SNHO2BD5II5797DUT 33YENB3A73P0IM9ERVXBT8L42', 'IPKEAA1PP9VIVE7DRJW3 ATDDQN128UM9WTSWCOBUJVB2VOILCMU7H0C88Q1XNC196G67D54CGBCGRIU4YA0E ONSHNF816SAC9F');

insert into ALIMENT (ALIMENT_ID, CATEGORIE_ID, DESIGNATION, DETAILS) values (141, 21, '5HJP1XY5IEOAVQARTFARQML547U9PL DK2J7CSEEE90FW5MK4A', 'P3J 1XT6QHPHEJI1J42UM98RJX06L0NJVI784MLCDPJ1T3JEGJJ2J64MB5L3RLPGYUKS6 JHUDBM7FAJ 4NYWIGNYRWYV8869O9 ');

insert into ALIMENT (ALIMENT_ID, CATEGORIE_ID, DESIGNATION, DETAILS) values (90, 180, 'FRU6LYU6DHF S6I171IDQXSR7U8YKYAR966JU0PU299MF1H98F', '8968FQLYS2C1S31OEF3HR70PAWKRWT0UNHP9FB267CYFGWM 5TMSX37SWAT9XETTAFY9YXJ2IFY9I9B2NE6CIEW9XYOSASOWCPGY');

insert into ALIMENT (ALIMENT_ID, CATEGORIE_ID, DESIGNATION, DETAILS) values (174, 151, '8XIB4SSEO3LS 39RUK PW2PGXIY4CD K2XEO81TWWSCG9AN7WF', '2O1W46Y6B9DQVNLTKBOL25JGTNWNGNC4QVPGYA4T861A3RD20E8VBYFFCYT5OEGJT7T277BVGMSJ3UNTMEHP79 WHX1 FXA23LVK');

insert into ALIMENT (ALIMENT_ID, CATEGORIE_ID, DESIGNATION, DETAILS) values (154, 122, 'SWYFSY12K2DSEPH7AQE05AHIKVM68B8K71T9EN6UL18Q75XS7O', 'L7214GAW O8 6EG7JNM4U37AJWXI98HE5AI18UA9CULE9RB0NKABW97PBS7TVNFGEAIOR7R04QT G3HD68OR1G3HDXJUFKM77SIQ');

insert into ALIMENT (ALIMENT_ID, CATEGORIE_ID, DESIGNATION, DETAILS) values (135, 94, '9 6GY17JYBIVROC4VSBGQTJS14O8M4A6W 1CNFCDJ4LQ6SFKWX', 'J9R5OJPN6CFX8L2TK2 BTA0LC36MU5P1B1L6S5OETNT0CEFSPR8H3RF0XJA71IUHQSL3MBS7KJHCC8D3IFCQ2Y55CHF1WTEXD3EH');

insert into ALIMENT (ALIMENT_ID, CATEGORIE_ID, DESIGNATION, DETAILS) values (75, 80, ' D364K9SR9URWJSVGYX19Y2QAP55UH2EHDID44T94MNOIJS8VB', 'SJU3NRE9ME8419YF27A0SW3PXSGBPSOE73654BPLT0WB7RTEQRJO7W191XSM3 CGC1VFXLPR3XY5TPY27JAAK 4EJIUSU4EU 8M2');

insert into ALIMENT (ALIMENT_ID, CATEGORIE_ID, DESIGNATION, DETAILS) values (114, 136, 'YGAAO22R8C8CXPII55JT1T0R31RI7GCFWK1YUT0SX79BH4IT2L', ' 4TM UO4N3FA 9LYPWCA7KOW3U28BCT83TNME7 SBBJKYH4UDMXM5Y0Y 4NTYPG3WUYRO8EPDYPUGI857H6MXA82I8PCXK8U2NPI');

insert into ALIMENT (ALIMENT_ID, CATEGORIE_ID, DESIGNATION, DETAILS) values (113, 22, 'IGLLD32CGBQRKDQL73IJVQLUSY5PJD90AFNHS4FDKAF2 AFYOC', 'LX5H9VHM7DX5Q3L2G ECKPU3NVHS1XWXA33QDAM B W1H9U9388XYCWV D66AQTJABT4XL0GCYF6Q7P1NY2 E8U04MYB3CTHLXGC');

insert into ALIMENT (ALIMENT_ID, CATEGORIE_ID, DESIGNATION, DETAILS) values (4, 33, ' G3MHPWGQC9CLYCNO5JBV65EU4KASFGU1NRGUFSGEN3VVDBKO1', '4LQ57QHUUA6Q9XWQJRSERW5JPAGDL3U419YQAIQFX9C9IOFFWK2EWCP89GFC0OI8NV1CBAGA43I2CHYBXL1 1T9TS L32GMFU2JO');

insert into ALIMENT (ALIMENT_ID, CATEGORIE_ID, DESIGNATION, DETAILS) values (50, 59, 'I721J2VG2JL0PBRYL9P1Q7S004REW4YD8EKL59UCS9G0T0P0 5', 'HTKUE3317HIQY2DK1 1O79XVCTYJGN2 BNPKNROPUIOY8HS65A0BE NEU3 F4RI S53XO 13H8SEXM7C1XR8551YYBUYIVU0BDNG');

insert into ALIMENT (ALIMENT_ID, CATEGORIE_ID, DESIGNATION, DETAILS) values (2, 100, '4QAFXMQBXG2U85 GSQIIFVROX18PT6 9Y14F8HKPTBVQQ6K15N', '7T0QP3RF2JN3TXHX2 LDHAA14M6UN9 OUQQPJA9IOLE1X24 Q1X OMSMD1VV H964DDMESH1LETBCW70N5VO4PFPKEBYXGEJGOAM');

insert into ALIMENT (ALIMENT_ID, CATEGORIE_ID, DESIGNATION, DETAILS) values (128, 151, 'FVTWN2IWNNHO9O2T0YJBIKUYJDX2KTURQVJ4ROJTUPFF7M44XE', '4FDKLUEIASYL7FCUUPX8 65IIHWF7W0DXPJLE5VUIU8DN7GFBKQBRA5H3I0HLL93G06NKQ2130K376HXC0VYWS8DIEJGSJUJQF6C');

insert into ALIMENT (ALIMENT_ID, CATEGORIE_ID, DESIGNATION, DETAILS) values (37, 54, '2O87DNFVU36F4SIMHW2VB5S7U8UASD1LHU  L05TUH6N TXS2G', 'ME BLX4F ATA7L2AE2H60O01UTQX8W39Y6THX4Q4YR03IJPF3T4G6RL OS42T253WBTSETW 23UDB SJRYK83R3474BBPE5HNHI4');

insert into ALIMENT (ALIMENT_ID, CATEGORIE_ID, DESIGNATION, DETAILS) values (117, 120, '80 OL3ALSXK5LYT R9OVBEO247H2EI SHGNBKQRSFSXG1EKW7F', 'S1SS536Q5Q1T2RC45M 96QRIL6O5CIHT7M5EVT2BTGSHLQ6A90D9AU22KDUU0JKT75HPXMORNJ0TUNWEMG303X0V3UHBL2NIR0WK');

insert into ALIMENT (ALIMENT_ID, CATEGORIE_ID, DESIGNATION, DETAILS) values (77, 30, 'MCUBKL4WH5FIFOTNAE35NYQ76H FJBIYEUPR2J1JRWN  NT1TH', 'U4E8A7E25MKMW7LE5RJF154DXRUV9D5X19PITF8KV BO7CXFSFROQOUURMFDE5OSW7ATS IO7DIUYNU2C7V5VKHLRYS3F2K4NF X');

insert into ALIMENT (ALIMENT_ID, CATEGORIE_ID, DESIGNATION, DETAILS) values (22, 103, 'SRPXAGLP5 2MO9U43H76AY1IYPK1Q32CEL6EG CYHMR29VP2CS', '1ETR8QMX2RTA0RAWJRGJIBHKVOKYGQQ5X G8Y8A8T2V6X LI9YXLFI9UR62CF3OC5UCICDALVRRS41G2YOLPXQYLHP4DIV5VTW34');

insert into ALIMENT (ALIMENT_ID, CATEGORIE_ID, DESIGNATION, DETAILS) values (68, 90, 'DI12XCAYLYHBO5S8NR64G91DRNIAO0VGCD1SX5SKVBMAC92Q58', '7XNFDSU8IES9X6WV9BNXT3E7LOJOHTXKAXEMSV5NXSL7XIY4N0IJ YCYGCH52 SB7PVN2JE8482N3JGH6QUNMPXUT3RAWO80IVFH');

insert into ALIMENT (ALIMENT_ID, CATEGORIE_ID, DESIGNATION, DETAILS) values (102, 21, '0BW 0VJ5B4BFDVEEQ0HVRWJSEKJEFQ3TA0KQT7Y47X47MW3X8R', 'H3W4Q2JS VS2TR8 PJT19B8LQXF7NCPLRMPMBTIFIW1 IM9UOFDTBS03QHBK08E22 GYCEMV1TVD24T0D3LGCHCCFXDPV1GHXTHE');

insert into ALIMENT (ALIMENT_ID, CATEGORIE_ID, DESIGNATION, DETAILS) values (183, 51, 'XTPT8TOQPI8B9AVQ9FY0CXFBFDKXI690GH6RXM0G6T07X8DYM8', '6YNWCKME6CSU1439QOKFTNSDCHVV9KRB3WMWLXDAHOD7BT7KO 809QF8JKUYEEV2AYMSCFQAISTG88VRA828I4S3GLSU5B6 S3XY');

insert into ALIMENT (ALIMENT_ID, CATEGORIE_ID, DESIGNATION, DETAILS) values (178, 114, '4HFPU KDAW127T9QYN29KE7UGLQY0AAM6C9CYKPU3BKC68CO Y', 'LC2MQLJLABP8NJWSSJ0P 669N4KKNM DQSCNFB71BN0FOBQVOEXWW3PEHCO6R2CIKM6OWGISLQOS8BR861 JWK72KAQDW9TE9HW2');

insert into ALIMENT (ALIMENT_ID, CATEGORIE_ID, DESIGNATION, DETAILS) values (177, 120, 'GJ79XFE7PKN9QD4TFJYUYQC4AHVDOOBQB GSEMTBA0WIDH4OTS', 'ASDCSRAU2FA7NGBHM NIC3NMSB8KFTG8ODVT0R34V TKXHONK17LJN0H2OO42VGK K8RPH056HXN9PJ 6Q5MEM2J8YDNNK4K40TA');

insert into ALIMENT (ALIMENT_ID, CATEGORIE_ID, DESIGNATION, DETAILS) values (165, 80, 'OHC9NWVTNC4E7H9 GPLSVPDXWOIAG9RBLBRXQPEEJBGU2ACP1U', 'TIKKHQHC8JYFQAXIIHNDP6OBYRFPVK53L70Y6VD2V5Q1IB6NUGANUI4R8YXHWFXASO5YIAQRMG7UNMN1UL81WJD83IVHT30MHUJB');

insert into ALIMENT (ALIMENT_ID, CATEGORIE_ID, DESIGNATION, DETAILS) values (181, 58, 'DLVQ5TJGDDMD15W51JG4C38HB8EQ02N0IYA9DWCJ3L9EQ4BTW5', 'QLSVB8HV6AA3BNB702AFMJ3A5AEC8DCOXR0E7Y992P5VH70W75VM8Y7H8288XREU30XWYXX45KHV OIXH59NSGDQGPUKW98L4V9G');

insert into ALIMENT (ALIMENT_ID, CATEGORIE_ID, DESIGNATION, DETAILS) values (123, 100, 'WAII33B1Y 2RG2P3QN18FOO449FUD6 48T933DX3JPU98WII U', 'L7IM8UO6T5M0PQQSLGHP UP7XWXOW3YLMOOYXQAFHKT0MTTX8805 AFI3HC02S HVYSCWQ0PSO8TXM2FVT4QG9TD0MWECALTNGU2');

insert into ALIMENT (ALIMENT_ID, CATEGORIE_ID, DESIGNATION, DETAILS) values (73, 84, 'OKOL3E6B3N65T3TY81WMJG82XVFFFYYA6JJ654HL2QHNU 5EIC', 'JPPP WN97NA9W OAC6R9MPQT773PNEHCBOEMQJJ9YNEUAD6LHQF29VM44H1XXR0KH0965NYTKOI7ABPHNY1DP2 CGB2P 9F18DMM');

insert into ALIMENT (ALIMENT_ID, CATEGORIE_ID, DESIGNATION, DETAILS) values (10, 151, 'S5GH7TFM4LUHR TI66NCCK51POFXXELQSAUUQ7SC3E3GMFANDI', 'N1OVD3USL 2TH3 450VGG50TRIB5QN R4D5GJHTPBARIKRUW673G9RUMIR BX2 WVYDM7R I YUGBRCTRY G 6PW 6D S3EXL25F');

insert into ALIMENT (ALIMENT_ID, CATEGORIE_ID, DESIGNATION, DETAILS) values (39, 34, '7949H9X7UHXREQHGVGC1XNQUDG OPUL1DIE8NXY97C6Q8Q61JH', 'E42CII3N67CGBBMJKRW3BL1M5J66CKS 1 WS76Y1DJW0M4PSX1U20QAQPDHLO9DE 4J2S2GP4F63V NDTY59  YU3 JNHMKWYJ6V');

insert into ALIMENT (ALIMENT_ID, CATEGORIE_ID, DESIGNATION, DETAILS) values (167, 152, 'NL3X4 TECBKUWQNWWKOB3XNLS8TSRHQFIS D0VEGGGT44HFKIV', 'FYDMJUK QDEIYNLNMMNKXYS92 QNMK3FOI3YK1IE6FODYK3QMNKGL6T 5FWWHRUIF4MQ5IPMN5T9AGPK6UL5HTBTWSPW2 2E3 P6');

insert into ALIMENT (ALIMENT_ID, CATEGORIE_ID, DESIGNATION, DETAILS) values (15, 157, 'XIG93J1M9TVAB3TYQXQN436PR MDXW8B7BQEGRFR2GQW0GP0SB', '34YF 9SEE9NPTS9BUC8DTQGXQFKYF1OF3Y87EB93LCC7JTQMVILRUO5CPG9JK1KPTCORKMJQ38BQO3VUM9MKCTFI7UC03I08S0JK');

insert into ALIMENT (ALIMENT_ID, CATEGORIE_ID, DESIGNATION, DETAILS) values (94, 140, 'CER1IA5GIBELAKQDAII5H4869XGWFG43JC2COW3EIGWM0U346S', 'IAKO2S9G1J5P2YN 25JRBJ1T0SDAFTAHQ7YBI501SUR 557P5GGK1USWOXM721J01  2DQLOJGIIMP  7ASC8A7QXSE9 5 4R3LF');

insert into ALIMENT (ALIMENT_ID, CATEGORIE_ID, DESIGNATION, DETAILS) values (17, 184, 'YV0P160V70G7 JONQB0Q5F0UG7WVCP0EDDXY9I7DPOBS5QRL9H', 'J7769OT57RSJ6YRLQQ0DW2 VCXKDISCWQJ4SCJVQIQLOFKAT893C95CD6GCTE0I N1UBNVE82BL7S2 LDAJQ A39G2K XLY8U8 4');

insert into ALIMENT (ALIMENT_ID, CATEGORIE_ID, DESIGNATION, DETAILS) values (107, 58, ' L9X1KXXMYW56MBEBX1XQ2B3S9PJFD5R9RS3CS6K WK5NQ6WD7', 'C9VJ9I1IE20GOIK5IGHY2DK2 28ASWD333COFLFGW1A0JUHPNGGXT9WOVSKQV5YMWJLLT3BG98CXCKW4NSJQC 8 AXT7DESN6K1D');

insert into ALIMENT (ALIMENT_ID, CATEGORIE_ID, DESIGNATION, DETAILS) values (121, 94, 'Y12KAOQ68L1CQAM3HW8PW7Y0LA2298HUY6GMU67NNBJSBI2XJ3', 'KTIGXODUA7FK4V0X9YGQCBIGIB6NSWP1QWYYP67IKJYS4RQ23XK5JPU4CSIL 1BQ9QOXS9EL6NG24DAS7 O0VKL0X3D2E99K  YX');

insert into ALIMENT (ALIMENT_ID, CATEGORIE_ID, DESIGNATION, DETAILS) values (24, 128, 'RIQ9O6NVQWTX8IEHPX0LEABYK223P5J7KF6CETS MOYU9C2VC8', 'UC2W5X26XFUQXC4ML4BU5PI34NKPQL51WK17A13GUC8KIOETIE4IVFRAL3WC3TUVDUSBEU1RID1 1U4 P9TSRB7RO6NPP4PI4UH5');

insert into ALIMENT (ALIMENT_ID, CATEGORIE_ID, DESIGNATION, DETAILS) values (194, 120, 'T9QBYFEL22T6EH RQEMTFHCRR4G061HC4QNDRL0SBOS0K3 SOO', '5MHI1KDRJ 1 R9UJGR16ODQ12DMOF4UJ5T8LVQ3N J59NSDQJDMQ9TWMILMJWWDFV86HXFOG77ITP049G1F5IJDSD6UTO95RQWG5');

insert into ALIMENT (ALIMENT_ID, CATEGORIE_ID, DESIGNATION, DETAILS) values (87, 132, 'VOG36L45USAHY2PUVP9X 2PHA2TV8UANYC561MXNJDFG98BS72', 'G190Y1D3PVJ2I 5OYA6VTQNS5 XI 5A57QN6V955U3P7 NL2GLXA07H89Q4PWN1H8F9UIGFIO6DN1USOCSVEYS1H9WSDK8CQ3T8Y');

insert into ALIMENT (ALIMENT_ID, CATEGORIE_ID, DESIGNATION, DETAILS) values (192, 35, 'HSKX1C FCH1BP3QE60IEWLX2X GRJYORR9NW1DTMRCAK12BWLL', 'DHWB7DXIRLSBCY0OJY3EVMNM14U1PFBGUGG4UTEU46YDK0ULLIMC5W4I7RG1CJXC5R43CAJS 8ORJMPNWGO8MF87WW6WS76NI34Y');

insert into ALIMENT (ALIMENT_ID, CATEGORIE_ID, DESIGNATION, DETAILS) values (57, 153, 'TER8FOOWDJW1DLWAVIBXUP2NN17XWDXOW703PKVTFIS1MY3JEC', 'YFPH5MMX67GD24LI8RNVWJ6A58RD1GRVAPW4CJIUU1NCM5R685QQU0UI093OP1JLC8TW4E9 A3J52ERQDRH AVNA9Q6MFF4EK0R4');

insert into ALIMENT (ALIMENT_ID, CATEGORIE_ID, DESIGNATION, DETAILS) values (35, 188, 'DQ9APGD74BV 2UAE70JL34QNL7VOXF4 OQGJHHDIJ4RDAG6LN2', '0XXEN6YGP1C7TDLWO07WARRC1ED4RTS0F5SNHUHVVJE61OCRDKD8VC62726275GVOB7TRH84ON R12QXOY3M59G LSQ4IC5302PK');

insert into ALIMENT (ALIMENT_ID, CATEGORIE_ID, DESIGNATION, DETAILS) values (51, 12, 'W6E   H3R7F8L3K5X4MB7J5I9PCNGHOOV98BNINJ0G X C8JE9', 'V74X7C9K3RDQRXHXPY8BQ7ANRIR1J6 0KXL1HXMR1SKKPFUMJTWC1BAMDHY2CUXU1DU9D0L2 U9VIRKM WDCW9CI8Y0NBFIBV ND');

insert into ALIMENT (ALIMENT_ID, CATEGORIE_ID, DESIGNATION, DETAILS) values (147, 164, 'RA4SKY7PAAMPHHQAEWRB4NLYED6FVOON J1V98MMO3V06FVA67', 'NFUOIJ221H8GW2BPIL69LDS9BNX632I82B7EL56M5EN3G 1R13QF6YXD5HHO2MIQ73NHLUL3JNO382GWLS220OOIF6ONMHGTLHCQ');

insert into ALIMENT (ALIMENT_ID, CATEGORIE_ID, DESIGNATION, DETAILS) values (176, 131, '0IUSJOX3N2JORKOXGDODM8GJ14QQVS7JT7OO466IK15VTTQ6L ', 'CIT SMCKAK8J31DQLCW9QA3GYASCMGKK R3XH X20FK6GH1LVI56KLLXQDKDO9RT44BG QRT9HFAE MA2JNXA92IXXKVXHLWRS09');

insert into ALIMENT (ALIMENT_ID, CATEGORIE_ID, DESIGNATION, DETAILS) values (118, 98, '3NKUWUMU2XGTK 7KF7QJ7PR5MX4QFPACQPW9S3QY1RJ1ODTTPN', 'O2CE78DDOSSYYKA57MN4 W7VJWRSCTE SJF3J2M VBEDMHJIHCL9R1IGLN8YN 9CGYSLA23QGCGQKYLQ9DBVIT7P053EXV62RDF6');

insert into ALIMENT (ALIMENT_ID, CATEGORIE_ID, DESIGNATION, DETAILS) values (187, 64, 'WBGNP6PS57ET36QD9W937BCC5IGD144ICPQ0I03MJKQI684TGM', 'V5B7UV3TRIBKIYEKVKORM0JNST9WN6JN70H3C9NYHD6T6LJCWCYS980S90DO 0EBH2H071LYJKB822NT2 Q K00FTDX6JTG2FNSP');

insert into ALIMENT (ALIMENT_ID, CATEGORIE_ID, DESIGNATION, DETAILS) values (160, 27, 'VEISM1GX5DUS5LXBCB KCY2RWKB9UHDVKFQAFFUGGLW27 NDWS', 'I5J70XJQWFR485BJ3WAPAK4A0SCA3PLWBPALG1B4B22WP8QQCOO9X4PVYFVVY2QDK5RKVARBVKXD5GNVQE7BEA4VWHWBXCOX3722');

insert into ALIMENT (ALIMENT_ID, CATEGORIE_ID, DESIGNATION, DETAILS) values (139, 27, 'KP KM9TM12Q34MPCNR6FSUH0IAJ0PMIJDEEHC1Q0HHJN0C21O5', 'LUNA WV7MTB8JG1LR4H881LL9VJDNVGMEMD 07JPO0S7YHICHGKX8F47OT6MWFB7HC2D80RM6NM53E4DHWQ 48Y7A5 JEF9EDJFI');

insert into ALIMENT (ALIMENT_ID, CATEGORIE_ID, DESIGNATION, DETAILS) values (92, 132, '990CODNTEBF9MC4NV2GMDWFEWED2UAXGWFAP 7Y0WUA54U9GNW', 'S0IAG04G0EHY U3F1EL6LI32MPYB3GVHRAXJ777LKYF0PHCC02T8IG94WFBJ27GB46BQK5H1MVWVSQVUXQF D9WRL D71MW7R83T');

insert into ALIMENT (ALIMENT_ID, CATEGORIE_ID, DESIGNATION, DETAILS) values (119, 58, 'C1U8BOFYTDLL5P9MM9PVOA0TXKAFTUUWKVOPA9K31BB7PYGW4U', '2H7AW50HODQ2O3GOXX4XU1A19AJ8HDW7MNAV250AAWM6Y75X9CMRQKF8BOFMXQGVKW9DMGD9YMUCFDR1Y4S9ATBJ8X8LRRPAP9CD');

insert into ALIMENT (ALIMENT_ID, CATEGORIE_ID, DESIGNATION, DETAILS) values (16, 52, 'JGQ4ON5EU9KXG9V9RT24O0YJE6OBEM4UMVSXQ6X UBVSEE3SEU', '2 MWFLGUN6UR NPLECK7F19EG7QJ4GFIRVI8SQ4X3G1DM41WWX02RSJAF2Q6E41GXMXVLM4W4E4PPI5CHOMGGNOL M39ILCVRXYW');

insert into ALIMENT (ALIMENT_ID, CATEGORIE_ID, DESIGNATION, DETAILS) values (146, 141, '3723K6MFQW1C16HQ08XECATBQKK4APDUGKW 1X8IAU4 G91IDM', 'RQF20E35DJ24SYJ86 1MEGEGT08ICSRYO9QSW62K7RGHCF0SXVITREAV3A54OJQ6369GXRBE6GMQL1J277RI5LN9J49HMRDB59YH');

insert into ALIMENT (ALIMENT_ID, CATEGORIE_ID, DESIGNATION, DETAILS) values (159, 155, 'VNPPOSWFOELNSOV99OS UVCDCN63NGEL4KD9P1PLDJEW7XQD6G', '2D8KPQL4V0NIUM15GGHTR EF ACJE2HB8LGLJGY0FT555K98LO 9P50TH9INUW1G78QHV91RF8WHR92998FXSN8HP3UWUWJEOGWS');

insert into ALIMENT (ALIMENT_ID, CATEGORIE_ID, DESIGNATION, DETAILS) values (49, 198, '93GPKNBU451KAR40 GO44A7557K03 KT4IHYA KABGDMYS959A', 'DLSRXD0KSQMP6DBKUBUD6IG57 KPBM3L OTGWIO0QRV6VN9L2RAEBIPQ4RCXMEHH6ICA8CAWFVC9TV4U3DMKGB0J5QSP1SFMQUDQ');

insert into ALIMENT (ALIMENT_ID, CATEGORIE_ID, DESIGNATION, DETAILS) values (151, 44, 'OXUQN2JV84M97K73SEJLHX0L88WBSG3D937A1HCPY8QEUSH5LK', 'OPDW8GAKF5RQYAMWTHY C5DMV0IOW9ECYUL7UMIQ0VC62GPDKVD02 BFEKCUC3PNM6UICAKHPO3O9NW3QJ5362HQQASV2G598H32');

insert into ALIMENT (ALIMENT_ID, CATEGORIE_ID, DESIGNATION, DETAILS) values (62, 73, 'XTD4LNJPC1VNISE158PSJ3W2DL3W1JJSR0IFMAP72OLSR7DYBX', 'A4NIMJF8TCX5AXC8V DCY9V0J9BR4SIMLMKKTNYDCU7O2N8 S24 0UP3L6DSNEFJL1TF5KD5Y8PUUQ7F ILGSPMEJN621W9L0EKW');

insert into ALIMENT (ALIMENT_ID, CATEGORIE_ID, DESIGNATION, DETAILS) values (63, 13, 'RP8WN5A2HJ8OP40I NRLHMN0X35Q V SC8QK6SQ3FMFHIHARV ', 'H0K62C4TACT5V68L1Q1U  99E7P60IKUJ3LJKTUV01QAAT68G5NR15S4RFI84 B3W6NYR2T7GLTIIX79MG647 KF20M4B7YL6V2K');

insert into ALIMENT (ALIMENT_ID, CATEGORIE_ID, DESIGNATION, DETAILS) values (133, 35, 'WB2P6SS694EJ37FMF2V3Q0BD9FTIU52S0M1WHUYXPK5HANXGYV', 'ABQ402507QSM1FKDB34 5O4UYB69R2D49JVY0VUIFA 924WHPSJMSGAVT8H2008U5G71MM8ANHL52VFY19N6MKH91QX 85GJWOEQ');

insert into ALIMENT (ALIMENT_ID, CATEGORIE_ID, DESIGNATION, DETAILS) values (108, 142, 'KWW3DBHIXNN7HSABDG105GCT71SKMK0YEWKRR708I49CTX2OJF', ' 7U4RV0B7AJVHGWL7MCK9B92J82ITGOI3VAB0UASM9TSH2ER0GIUG7VD0B4LKX0RV2DR5M5NCYYU LWNE6XP IT MQ 7C0  5L2T');

insert into ALIMENT (ALIMENT_ID, CATEGORIE_ID, DESIGNATION, DETAILS) values (95, 108, 'Y7X6670DII81IX INDK4VNMXX6SIRHAN1AVSBJ9B01DAJUDYRE', '840 AWTNAAT9P7LCO3S1A127LBTOOHGER4WYARGE699L27PFQK6OR5 1BBGD31TYO3HQ3L0SRBXQK6M5RB 2R8HPT9FMXWKGAC5I');

insert into ALIMENT (ALIMENT_ID, CATEGORIE_ID, DESIGNATION, DETAILS) values (130, 94, 'PEBESVI7Y223UQP9EB348KJOL09BY6683NPJVIM1RDREU112S ', 'DPV1K27P9CT9SJWHVPHPV4 2MYBFA0UJNOHYKX6O08 19893MB21LQ AKCRWUVA1ECJS33ISNOWAY528E2H9KMX 1KUGGMSB WTE');

insert into ALIMENT (ALIMENT_ID, CATEGORIE_ID, DESIGNATION, DETAILS) values (88, 174, 'XXGLY1A53HK1TFHSLQ75FALKSRAQTOBCHA LTSTXJ0F09GL1N7', 'XIK7WSJD6TX7J82JR71U5BK73PAQORA59YE4DV23II6C9EDFIJ5K1M5Q3AGMNN3WLWMSLNRX1ER0QE53NMRYNSY97CKC0IG3 OKH');

insert into ALIMENT (ALIMENT_ID, CATEGORIE_ID, DESIGNATION, DETAILS) values (99, 129, 'G TNS196NSF738G66NALEWA46IQW0SQMRVBRIFF3RWXN6RT3XI', '110R8BBLXE69B30QXDIGMPKDROUPSE9I08G1XW3LUSI44GQRL9HJUV14RNV7SXB6RRUTEN1EB9BF2YDVEKOAW692UA8L7V0WGE2K');

insert into ALIMENT (ALIMENT_ID, CATEGORIE_ID, DESIGNATION, DETAILS) values (84, 138, '957V5JVL4B7VU8NJ2DUOOIUM05JAN1DR769X5IY7YDN94T1FX6', 'BRPK4SWHJO2YYQ5 6R4RPPUGMPB0677DS7CLWMR2CELWSFYHEH8PYBRT2NU VIHSATV17CHKPQDO9OG2T1RH5R7BXOV9FY9 P5TI');

insert into ALIMENT (ALIMENT_ID, CATEGORIE_ID, DESIGNATION, DETAILS) values (163, 187, 'T0N K83T1J6J7SBFKEFW90HNK9WO8TE1D 0IYS7TFFSOEQDQ Y', 'KQXT92J9RQ3O0WMQO1K43K9BMF3JCIFMBV090LSNI4GP 9C2XDBVQWNP45NPX3I0S7TTE8JUMPC447553A6SI 9YKJR6JQNE5CMY');

insert into ALIMENT (ALIMENT_ID, CATEGORIE_ID, DESIGNATION, DETAILS) values (190, 193, 'AY2GIU9JOO0PMO9BORJ5 CD711HHVW9J7L2TLPSW05IYD0A4OT', '9QVY6JND9GUOCL LHYXNEDH5P7 HH9VOVLI332HHNNYFQCQJ2PAE3PXGEWC U63IU3SCAY2 V4M38YJH4XGVWSFDV48Q4K0J9CRV');

insert into ALIMENT (ALIMENT_ID, CATEGORIE_ID, DESIGNATION, DETAILS) values (71, 126, '5YTMGDMS7SYS3CS6A4VW8IR0955U0Q8C2MPX6QFKW4D92UTM85', 'G4SY00PJP2ROY3CQ2AGRXVTH5AKCK64XCT70GANJWKU16FFOP0MYP0V4MCR2N77OGJ1A3MMYIPDYVYXHV5QVP3UI73SBSW DB43E');

insert into ALIMENT (ALIMENT_ID, CATEGORIE_ID, DESIGNATION, DETAILS) values (31, 187, '6AITTO8M141SOJYD9HWDFK7RM9OV8FTJ0LGJA4SLTSR7I4Y5TO', '6HCP4X6BKIMVH4PYXIWJG70COE5CBNGLC6BO925M3O0ODOO4QFR5RKXUDQ VRF9LORMUA5DTST9PCSUXWSVBID81ENHCU4UNM016');

insert into ALIMENT (ALIMENT_ID, CATEGORIE_ID, DESIGNATION, DETAILS) values (85, 91, 'XNUJ5QRRAF3JALIOUPEVP XSK6ECJQDTI60Q9WJP9UOIDIFEAJ', 'II4FB23V QNDKBC0X4QRNN93NNPJ3LXP5RTISD10W3N DHVA8JEAF4LJ88HLDVDFBSYMQG63KPKV8LV6HODHG5E6HBYN515H1S9X');

insert into ALIMENT (ALIMENT_ID, CATEGORIE_ID, DESIGNATION, DETAILS) values (137, 23, 'MW5HG4O57 KNIBOWCXEUF3SSDC579OEMHRQN4TBXVCF8IJI0KG', '2T92BOAOLQFTMUYQVKAE9P35I1KX88N03PPWGFTI9Q6BJOLW54IS9F0YYMPXRU43L6MM7MD2E8KS10VHA7YU6T IEB9MDNUUM4PB');

insert into ALIMENT (ALIMENT_ID, CATEGORIE_ID, DESIGNATION, DETAILS) values (61, 113, 'TYF1Y3QM6E4FMTOLEQCXHJJARLBYX F59FAJT HIBLQLC85 JS', 'LAAKOLKGT1JEL274IHET5DK8OY5HT4C1NM2R22VIH7K6SQH8QAWD XM08CKU1KMWB5DV0LS8I8 U3YMT6G58YT46JOQ5PO71CP0S');

insert into ALIMENT (ALIMENT_ID, CATEGORIE_ID, DESIGNATION, DETAILS) values (67, 3, '5J7AI6RMJ2PMXFS8ERBXGLX1J5U9V20O9TCR7YV EBNX47W3SS', 'CXDVC40Y0D6J6D3YNOD2X4FAJDHOIE SBM7RB52MI9C2UUSM YBYP3OLRFF EKDQJ M7MWOG TX49TEWBUM90AIXVDQ7JVH243KM');

insert into ALIMENT (ALIMENT_ID, CATEGORIE_ID, DESIGNATION, DETAILS) values (32, 158, '9MQ2RUM6AM1JY22UPV9033TAB9BVJI6UD3FMWSPOSA1M1AJV R', 'E8JN7WHHFNAYEBJBYQASXIQLEAQPGTNEPAITCA4Y9V0HE62KJNE29XEHB R3FV6XGFL90ENBIC7OVYRHNNG9OHD7IHA8CN2QJE O');

insert into ALIMENT (ALIMENT_ID, CATEGORIE_ID, DESIGNATION, DETAILS) values (44, 94, 'EBR8CJC8XH0SV3DPYJXJ6RCGC29LE3QWLFKD7N4OJH11WRQ RI', '6HKFW9QBT WI2I5FEUY46K8NTEVBP5YD9N 51 KQKDD5JEG10F2MCANF 3U5LY053ONFF8TOX1R0OPD9IGD300S3AKWTSCSDU527');

insert into ALIMENT (ALIMENT_ID, CATEGORIE_ID, DESIGNATION, DETAILS) values (7, 124, 'SG3IVOM31XYRJ VBQB9A0UVYQ3X5 THWTR446TOK8274R1GLRN', 'I UJ3MBL024NCY222B TOBKXS42W5I9FMJ27OLVKYH3CCN4085T7EQ33XFT52W04 E33O6 JT6T1P44E8PXH7YB JL31 8PBPEP4');

insert into ALIMENT (ALIMENT_ID, CATEGORIE_ID, DESIGNATION, DETAILS) values (100, 190, '22B4TGMM9IGC ISEOPYVHT1ITIQCRBNPSP6AG3P1W7F06PV4QI', 'HFV6WPYX3P9UNE7C6VQ8TB81SAG2WOTSX4C6BTDRJJFW01L1U6KLTKL7OKWIHMI49UXA5N0SHI75PLCB4CNUMHR CBGQAU0M1XS9');

insert into ALIMENT (ALIMENT_ID, CATEGORIE_ID, DESIGNATION, DETAILS) values (127, 35, 'VB6O4M2AOGB4RNAYPBYH9IGL2I7DNFYSFQ1KKFXSQ9U6WD1IUJ', 'BI2TTARB1GOIDLFP2OHITO6W4DREDKQWP4U6RDY0854FB1301ULDLGP9NE90NO913CSQ YC FKAH3EFL747NIBEYGG7NQXGI6FJU');

insert into SPECIAL_ALIMENT (ALIMENT_ID, SPECIAL_ID) values (172, 85);

insert into SPECIAL_ALIMENT (ALIMENT_ID, SPECIAL_ID) values (150, 147);

insert into SPECIAL_ALIMENT (ALIMENT_ID, SPECIAL_ID) values (76, 48);

insert into SPECIAL_ALIMENT (ALIMENT_ID, SPECIAL_ID) values (179, 70);

insert into SPECIAL_ALIMENT (ALIMENT_ID, SPECIAL_ID) values (97, 47);

insert into SPECIAL_ALIMENT (ALIMENT_ID, SPECIAL_ID) values (14, 39);

insert into SPECIAL_ALIMENT (ALIMENT_ID, SPECIAL_ID) values (120, 80);

insert into SPECIAL_ALIMENT (ALIMENT_ID, SPECIAL_ID) values (188, 57);

insert into SPECIAL_ALIMENT (ALIMENT_ID, SPECIAL_ID) values (12, 119);

insert into SPECIAL_ALIMENT (ALIMENT_ID, SPECIAL_ID) values (170, 98);

insert into SPECIAL_ALIMENT (ALIMENT_ID, SPECIAL_ID) values (1, 197);

insert into SPECIAL_ALIMENT (ALIMENT_ID, SPECIAL_ID) values (18, 23);

insert into SPECIAL_ALIMENT (ALIMENT_ID, SPECIAL_ID) values (122, 79);

insert into SPECIAL_ALIMENT (ALIMENT_ID, SPECIAL_ID) values (5, 8);

insert into SPECIAL_ALIMENT (ALIMENT_ID, SPECIAL_ID) values (166, 52);

insert into SPECIAL_ALIMENT (ALIMENT_ID, SPECIAL_ID) values (156, 92);

insert into SPECIAL_ALIMENT (ALIMENT_ID, SPECIAL_ID) values (54, 105);

insert into SPECIAL_ALIMENT (ALIMENT_ID, SPECIAL_ID) values (27, 163);

insert into SPECIAL_ALIMENT (ALIMENT_ID, SPECIAL_ID) values (69, 171);

insert into SPECIAL_ALIMENT (ALIMENT_ID, SPECIAL_ID) values (168, 97);

insert into SPECIAL_ALIMENT (ALIMENT_ID, SPECIAL_ID) values (103, 91);

insert into SPECIAL_ALIMENT (ALIMENT_ID, SPECIAL_ID) values (189, 44);

insert into SPECIAL_ALIMENT (ALIMENT_ID, SPECIAL_ID) values (36, 161);

insert into SPECIAL_ALIMENT (ALIMENT_ID, SPECIAL_ID) values (64, 15);

insert into SPECIAL_ALIMENT (ALIMENT_ID, SPECIAL_ID) values (3, 106);

insert into SPECIAL_ALIMENT (ALIMENT_ID, SPECIAL_ID) values (65, 167);

insert into SPECIAL_ALIMENT (ALIMENT_ID, SPECIAL_ID) values (53, 155);

insert into SPECIAL_ALIMENT (ALIMENT_ID, SPECIAL_ID) values (182, 51);

insert into SPECIAL_ALIMENT (ALIMENT_ID, SPECIAL_ID) values (59, 67);

insert into SPECIAL_ALIMENT (ALIMENT_ID, SPECIAL_ID) values (0, 148);

insert into SPECIAL_ALIMENT (ALIMENT_ID, SPECIAL_ID) values (158, 141);

insert into SPECIAL_ALIMENT (ALIMENT_ID, SPECIAL_ID) values (46, 7);

insert into SPECIAL_ALIMENT (ALIMENT_ID, SPECIAL_ID) values (82, 125);

insert into SPECIAL_ALIMENT (ALIMENT_ID, SPECIAL_ID) values (29, 182);

insert into SPECIAL_ALIMENT (ALIMENT_ID, SPECIAL_ID) values (105, 49);

insert into SPECIAL_ALIMENT (ALIMENT_ID, SPECIAL_ID) values (162, 14);

insert into SPECIAL_ALIMENT (ALIMENT_ID, SPECIAL_ID) values (45, 94);

insert into SPECIAL_ALIMENT (ALIMENT_ID, SPECIAL_ID) values (33, 50);

insert into SPECIAL_ALIMENT (ALIMENT_ID, SPECIAL_ID) values (129, 154);

insert into SPECIAL_ALIMENT (ALIMENT_ID, SPECIAL_ID) values (125, 77);

insert into SPECIAL_ALIMENT (ALIMENT_ID, SPECIAL_ID) values (191, 158);

insert into SPECIAL_ALIMENT (ALIMENT_ID, SPECIAL_ID) values (180, 146);

insert into SPECIAL_ALIMENT (ALIMENT_ID, SPECIAL_ID) values (134, 63);

insert into SPECIAL_ALIMENT (ALIMENT_ID, SPECIAL_ID) values (79, 183);

insert into SPECIAL_ALIMENT (ALIMENT_ID, SPECIAL_ID) values (21, 93);

insert into SPECIAL_ALIMENT (ALIMENT_ID, SPECIAL_ID) values (25, 132);

insert into SPECIAL_ALIMENT (ALIMENT_ID, SPECIAL_ID) values (19, 130);

insert into SPECIAL_ALIMENT (ALIMENT_ID, SPECIAL_ID) values (111, 73);

insert into SPECIAL_ALIMENT (ALIMENT_ID, SPECIAL_ID) values (70, 133);

insert into SPECIAL_ALIMENT (ALIMENT_ID, SPECIAL_ID) values (185, 84);

insert into SPECIAL_ALIMENT (ALIMENT_ID, SPECIAL_ID) values (195, 194);

insert into SPECIAL_ALIMENT (ALIMENT_ID, SPECIAL_ID) values (60, 58);

insert into SPECIAL_ALIMENT (ALIMENT_ID, SPECIAL_ID) values (26, 124);

insert into SPECIAL_ALIMENT (ALIMENT_ID, SPECIAL_ID) values (89, 29);

insert into SPECIAL_ALIMENT (ALIMENT_ID, SPECIAL_ID) values (140, 159);

insert into SPECIAL_ALIMENT (ALIMENT_ID, SPECIAL_ID) values (41, 3);

insert into SPECIAL_ALIMENT (ALIMENT_ID, SPECIAL_ID) values (6, 164);

insert into SPECIAL_ALIMENT (ALIMENT_ID, SPECIAL_ID) values (43, 153);

insert into SPECIAL_ALIMENT (ALIMENT_ID, SPECIAL_ID) values (98, 113);

insert into SPECIAL_ALIMENT (ALIMENT_ID, SPECIAL_ID) values (143, 129);

insert into SPECIAL_ALIMENT (ALIMENT_ID, SPECIAL_ID) values (106, 99);

insert into SPECIAL_ALIMENT (ALIMENT_ID, SPECIAL_ID) values (83, 41);

insert into SPECIAL_ALIMENT (ALIMENT_ID, SPECIAL_ID) values (104, 100);

insert into SPECIAL_ALIMENT (ALIMENT_ID, SPECIAL_ID) values (58, 20);

insert into SPECIAL_ALIMENT (ALIMENT_ID, SPECIAL_ID) values (34, 136);

insert into SPECIAL_ALIMENT (ALIMENT_ID, SPECIAL_ID) values (186, 11);

insert into SPECIAL_ALIMENT (ALIMENT_ID, SPECIAL_ID) values (126, 62);

insert into SPECIAL_ALIMENT (ALIMENT_ID, SPECIAL_ID) values (8, 143);

insert into SPECIAL_ALIMENT (ALIMENT_ID, SPECIAL_ID) values (20, 165);

insert into SPECIAL_ALIMENT (ALIMENT_ID, SPECIAL_ID) values (193, 199);

insert into SPECIAL_ALIMENT (ALIMENT_ID, SPECIAL_ID) values (116, 21);

insert into SPECIAL_ALIMENT (ALIMENT_ID, SPECIAL_ID) values (142, 42);

insert into SPECIAL_ALIMENT (ALIMENT_ID, SPECIAL_ID) values (155, 118);

insert into SPECIAL_ALIMENT (ALIMENT_ID, SPECIAL_ID) values (66, 33);

insert into SPECIAL_ALIMENT (ALIMENT_ID, SPECIAL_ID) values (93, 160);

insert into SPECIAL_ALIMENT (ALIMENT_ID, SPECIAL_ID) values (78, 127);

insert into SPECIAL_ALIMENT (ALIMENT_ID, SPECIAL_ID) values (28, 83);

insert into SPECIAL_ALIMENT (ALIMENT_ID, SPECIAL_ID) values (171, 198);

insert into SPECIAL_ALIMENT (ALIMENT_ID, SPECIAL_ID) values (131, 31);

insert into SPECIAL_ALIMENT (ALIMENT_ID, SPECIAL_ID) values (112, 169);

insert into SPECIAL_ALIMENT (ALIMENT_ID, SPECIAL_ID) values (149, 18);

insert into SPECIAL_ALIMENT (ALIMENT_ID, SPECIAL_ID) values (91, 88);

insert into SPECIAL_ALIMENT (ALIMENT_ID, SPECIAL_ID) values (164, 139);

insert into SPECIAL_ALIMENT (ALIMENT_ID, SPECIAL_ID) values (96, 162);

insert into SPECIAL_ALIMENT (ALIMENT_ID, SPECIAL_ID) values (47, 78);

insert into SPECIAL_ALIMENT (ALIMENT_ID, SPECIAL_ID) values (169, 120);

insert into SPECIAL_ALIMENT (ALIMENT_ID, SPECIAL_ID) values (101, 71);

insert into SPECIAL_ALIMENT (ALIMENT_ID, SPECIAL_ID) values (80, 103);

insert into SPECIAL_ALIMENT (ALIMENT_ID, SPECIAL_ID) values (184, 168);

insert into SPECIAL_ALIMENT (ALIMENT_ID, SPECIAL_ID) values (40, 116);

insert into SPECIAL_ALIMENT (ALIMENT_ID, SPECIAL_ID) values (136, 16);

insert into SPECIAL_ALIMENT (ALIMENT_ID, SPECIAL_ID) values (153, 126);

insert into SPECIAL_ALIMENT (ALIMENT_ID, SPECIAL_ID) values (81, 191);

insert into SPECIAL_ALIMENT (ALIMENT_ID, SPECIAL_ID) values (148, 110);

insert into SPECIAL_ALIMENT (ALIMENT_ID, SPECIAL_ID) values (9, 55);

insert into SPECIAL_ALIMENT (ALIMENT_ID, SPECIAL_ID) values (110, 111);

insert into SPECIAL_ALIMENT (ALIMENT_ID, SPECIAL_ID) values (13, 185);

insert into SPECIAL_ALIMENT (ALIMENT_ID, SPECIAL_ID) values (115, 114);

insert into SPECIAL_ALIMENT (ALIMENT_ID, SPECIAL_ID) values (30, 4);

insert into SPECIAL_ALIMENT (ALIMENT_ID, SPECIAL_ID) values (173, 104);

insert into SPECIAL_ALIMENT (ALIMENT_ID, SPECIAL_ID) values (42, 131);

insert into SPECIAL_ALIMENT (ALIMENT_ID, SPECIAL_ID) values (132, 27);

insert into SPECIAL_ALIMENT (ALIMENT_ID, SPECIAL_ID) values (86, 28);

insert into SPECIAL_ALIMENT (ALIMENT_ID, SPECIAL_ID) values (197, 123);

insert into SPECIAL_ALIMENT (ALIMENT_ID, SPECIAL_ID) values (74, 166);

insert into SPECIAL_ALIMENT (ALIMENT_ID, SPECIAL_ID) values (161, 81);

insert into SPECIAL_ALIMENT (ALIMENT_ID, SPECIAL_ID) values (152, 142);

insert into SPECIAL_ALIMENT (ALIMENT_ID, SPECIAL_ID) values (138, 177);

insert into SPECIAL_ALIMENT (ALIMENT_ID, SPECIAL_ID) values (175, 0);

insert into SPECIAL_ALIMENT (ALIMENT_ID, SPECIAL_ID) values (198, 34);

insert into SPECIAL_ALIMENT (ALIMENT_ID, SPECIAL_ID) values (55, 17);

insert into SPECIAL_ALIMENT (ALIMENT_ID, SPECIAL_ID) values (157, 75);

insert into SPECIAL_ALIMENT (ALIMENT_ID, SPECIAL_ID) values (38, 174);

insert into SPECIAL_ALIMENT (ALIMENT_ID, SPECIAL_ID) values (11, 187);

insert into SPECIAL_ALIMENT (ALIMENT_ID, SPECIAL_ID) values (52, 109);

insert into SPECIAL_ALIMENT (ALIMENT_ID, SPECIAL_ID) values (109, 12);

insert into SPECIAL_ALIMENT (ALIMENT_ID, SPECIAL_ID) values (199, 140);

insert into SPECIAL_ALIMENT (ALIMENT_ID, SPECIAL_ID) values (144, 156);

insert into SPECIAL_ALIMENT (ALIMENT_ID, SPECIAL_ID) values (56, 25);

insert into SPECIAL_ALIMENT (ALIMENT_ID, SPECIAL_ID) values (196, 195);

insert into SPECIAL_ALIMENT (ALIMENT_ID, SPECIAL_ID) values (48, 117);

insert into SPECIAL_ALIMENT (ALIMENT_ID, SPECIAL_ID) values (145, 149);

insert into SPECIAL_ALIMENT (ALIMENT_ID, SPECIAL_ID) values (23, 64);

insert into SPECIAL_ALIMENT (ALIMENT_ID, SPECIAL_ID) values (124, 128);

insert into SPECIAL_ALIMENT (ALIMENT_ID, SPECIAL_ID) values (72, 90);

insert into SPECIAL_ALIMENT (ALIMENT_ID, SPECIAL_ID) values (141, 82);

insert into SPECIAL_ALIMENT (ALIMENT_ID, SPECIAL_ID) values (90, 6);

insert into SPECIAL_ALIMENT (ALIMENT_ID, SPECIAL_ID) values (174, 60);

insert into SPECIAL_ALIMENT (ALIMENT_ID, SPECIAL_ID) values (154, 134);

insert into SPECIAL_ALIMENT (ALIMENT_ID, SPECIAL_ID) values (135, 137);

insert into SPECIAL_ALIMENT (ALIMENT_ID, SPECIAL_ID) values (75, 53);

insert into SPECIAL_ALIMENT (ALIMENT_ID, SPECIAL_ID) values (114, 45);

insert into SPECIAL_ALIMENT (ALIMENT_ID, SPECIAL_ID) values (113, 108);

insert into SPECIAL_ALIMENT (ALIMENT_ID, SPECIAL_ID) values (4, 74);

insert into SPECIAL_ALIMENT (ALIMENT_ID, SPECIAL_ID) values (50, 24);

insert into SPECIAL_ALIMENT (ALIMENT_ID, SPECIAL_ID) values (2, 61);

insert into SPECIAL_ALIMENT (ALIMENT_ID, SPECIAL_ID) values (128, 1);

insert into SPECIAL_ALIMENT (ALIMENT_ID, SPECIAL_ID) values (37, 178);

insert into SPECIAL_ALIMENT (ALIMENT_ID, SPECIAL_ID) values (117, 144);

insert into SPECIAL_ALIMENT (ALIMENT_ID, SPECIAL_ID) values (77, 19);

insert into SPECIAL_ALIMENT (ALIMENT_ID, SPECIAL_ID) values (22, 152);

insert into SPECIAL_ALIMENT (ALIMENT_ID, SPECIAL_ID) values (68, 59);

insert into SPECIAL_ALIMENT (ALIMENT_ID, SPECIAL_ID) values (102, 5);

insert into SPECIAL_ALIMENT (ALIMENT_ID, SPECIAL_ID) values (183, 107);

insert into SPECIAL_ALIMENT (ALIMENT_ID, SPECIAL_ID) values (178, 22);

insert into SPECIAL_ALIMENT (ALIMENT_ID, SPECIAL_ID) values (177, 32);

insert into SPECIAL_ALIMENT (ALIMENT_ID, SPECIAL_ID) values (165, 192);

insert into SPECIAL_ALIMENT (ALIMENT_ID, SPECIAL_ID) values (181, 54);

insert into SPECIAL_ALIMENT (ALIMENT_ID, SPECIAL_ID) values (123, 36);

insert into SPECIAL_ALIMENT (ALIMENT_ID, SPECIAL_ID) values (73, 175);

insert into SPECIAL_ALIMENT (ALIMENT_ID, SPECIAL_ID) values (10, 87);

insert into SPECIAL_ALIMENT (ALIMENT_ID, SPECIAL_ID) values (39, 69);

insert into SPECIAL_ALIMENT (ALIMENT_ID, SPECIAL_ID) values (167, 112);

insert into SPECIAL_ALIMENT (ALIMENT_ID, SPECIAL_ID) values (15, 40);

insert into SPECIAL_ALIMENT (ALIMENT_ID, SPECIAL_ID) values (94, 170);

insert into SPECIAL_ALIMENT (ALIMENT_ID, SPECIAL_ID) values (17, 186);

insert into SPECIAL_ALIMENT (ALIMENT_ID, SPECIAL_ID) values (107, 176);

insert into SPECIAL_ALIMENT (ALIMENT_ID, SPECIAL_ID) values (121, 189);

insert into SPECIAL_ALIMENT (ALIMENT_ID, SPECIAL_ID) values (24, 172);

insert into SPECIAL_ALIMENT (ALIMENT_ID, SPECIAL_ID) values (194, 193);

insert into SPECIAL_ALIMENT (ALIMENT_ID, SPECIAL_ID) values (87, 184);

insert into SPECIAL_ALIMENT (ALIMENT_ID, SPECIAL_ID) values (192, 151);

insert into SPECIAL_ALIMENT (ALIMENT_ID, SPECIAL_ID) values (57, 181);

insert into SPECIAL_ALIMENT (ALIMENT_ID, SPECIAL_ID) values (35, 121);

insert into SPECIAL_ALIMENT (ALIMENT_ID, SPECIAL_ID) values (51, 173);

insert into SPECIAL_ALIMENT (ALIMENT_ID, SPECIAL_ID) values (147, 37);

insert into SPECIAL_ALIMENT (ALIMENT_ID, SPECIAL_ID) values (176, 115);

insert into SPECIAL_ALIMENT (ALIMENT_ID, SPECIAL_ID) values (118, 30);

insert into SPECIAL_ALIMENT (ALIMENT_ID, SPECIAL_ID) values (187, 10);

insert into SPECIAL_ALIMENT (ALIMENT_ID, SPECIAL_ID) values (160, 190);

insert into SPECIAL_ALIMENT (ALIMENT_ID, SPECIAL_ID) values (139, 68);

insert into SPECIAL_ALIMENT (ALIMENT_ID, SPECIAL_ID) values (92, 2);

insert into SPECIAL_ALIMENT (ALIMENT_ID, SPECIAL_ID) values (119, 138);

insert into SPECIAL_ALIMENT (ALIMENT_ID, SPECIAL_ID) values (16, 72);

insert into SPECIAL_ALIMENT (ALIMENT_ID, SPECIAL_ID) values (146, 157);

insert into SPECIAL_ALIMENT (ALIMENT_ID, SPECIAL_ID) values (159, 122);

insert into SPECIAL_ALIMENT (ALIMENT_ID, SPECIAL_ID) values (49, 179);

insert into SPECIAL_ALIMENT (ALIMENT_ID, SPECIAL_ID) values (151, 89);

insert into SPECIAL_ALIMENT (ALIMENT_ID, SPECIAL_ID) values (62, 65);

insert into SPECIAL_ALIMENT (ALIMENT_ID, SPECIAL_ID) values (63, 95);

insert into SPECIAL_ALIMENT (ALIMENT_ID, SPECIAL_ID) values (133, 96);

insert into SPECIAL_ALIMENT (ALIMENT_ID, SPECIAL_ID) values (108, 150);

insert into SPECIAL_ALIMENT (ALIMENT_ID, SPECIAL_ID) values (95, 66);

insert into SPECIAL_ALIMENT (ALIMENT_ID, SPECIAL_ID) values (130, 46);

insert into SPECIAL_ALIMENT (ALIMENT_ID, SPECIAL_ID) values (88, 180);

insert into SPECIAL_ALIMENT (ALIMENT_ID, SPECIAL_ID) values (99, 38);

insert into SPECIAL_ALIMENT (ALIMENT_ID, SPECIAL_ID) values (84, 86);

insert into SPECIAL_ALIMENT (ALIMENT_ID, SPECIAL_ID) values (163, 9);

insert into SPECIAL_ALIMENT (ALIMENT_ID, SPECIAL_ID) values (190, 188);

insert into SPECIAL_ALIMENT (ALIMENT_ID, SPECIAL_ID) values (71, 26);

insert into SPECIAL_ALIMENT (ALIMENT_ID, SPECIAL_ID) values (31, 43);

insert into SPECIAL_ALIMENT (ALIMENT_ID, SPECIAL_ID) values (85, 56);

insert into SPECIAL_ALIMENT (ALIMENT_ID, SPECIAL_ID) values (137, 35);

insert into SPECIAL_ALIMENT (ALIMENT_ID, SPECIAL_ID) values (61, 196);

insert into SPECIAL_ALIMENT (ALIMENT_ID, SPECIAL_ID) values (67, 13);

insert into SPECIAL_ALIMENT (ALIMENT_ID, SPECIAL_ID) values (32, 135);

insert into SPECIAL_ALIMENT (ALIMENT_ID, SPECIAL_ID) values (44, 102);

insert into SPECIAL_ALIMENT (ALIMENT_ID, SPECIAL_ID) values (7, 76);

insert into SPECIAL_ALIMENT (ALIMENT_ID, SPECIAL_ID) values (100, 145);

insert into SPECIAL_ALIMENT (ALIMENT_ID, SPECIAL_ID) values (127, 101);

insert into ALIMENT_COMPOSANT (ALIMENT_ID, COMPOSANT_ID) values (172, 63);

insert into ALIMENT_COMPOSANT (ALIMENT_ID, COMPOSANT_ID) values (150, 130);

insert into ALIMENT_COMPOSANT (ALIMENT_ID, COMPOSANT_ID) values (76, 38);

insert into ALIMENT_COMPOSANT (ALIMENT_ID, COMPOSANT_ID) values (179, 17);

insert into ALIMENT_COMPOSANT (ALIMENT_ID, COMPOSANT_ID) values (97, 138);

insert into ALIMENT_COMPOSANT (ALIMENT_ID, COMPOSANT_ID) values (14, 84);

insert into ALIMENT_COMPOSANT (ALIMENT_ID, COMPOSANT_ID) values (120, 27);

insert into ALIMENT_COMPOSANT (ALIMENT_ID, COMPOSANT_ID) values (188, 198);

insert into ALIMENT_COMPOSANT (ALIMENT_ID, COMPOSANT_ID) values (12, 74);

insert into ALIMENT_COMPOSANT (ALIMENT_ID, COMPOSANT_ID) values (170, 15);

insert into ALIMENT_COMPOSANT (ALIMENT_ID, COMPOSANT_ID) values (1, 49);

insert into ALIMENT_COMPOSANT (ALIMENT_ID, COMPOSANT_ID) values (18, 40);

insert into ALIMENT_COMPOSANT (ALIMENT_ID, COMPOSANT_ID) values (122, 3);

insert into ALIMENT_COMPOSANT (ALIMENT_ID, COMPOSANT_ID) values (5, 16);

insert into ALIMENT_COMPOSANT (ALIMENT_ID, COMPOSANT_ID) values (166, 7);

insert into ALIMENT_COMPOSANT (ALIMENT_ID, COMPOSANT_ID) values (156, 25);

insert into ALIMENT_COMPOSANT (ALIMENT_ID, COMPOSANT_ID) values (54, 28);

insert into ALIMENT_COMPOSANT (ALIMENT_ID, COMPOSANT_ID) values (27, 115);

insert into ALIMENT_COMPOSANT (ALIMENT_ID, COMPOSANT_ID) values (69, 192);

insert into ALIMENT_COMPOSANT (ALIMENT_ID, COMPOSANT_ID) values (168, 129);

insert into ALIMENT_COMPOSANT (ALIMENT_ID, COMPOSANT_ID) values (103, 34);

insert into ALIMENT_COMPOSANT (ALIMENT_ID, COMPOSANT_ID) values (189, 164);

insert into ALIMENT_COMPOSANT (ALIMENT_ID, COMPOSANT_ID) values (36, 104);

insert into ALIMENT_COMPOSANT (ALIMENT_ID, COMPOSANT_ID) values (64, 24);

insert into ALIMENT_COMPOSANT (ALIMENT_ID, COMPOSANT_ID) values (3, 161);

insert into ALIMENT_COMPOSANT (ALIMENT_ID, COMPOSANT_ID) values (65, 41);

insert into ALIMENT_COMPOSANT (ALIMENT_ID, COMPOSANT_ID) values (53, 112);

insert into ALIMENT_COMPOSANT (ALIMENT_ID, COMPOSANT_ID) values (182, 79);

insert into ALIMENT_COMPOSANT (ALIMENT_ID, COMPOSANT_ID) values (59, 85);

insert into ALIMENT_COMPOSANT (ALIMENT_ID, COMPOSANT_ID) values (0, 67);

insert into ALIMENT_COMPOSANT (ALIMENT_ID, COMPOSANT_ID) values (158, 62);

insert into ALIMENT_COMPOSANT (ALIMENT_ID, COMPOSANT_ID) values (46, 78);

insert into ALIMENT_COMPOSANT (ALIMENT_ID, COMPOSANT_ID) values (82, 177);

insert into ALIMENT_COMPOSANT (ALIMENT_ID, COMPOSANT_ID) values (29, 0);

insert into ALIMENT_COMPOSANT (ALIMENT_ID, COMPOSANT_ID) values (105, 52);

insert into ALIMENT_COMPOSANT (ALIMENT_ID, COMPOSANT_ID) values (162, 173);

insert into ALIMENT_COMPOSANT (ALIMENT_ID, COMPOSANT_ID) values (45, 50);

insert into ALIMENT_COMPOSANT (ALIMENT_ID, COMPOSANT_ID) values (33, 189);

insert into ALIMENT_COMPOSANT (ALIMENT_ID, COMPOSANT_ID) values (129, 158);

insert into ALIMENT_COMPOSANT (ALIMENT_ID, COMPOSANT_ID) values (125, 99);

insert into ALIMENT_COMPOSANT (ALIMENT_ID, COMPOSANT_ID) values (191, 134);

insert into ALIMENT_COMPOSANT (ALIMENT_ID, COMPOSANT_ID) values (180, 156);

insert into ALIMENT_COMPOSANT (ALIMENT_ID, COMPOSANT_ID) values (134, 53);

insert into ALIMENT_COMPOSANT (ALIMENT_ID, COMPOSANT_ID) values (79, 39);

insert into ALIMENT_COMPOSANT (ALIMENT_ID, COMPOSANT_ID) values (21, 80);

insert into ALIMENT_COMPOSANT (ALIMENT_ID, COMPOSANT_ID) values (25, 100);

insert into ALIMENT_COMPOSANT (ALIMENT_ID, COMPOSANT_ID) values (19, 97);

insert into ALIMENT_COMPOSANT (ALIMENT_ID, COMPOSANT_ID) values (111, 56);

insert into ALIMENT_COMPOSANT (ALIMENT_ID, COMPOSANT_ID) values (70, 12);

insert into ALIMENT_COMPOSANT (ALIMENT_ID, COMPOSANT_ID) values (185, 23);

insert into ALIMENT_COMPOSANT (ALIMENT_ID, COMPOSANT_ID) values (195, 4);

insert into ALIMENT_COMPOSANT (ALIMENT_ID, COMPOSANT_ID) values (60, 146);

insert into ALIMENT_COMPOSANT (ALIMENT_ID, COMPOSANT_ID) values (26, 157);

insert into ALIMENT_COMPOSANT (ALIMENT_ID, COMPOSANT_ID) values (89, 197);

insert into ALIMENT_COMPOSANT (ALIMENT_ID, COMPOSANT_ID) values (140, 73);

insert into ALIMENT_COMPOSANT (ALIMENT_ID, COMPOSANT_ID) values (41, 101);

insert into ALIMENT_COMPOSANT (ALIMENT_ID, COMPOSANT_ID) values (6, 126);

insert into ALIMENT_COMPOSANT (ALIMENT_ID, COMPOSANT_ID) values (43, 110);

insert into ALIMENT_COMPOSANT (ALIMENT_ID, COMPOSANT_ID) values (98, 117);

insert into ALIMENT_COMPOSANT (ALIMENT_ID, COMPOSANT_ID) values (143, 152);

insert into ALIMENT_COMPOSANT (ALIMENT_ID, COMPOSANT_ID) values (106, 132);

insert into ALIMENT_COMPOSANT (ALIMENT_ID, COMPOSANT_ID) values (83, 57);

insert into ALIMENT_COMPOSANT (ALIMENT_ID, COMPOSANT_ID) values (104, 29);

insert into ALIMENT_COMPOSANT (ALIMENT_ID, COMPOSANT_ID) values (58, 94);

insert into ALIMENT_COMPOSANT (ALIMENT_ID, COMPOSANT_ID) values (34, 188);

insert into ALIMENT_COMPOSANT (ALIMENT_ID, COMPOSANT_ID) values (186, 194);

insert into ALIMENT_COMPOSANT (ALIMENT_ID, COMPOSANT_ID) values (126, 113);

insert into ALIMENT_COMPOSANT (ALIMENT_ID, COMPOSANT_ID) values (8, 120);

insert into ALIMENT_COMPOSANT (ALIMENT_ID, COMPOSANT_ID) values (20, 90);

insert into ALIMENT_COMPOSANT (ALIMENT_ID, COMPOSANT_ID) values (193, 88);

insert into ALIMENT_COMPOSANT (ALIMENT_ID, COMPOSANT_ID) values (116, 109);

insert into ALIMENT_COMPOSANT (ALIMENT_ID, COMPOSANT_ID) values (142, 193);

insert into ALIMENT_COMPOSANT (ALIMENT_ID, COMPOSANT_ID) values (155, 58);

insert into ALIMENT_COMPOSANT (ALIMENT_ID, COMPOSANT_ID) values (66, 124);

insert into ALIMENT_COMPOSANT (ALIMENT_ID, COMPOSANT_ID) values (93, 93);

insert into ALIMENT_COMPOSANT (ALIMENT_ID, COMPOSANT_ID) values (78, 68);

insert into ALIMENT_COMPOSANT (ALIMENT_ID, COMPOSANT_ID) values (28, 21);

insert into ALIMENT_COMPOSANT (ALIMENT_ID, COMPOSANT_ID) values (171, 75);

insert into ALIMENT_COMPOSANT (ALIMENT_ID, COMPOSANT_ID) values (131, 86);

insert into ALIMENT_COMPOSANT (ALIMENT_ID, COMPOSANT_ID) values (112, 9);

insert into ALIMENT_COMPOSANT (ALIMENT_ID, COMPOSANT_ID) values (149, 142);

insert into ALIMENT_COMPOSANT (ALIMENT_ID, COMPOSANT_ID) values (91, 20);

insert into ALIMENT_COMPOSANT (ALIMENT_ID, COMPOSANT_ID) values (164, 69);

insert into ALIMENT_COMPOSANT (ALIMENT_ID, COMPOSANT_ID) values (96, 91);

insert into ALIMENT_COMPOSANT (ALIMENT_ID, COMPOSANT_ID) values (47, 199);

insert into ALIMENT_COMPOSANT (ALIMENT_ID, COMPOSANT_ID) values (169, 169);

insert into ALIMENT_COMPOSANT (ALIMENT_ID, COMPOSANT_ID) values (101, 87);

insert into ALIMENT_COMPOSANT (ALIMENT_ID, COMPOSANT_ID) values (80, 42);

insert into ALIMENT_COMPOSANT (ALIMENT_ID, COMPOSANT_ID) values (184, 148);

insert into ALIMENT_COMPOSANT (ALIMENT_ID, COMPOSANT_ID) values (40, 121);

insert into ALIMENT_COMPOSANT (ALIMENT_ID, COMPOSANT_ID) values (136, 82);

insert into ALIMENT_COMPOSANT (ALIMENT_ID, COMPOSANT_ID) values (153, 55);

insert into ALIMENT_COMPOSANT (ALIMENT_ID, COMPOSANT_ID) values (81, 64);

insert into ALIMENT_COMPOSANT (ALIMENT_ID, COMPOSANT_ID) values (148, 131);

insert into ALIMENT_COMPOSANT (ALIMENT_ID, COMPOSANT_ID) values (9, 11);

insert into ALIMENT_COMPOSANT (ALIMENT_ID, COMPOSANT_ID) values (110, 168);

insert into ALIMENT_COMPOSANT (ALIMENT_ID, COMPOSANT_ID) values (13, 81);

insert into ALIMENT_COMPOSANT (ALIMENT_ID, COMPOSANT_ID) values (115, 31);

insert into ALIMENT_COMPOSANT (ALIMENT_ID, COMPOSANT_ID) values (30, 153);

insert into ALIMENT_COMPOSANT (ALIMENT_ID, COMPOSANT_ID) values (173, 122);

insert into ALIMENT_COMPOSANT (ALIMENT_ID, COMPOSANT_ID) values (42, 119);

insert into ALIMENT_COMPOSANT (ALIMENT_ID, COMPOSANT_ID) values (132, 178);

insert into ALIMENT_COMPOSANT (ALIMENT_ID, COMPOSANT_ID) values (86, 181);

insert into ALIMENT_COMPOSANT (ALIMENT_ID, COMPOSANT_ID) values (197, 6);

insert into ALIMENT_COMPOSANT (ALIMENT_ID, COMPOSANT_ID) values (74, 89);

insert into ALIMENT_COMPOSANT (ALIMENT_ID, COMPOSANT_ID) values (161, 140);

insert into ALIMENT_COMPOSANT (ALIMENT_ID, COMPOSANT_ID) values (152, 184);

insert into ALIMENT_COMPOSANT (ALIMENT_ID, COMPOSANT_ID) values (138, 59);

insert into ALIMENT_COMPOSANT (ALIMENT_ID, COMPOSANT_ID) values (175, 19);

insert into ALIMENT_COMPOSANT (ALIMENT_ID, COMPOSANT_ID) values (198, 18);

insert into ALIMENT_COMPOSANT (ALIMENT_ID, COMPOSANT_ID) values (55, 37);

insert into ALIMENT_COMPOSANT (ALIMENT_ID, COMPOSANT_ID) values (157, 43);

insert into ALIMENT_COMPOSANT (ALIMENT_ID, COMPOSANT_ID) values (38, 151);

insert into ALIMENT_COMPOSANT (ALIMENT_ID, COMPOSANT_ID) values (11, 36);

insert into ALIMENT_COMPOSANT (ALIMENT_ID, COMPOSANT_ID) values (52, 175);

insert into ALIMENT_COMPOSANT (ALIMENT_ID, COMPOSANT_ID) values (109, 30);

insert into ALIMENT_COMPOSANT (ALIMENT_ID, COMPOSANT_ID) values (199, 13);

insert into ALIMENT_COMPOSANT (ALIMENT_ID, COMPOSANT_ID) values (144, 35);

insert into ALIMENT_COMPOSANT (ALIMENT_ID, COMPOSANT_ID) values (56, 150);

insert into ALIMENT_COMPOSANT (ALIMENT_ID, COMPOSANT_ID) values (196, 26);

insert into ALIMENT_COMPOSANT (ALIMENT_ID, COMPOSANT_ID) values (48, 102);

insert into ALIMENT_COMPOSANT (ALIMENT_ID, COMPOSANT_ID) values (145, 107);

insert into ALIMENT_COMPOSANT (ALIMENT_ID, COMPOSANT_ID) values (23, 22);

insert into ALIMENT_COMPOSANT (ALIMENT_ID, COMPOSANT_ID) values (124, 123);

insert into ALIMENT_COMPOSANT (ALIMENT_ID, COMPOSANT_ID) values (72, 172);

insert into ALIMENT_COMPOSANT (ALIMENT_ID, COMPOSANT_ID) values (141, 103);

insert into ALIMENT_COMPOSANT (ALIMENT_ID, COMPOSANT_ID) values (90, 92);

insert into ALIMENT_COMPOSANT (ALIMENT_ID, COMPOSANT_ID) values (174, 143);

insert into ALIMENT_COMPOSANT (ALIMENT_ID, COMPOSANT_ID) values (154, 195);

insert into ALIMENT_COMPOSANT (ALIMENT_ID, COMPOSANT_ID) values (135, 45);

insert into ALIMENT_COMPOSANT (ALIMENT_ID, COMPOSANT_ID) values (75, 174);

insert into ALIMENT_COMPOSANT (ALIMENT_ID, COMPOSANT_ID) values (114, 159);

insert into ALIMENT_COMPOSANT (ALIMENT_ID, COMPOSANT_ID) values (113, 136);

insert into ALIMENT_COMPOSANT (ALIMENT_ID, COMPOSANT_ID) values (4, 44);

insert into ALIMENT_COMPOSANT (ALIMENT_ID, COMPOSANT_ID) values (50, 180);

insert into ALIMENT_COMPOSANT (ALIMENT_ID, COMPOSANT_ID) values (2, 160);

insert into ALIMENT_COMPOSANT (ALIMENT_ID, COMPOSANT_ID) values (128, 33);

insert into ALIMENT_COMPOSANT (ALIMENT_ID, COMPOSANT_ID) values (37, 166);

insert into ALIMENT_COMPOSANT (ALIMENT_ID, COMPOSANT_ID) values (117, 83);

insert into ALIMENT_COMPOSANT (ALIMENT_ID, COMPOSANT_ID) values (77, 47);

insert into ALIMENT_COMPOSANT (ALIMENT_ID, COMPOSANT_ID) values (22, 1);

insert into ALIMENT_COMPOSANT (ALIMENT_ID, COMPOSANT_ID) values (68, 135);

insert into ALIMENT_COMPOSANT (ALIMENT_ID, COMPOSANT_ID) values (102, 70);

insert into ALIMENT_COMPOSANT (ALIMENT_ID, COMPOSANT_ID) values (183, 179);

insert into ALIMENT_COMPOSANT (ALIMENT_ID, COMPOSANT_ID) values (178, 32);

insert into ALIMENT_COMPOSANT (ALIMENT_ID, COMPOSANT_ID) values (177, 77);

insert into ALIMENT_COMPOSANT (ALIMENT_ID, COMPOSANT_ID) values (165, 76);

insert into ALIMENT_COMPOSANT (ALIMENT_ID, COMPOSANT_ID) values (181, 54);

insert into ALIMENT_COMPOSANT (ALIMENT_ID, COMPOSANT_ID) values (123, 171);

insert into ALIMENT_COMPOSANT (ALIMENT_ID, COMPOSANT_ID) values (73, 61);

insert into ALIMENT_COMPOSANT (ALIMENT_ID, COMPOSANT_ID) values (10, 162);

insert into ALIMENT_COMPOSANT (ALIMENT_ID, COMPOSANT_ID) values (39, 105);

insert into ALIMENT_COMPOSANT (ALIMENT_ID, COMPOSANT_ID) values (167, 48);

insert into ALIMENT_COMPOSANT (ALIMENT_ID, COMPOSANT_ID) values (15, 71);

insert into ALIMENT_COMPOSANT (ALIMENT_ID, COMPOSANT_ID) values (94, 14);

insert into ALIMENT_COMPOSANT (ALIMENT_ID, COMPOSANT_ID) values (17, 141);

insert into ALIMENT_COMPOSANT (ALIMENT_ID, COMPOSANT_ID) values (107, 165);

insert into ALIMENT_COMPOSANT (ALIMENT_ID, COMPOSANT_ID) values (121, 139);

insert into ALIMENT_COMPOSANT (ALIMENT_ID, COMPOSANT_ID) values (24, 66);

insert into ALIMENT_COMPOSANT (ALIMENT_ID, COMPOSANT_ID) values (194, 95);

insert into ALIMENT_COMPOSANT (ALIMENT_ID, COMPOSANT_ID) values (87, 60);

insert into ALIMENT_COMPOSANT (ALIMENT_ID, COMPOSANT_ID) values (192, 185);

insert into ALIMENT_COMPOSANT (ALIMENT_ID, COMPOSANT_ID) values (57, 98);

insert into ALIMENT_COMPOSANT (ALIMENT_ID, COMPOSANT_ID) values (35, 108);

insert into ALIMENT_COMPOSANT (ALIMENT_ID, COMPOSANT_ID) values (51, 182);

insert into ALIMENT_COMPOSANT (ALIMENT_ID, COMPOSANT_ID) values (147, 176);

insert into ALIMENT_COMPOSANT (ALIMENT_ID, COMPOSANT_ID) values (176, 114);

insert into ALIMENT_COMPOSANT (ALIMENT_ID, COMPOSANT_ID) values (118, 51);

insert into ALIMENT_COMPOSANT (ALIMENT_ID, COMPOSANT_ID) values (187, 183);

insert into ALIMENT_COMPOSANT (ALIMENT_ID, COMPOSANT_ID) values (160, 10);

insert into ALIMENT_COMPOSANT (ALIMENT_ID, COMPOSANT_ID) values (139, 167);

insert into ALIMENT_COMPOSANT (ALIMENT_ID, COMPOSANT_ID) values (92, 116);

insert into ALIMENT_COMPOSANT (ALIMENT_ID, COMPOSANT_ID) values (119, 2);

insert into ALIMENT_COMPOSANT (ALIMENT_ID, COMPOSANT_ID) values (16, 149);

insert into ALIMENT_COMPOSANT (ALIMENT_ID, COMPOSANT_ID) values (146, 106);

insert into ALIMENT_COMPOSANT (ALIMENT_ID, COMPOSANT_ID) values (159, 196);

insert into ALIMENT_COMPOSANT (ALIMENT_ID, COMPOSANT_ID) values (49, 133);

insert into ALIMENT_COMPOSANT (ALIMENT_ID, COMPOSANT_ID) values (151, 144);

insert into ALIMENT_COMPOSANT (ALIMENT_ID, COMPOSANT_ID) values (62, 191);

insert into ALIMENT_COMPOSANT (ALIMENT_ID, COMPOSANT_ID) values (63, 111);

insert into ALIMENT_COMPOSANT (ALIMENT_ID, COMPOSANT_ID) values (133, 147);

insert into ALIMENT_COMPOSANT (ALIMENT_ID, COMPOSANT_ID) values (108, 72);

insert into ALIMENT_COMPOSANT (ALIMENT_ID, COMPOSANT_ID) values (95, 128);

insert into ALIMENT_COMPOSANT (ALIMENT_ID, COMPOSANT_ID) values (130, 137);

insert into ALIMENT_COMPOSANT (ALIMENT_ID, COMPOSANT_ID) values (88, 118);

insert into ALIMENT_COMPOSANT (ALIMENT_ID, COMPOSANT_ID) values (99, 5);

insert into ALIMENT_COMPOSANT (ALIMENT_ID, COMPOSANT_ID) values (84, 46);

insert into ALIMENT_COMPOSANT (ALIMENT_ID, COMPOSANT_ID) values (163, 186);

insert into ALIMENT_COMPOSANT (ALIMENT_ID, COMPOSANT_ID) values (190, 145);

insert into ALIMENT_COMPOSANT (ALIMENT_ID, COMPOSANT_ID) values (71, 170);

insert into ALIMENT_COMPOSANT (ALIMENT_ID, COMPOSANT_ID) values (31, 65);

insert into ALIMENT_COMPOSANT (ALIMENT_ID, COMPOSANT_ID) values (85, 163);

insert into ALIMENT_COMPOSANT (ALIMENT_ID, COMPOSANT_ID) values (137, 96);

insert into ALIMENT_COMPOSANT (ALIMENT_ID, COMPOSANT_ID) values (61, 154);

insert into ALIMENT_COMPOSANT (ALIMENT_ID, COMPOSANT_ID) values (67, 190);

insert into ALIMENT_COMPOSANT (ALIMENT_ID, COMPOSANT_ID) values (32, 8);

insert into ALIMENT_COMPOSANT (ALIMENT_ID, COMPOSANT_ID) values (44, 187);

insert into ALIMENT_COMPOSANT (ALIMENT_ID, COMPOSANT_ID) values (7, 125);

insert into ALIMENT_COMPOSANT (ALIMENT_ID, COMPOSANT_ID) values (100, 155);

insert into ALIMENT_COMPOSANT (ALIMENT_ID, COMPOSANT_ID) values (127, 127);

